id,predicted_class,predicted_group,expected_group,consistent
TEST_00000,디_올뉴니로_2022_2025,기아,기아,True
TEST_00001,체로키_KL_2019_2023,미국,미국,True
TEST_00002,X5_G05_2024_2025,BMW,BMW,True
TEST_00003,뉴_A6_2015_2018,기타 독일차,기타 독일차,True
TEST_00004,6시리즈_F12_2011_2018,BMW,BMW,True
TEST_00005,S90_2021_2025,유럽 프리미엄,유럽 프리미엄,True
TEST_00006,YF쏘나타_2009_2012,현대,현대,True
TEST_00007,트랙스_2013_2016,미국,미국,True
TEST_00008,베리_뉴_티볼리_2020_2023,기타,기타,True
TEST_00009,뉴_G80_2025_2026,제네시스,제네시스,True
TEST_00010,머스탱_2015_2023,미국,미국,True
TEST_00011,마칸_2019_2021,기타 독일차,기타 독일차,True
TEST_00012,X6_G06_2020_2023,BMW,BMW,True
TEST_00013,XC90_2세대_2020_2025,유럽 프리미엄,유럽 프리미엄,True
TEST_00014,그랜저_IG_2017_2019,현대,현대,True
TEST_00015,프리우스_C_2018_2020,일본/프랑스,일본/프랑스,True
TEST_00016,더_뉴_QM6_2020_2023,일본/프랑스,일본/프랑스,True
TEST_00017,더_뉴_기아_레이_2022_2025,기아,기아,True
TEST_00018,QX60_2016_2018,일본/프랑스,일본/프랑스,True
TEST_00019,트래버스_2020_2023,미국,미국,True
TEST_00020,SM7_뉴아트_2008_2011,일본/프랑스,일본/프랑스,True
TEST_00021,에스컬레이드_2015_2020,미국,미국,True
TEST_00022,쿠퍼_컨트리맨_2016_2024,기타 독일차,기타 독일차,True
TEST_00023,더_뉴_트랙스_2017_2022,미국,미국,True
TEST_00024,7시리즈_G70_2023_2025,BMW,BMW,True
TEST_00025,A6_C8_2019_2025,기타 독일차,기타 독일차,True
TEST_00026,카이엔_PO536_2019_2023,기타 독일차,기타 독일차,True
TEST_00027,M2_F87_2016_2021,BMW,BMW,True
TEST_00028,X5_F15_2014_2018,BMW,BMW,True
TEST_00029,더_뉴_K5_하이브리드_3세대_2023_2025,기아,기아,True
TEST_00030,올_뉴_렉스턴_2021_2025,기타,기타,True
TEST_00031,S90_2021_2025,유럽 프리미엄,유럽 프리미엄,True
TEST_00032,익스플로러_6세대_2020_2025,미국,미국,True
TEST_00033,뷰티풀_코란도_2019_2024,기타,기타,True
TEST_00034,디_올_뉴_니로_2022_2025,기아,기아,True
TEST_00035,아이오닉_하이브리드_2016_2019,현대,현대,True
TEST_00036,C_클래스_W205_2015_2021,벤츠,벤츠,True
TEST_00037,쿠퍼_클럽맨_2016_2024,기타 독일차,기타 독일차,True
TEST_00038,2시리즈_그란쿠페_F44_2020_2024,BMW,BMW,True
TEST_00039,디_올_뉴_니로_2022_2025,기아,기아,True
TEST_00040,아이오닉5_2022_2023,현대,현대,True
TEST_00041,8시리즈_G15_2020_2024,BMW,BMW,True
TEST_00042,스포티지_4세대_2016_2018,기아,기아,True
TEST_00043,에스컬레이드_2015_2020,미국,미국,True
TEST_00044,그랜저_GN7_2023_2025,현대,현대,True
TEST_00045,아반떼_AD_2016_2018,현대,현대,True
TEST_00046,6시리즈_GT_G32_2021_2024,BMW,BMW,True
TEST_00047,마칸_2022_2024,기타 독일차,기타 독일차,True
TEST_00048,더_뉴스포티지R_2014_2016,기아,기아,True
TEST_00049,XM3_2024,일본/프랑스,일본/프랑스,True
TEST_00050,티볼리_아머_2018_2019,기타,기타,True
TEST_00051,디_올뉴니로EV_2023_2024,기아,기아,True
TEST_00052,모델_3_2024_2025,미국,미국,True
TEST_00053,트래버스_2020_2023,미국,미국,True
TEST_00054,뉴_A6_2015_2018,기타 독일차,기타 독일차,True
TEST_00055,K5_하이브리드_3세대_2020_2023,기아,기아,True
TEST_00056,뉴_SM5_플래티넘_2013_2014,일본/프랑스,일본/프랑스,True
TEST_00057,어코드_10세대_2018_2022,일본/프랑스,일본/프랑스,True
TEST_00058,티볼리_에어_2021_2022,기타,기타,True
TEST_00059,프리우스_4세대_2019_2022,일본/프랑스,일본/프랑스,True
TEST_00060,E_클래스_W214_2024_2025,벤츠,벤츠,True
TEST_00061,팰리세이드_2019_2022,현대,현대,True
TEST_00062,i30_PD_2017_2018,현대,현대,True
TEST_00063,G_클래스_W463_2009_2017,벤츠,벤츠,True
TEST_00064,E_클래스_W214_2024_2025,벤츠,벤츠,True
TEST_00065,X4_G02_2019_2021,BMW,BMW,True
TEST_00066,더_뉴_투싼_NX4_2023_2025,현대,현대,True
TEST_00067,EQ900_2016_2018,제네시스,제네시스,True
TEST_00068,A_클래스_W177_2020_2025,벤츠,벤츠,True
TEST_00069,레인지로버_스포츠_2세대_2018_2022,유럽 프리미엄,유럽 프리미엄,True
TEST_00070,컨티넨탈_GT_2세대_2012_2017,유럽 프리미엄,유럽 프리미엄,True
TEST_00071,레인지로버_이보크_2016_2019,유럽 프리미엄,유럽 프리미엄,True
TEST_00072,일렉트리파이드_GV70_2022_2024,제네시스,제네시스,True
TEST_00073,디_올뉴그랜저_2023_2025,현대,현대,True
TEST_00074,올_뉴_모닝_2012_2015,기아,기아,True
TEST_00075,콰트로포르테_2017_2022,유럽 프리미엄,유럽 프리미엄,True
TEST_00076,더_뉴_아이오닉_하이브리드_2020,현대,현대,True
TEST_00077,B_클래스_W246_2013_2018,벤츠,벤츠,True
TEST_00078,더_뉴_K5_하이브리드_3세대_2023_2025,기아,기아,True
TEST_00079,S90_2021_2025,유럽 프리미엄,유럽 프리미엄,True
TEST_00080,벨로스터_JS_2018_2020,현대,현대,True
TEST_00081,RAV4_5세대_2019_2024,일본/프랑스,일본/프랑스,True
TEST_00082,GV80_2024_2025,제네시스,제네시스,True
TEST_00083,UX250h_2019_2024,일본/프랑스,일본/프랑스,True
TEST_00084,더_뉴_모닝_JA_2024_2025,기아,기아,True
TEST_00085,i4_2022_2024,BMW,BMW,True
TEST_00086,1시리즈_F20_2016_2019,BMW,BMW,True
TEST_00087,팰리세이드_2019_2022,현대,현대,True
TEST_00088,A5_F5_2019_2024,기타 독일차,기타 독일차,True
TEST_00089,Q7_4M_2016_2019,기타 독일차,기타 독일차,True
TEST_00090,i30_PD_2017_2018,현대,현대,True
TEST_00091,그랜드카니발_2006_2010,기아,기아,True
TEST_00092,아반떼_N_2022_2023,현대,현대,True
TEST_00093,G80_2017_2020,제네시스,제네시스,True
TEST_00094,뉴_제타_2011_2016,기타 독일차,기타 독일차,True
TEST_00095,New_XF_2012_2015,유럽 프리미엄,유럽 프리미엄,True
TEST_00096,기블리_2014_2023,유럽 프리미엄,유럽 프리미엄,True
TEST_00097,모하비_더_마스터_2020_2024,기아,기아,True
TEST_00098,엑센트_신형_2011_2019,현대,현대,True
TEST_00099,3시리즈_GT_F34_2014_2021,BMW,BMW,True
TEST_00100,레니게이드_2015_2017,미국,미국,True
TEST_00101,AMG_GT_2016_2024,벤츠,벤츠,True
TEST_00102,레니게이드_2019_2023,미국,미국,True
TEST_00103,더_뉴_코란도_스포츠_2016_2018,기타,기타,True
TEST_00104,G90_RS4_2022_2025,제네시스,제네시스,True
TEST_00105,QX60_2016_2018,일본/프랑스,일본/프랑스,True
TEST_00106,더_뉴_파사트_2012_2019,기타 독일차,기타 독일차,True
TEST_00107,B_클래스_W246_2013_2018,벤츠,벤츠,True
TEST_00108,올_뉴_투싼_TL_2016_2018,현대,현대,True
TEST_00109,파일럿_3세대_2016_2018,일본/프랑스,일본/프랑스,True
TEST_00110,X1_U11_2023_2024,BMW,BMW,True
TEST_00111,디_올뉴니로_2022_2025,기아,기아,True
TEST_00112,더_넥스트_스파크_2016_2018,미국,미국,True
TEST_00113,그랜드카니발_2006_2010,벤츠,기아,False
TEST_00114,M2_F87_2016_2021,BMW,BMW,True
TEST_00115,프리우스_4세대_2019_2022,일본/프랑스,일본/프랑스,True
TEST_00116,모하비_더_마스터_2020_2024,기아,기아,True
TEST_00117,르반떼_2017_2022,유럽 프리미엄,유럽 프리미엄,True
TEST_00118,르반떼_2017_2022,유럽 프리미엄,유럽 프리미엄,True
TEST_00119,카니발_4세대_2022_2023,기아,기아,True
TEST_00120,5008_2세대_2021_2024,기타,기타,True
TEST_00121,더_뉴_K3_2016_2018,기아,기아,True
TEST_00122,레인지로버_벨라_2018_2019,유럽 프리미엄,유럽 프리미엄,True
TEST_00123,더_뉴_SM6_2021_2024,일본/프랑스,일본/프랑스,True
TEST_00124,아이오닉5_2022_2023,현대,현대,True
TEST_00125,3시리즈_F30_2013_2018,BMW,BMW,True
TEST_00126,올란도_2012_2018,미국,미국,True
TEST_00127,뉴_카이엔_2011_2018,기타 독일차,기타 독일차,True
TEST_00128,캠리_XV70_2018_2024,일본/프랑스,일본/프랑스,True
TEST_00129,레니게이드_2015_2017,미국,미국,True
TEST_00130,3시리즈_F30_2013_2018,BMW,BMW,True
TEST_00131,더_뉴_아반떼_AD_2019_2020,현대,현대,True
TEST_00132,C_클래스_W205_2015_2021,벤츠,벤츠,True
TEST_00133,G_클래스_W463_2009_2017,벤츠,벤츠,True
TEST_00134,디_올_뉴_니로_2022_2025,기아,기아,True
TEST_00135,7시리즈_F01_2009_2015,BMW,BMW,True
TEST_00136,더_뉴_K3_2016_2018,기아,기아,True
TEST_00137,QX60_2016_2018,일본/프랑스,일본/프랑스,True
TEST_00138,i4_2022_2024,BMW,BMW,True
TEST_00139,그랑_콜레오스_2025,일본/프랑스,일본/프랑스,True
TEST_00140,더_K9_2019_2021,기아,기아,True
TEST_00141,더_뉴_코란도_스포츠_2016_2018,기타,기타,True
TEST_00142,더_뉴_그랜드_스타렉스_2018_2021,현대,현대,True
TEST_00143,V60_크로스컨트리_2세대_2020_2025,유럽 프리미엄,유럽 프리미엄,True
TEST_00144,6시리즈_F12_2011_2018,BMW,BMW,True
TEST_00145,마칸_2022_2024,기타 독일차,기타 독일차,True
TEST_00146,더_뉴_기아_레이_2022_2025,기아,기아,True
TEST_00147,G70_2018_2020,제네시스,제네시스,True
TEST_00148,익스플로러_2018_2019,미국,미국,True
TEST_00149,7시리즈_F01_2009_2015,BMW,BMW,True
TEST_00150,아이오닉6_2023_2025,현대,현대,True
TEST_00151,쿠퍼_컨버터블_2016_2024,기타 독일차,기타 독일차,True
TEST_00152,쏘나타_디_엣지_DN8_2024_2025,현대,현대,True
TEST_00153,Z4_G29_2019_2025,BMW,BMW,True
TEST_00154,G_클래스_W463b_2019_2025,벤츠,벤츠,True
TEST_00155,엑센트_신형_2011_2019,현대,현대,True
TEST_00156,Z4_G29_2019_2025,BMW,BMW,True
TEST_00157,콰트로포르테_2017_2022,유럽 프리미엄,유럽 프리미엄,True
TEST_00158,뉴_ES300h_2016_2018,일본/프랑스,일본/프랑스,True
TEST_00159,스팅어_마이스터_2021_2023,기아,기아,True
TEST_00160,4시리즈_G22_2021_2023,BMW,BMW,True
TEST_00161,마칸_2022_2024,기타 독일차,기타 독일차,True
TEST_00162,X3_G01_2022_2024,BMW,BMW,True
TEST_00163,G70_2018_2020,제네시스,제네시스,True
TEST_00164,4시리즈_G22_2024_2025,BMW,BMW,True
TEST_00165,디스커버리_스포츠_2015_2019,유럽 프리미엄,유럽 프리미엄,True
TEST_00166,아반떼_N_2022_2023,현대,현대,True
TEST_00167,더_뉴_카니발_2019_2020,기아,기아,True
TEST_00168,더_뉴_쏘렌토_2018_2020,기아,기아,True
TEST_00169,CLS_클래스_W218_2012_2017,벤츠,벤츠,True
TEST_00170,트레일블레이저_2023,미국,미국,True
TEST_00171,컨티넨탈_GT_3세대_2018_2023,유럽 프리미엄,유럽 프리미엄,True
TEST_00172,V90_크로스컨트리_2018_2024,유럽 프리미엄,유럽 프리미엄,True
TEST_00173,LF_쏘나타_2015_2017,현대,현대,True
TEST_00174,G_클래스_W463_2009_2017,벤츠,벤츠,True
TEST_00175,더_K9_2019_2021,기아,기아,True
TEST_00176,XC90_2세대_2017_2019,유럽 프리미엄,유럽 프리미엄,True
TEST_00177,뉴_SM5_플래티넘_2013_2014,일본/프랑스,일본/프랑스,True
TEST_00178,박스터_718_2017_2024,기타 독일차,기타 독일차,True
TEST_00179,i4_2022_2024,BMW,BMW,True
TEST_00180,A6_C8_2019_2025,기타 독일차,기타 독일차,True
TEST_00181,V40_2015_2018,유럽 프리미엄,유럽 프리미엄,True
TEST_00182,더_뉴_아반떼_CN7_2023_2025,현대,현대,True
TEST_00183,아이오닉5_2022_2023,현대,현대,True
TEST_00184,모닝_어반_JA_2021_2023,기아,기아,True
TEST_00185,Q30_2017_2019,일본/프랑스,일본/프랑스,True
TEST_00186,YF쏘나타_2009_2012,현대,현대,True
TEST_00187,더_뉴_그랜저_IG_2020_2023,현대,현대,True
TEST_00188,718_박스터_2017_2024,기타 독일차,기타 독일차,True
TEST_00189,All_New_XJ_2016_2019,유럽 프리미엄,유럽 프리미엄,True
TEST_00190,제네시스_DH_2014_2016,제네시스,제네시스,True
TEST_00191,E_클래스_W214_2024_2025,벤츠,벤츠,True
TEST_00192,박스터_718_2017_2024,기타 독일차,기타 독일차,True
TEST_00193,뷰티풀_코란도_2019_2024,기타,기타,True
TEST_00194,5008_2세대_2018_2019,기타,기타,True
TEST_00195,티볼리_아머_2018_2019,기타,기타,True
TEST_00196,렉스턴_스포츠_2018_2021,기타,기타,True
TEST_00197,쿠퍼_클럽맨_2016_2024,기타 독일차,기타 독일차,True
TEST_00198,마칸_2022_2024,기타 독일차,기타 독일차,True
TEST_00199,5시리즈_GT_F07_2010_2017,BMW,BMW,True
TEST_00200,ES300h_7세대_2019_2026,일본/프랑스,일본/프랑스,True
TEST_00201,B_클래스_W246_2013_2018,벤츠,벤츠,True
TEST_00202,스포티지_5세대_2022_2024,기아,기아,True
TEST_00203,GLA_클래스_X156_2015_2019,벤츠,벤츠,True
TEST_00204,올_뉴_렉스턴_2021_2025,기타,기타,True
TEST_00205,SM6_2016_2020,일본/프랑스,일본/프랑스,True
TEST_00206,CLS_클래스_C257_2019_2023,벤츠,벤츠,True
TEST_00207,스토닉_2018_2020,기아,기아,True
TEST_00208,컨티넨탈_10세대_2017_2019,미국,미국,True
TEST_00209,718_카이맨_2017_2024,기타 독일차,기타 독일차,True
TEST_00210,Q50_2014_2017,일본/프랑스,일본/프랑스,True
TEST_00211,뉴_카이엔_2011_2018,기타 독일차,기타 독일차,True
TEST_00212,익스플로러_6세대_2020_2025,미국,미국,True
TEST_00213,CLA_클래스_C118_2020_2025,벤츠,벤츠,True
TEST_00214,올_뉴_모닝_2012_2015,기아,기아,True
TEST_00215,쏘나타_DN8_2020_2023,현대,현대,True
TEST_00216,모닝_어반_JA_2021_2023,기아,기아,True
TEST_00217,더_뉴_투싼_NX4_2023_2025,현대,현대,True
TEST_00218,더_뉴_파사트_2012_2019,기타 독일차,기타 독일차,True
TEST_00219,X1_U11_2023_2024,BMW,BMW,True
TEST_00220,Q7_4M_2020_2023,기타 독일차,기타 독일차,True
TEST_00221,그랜드_체로키_WL_2021_2023,미국,미국,True
TEST_00222,더_뉴_K3_2세대_2022_2024,기아,기아,True
TEST_00223,익스플로러_2018_2019,미국,미국,True
TEST_00224,머스탱_2015_2023,미국,미국,True
TEST_00225,911_992_2020_2024,기타 독일차,기타 독일차,True
TEST_00226,GLB_클래스_X247_2020_2023,벤츠,벤츠,True
TEST_00227,컴패스_2세대_2018_2022,미국,미국,True
TEST_00228,올_뉴_K7_하이브리드_2017_2019,기아,기아,True
TEST_00229,아이오닉_하이브리드_2016_2019,현대,현대,True
TEST_00230,리얼_뉴_콜로라도_2021_2022,미국,미국,True
TEST_00231,글래디에이터_JT_2020_2023,미국,미국,True
TEST_00232,디_올뉴니로EV_2023_2024,기아,기아,True
TEST_00233,랭글러_JL_2018_2024,미국,미국,True
TEST_00234,X5_G05_2024_2025,BMW,BMW,True
TEST_00235,뉴_MKZ_2017_2020,미국,미국,True
TEST_00236,1시리즈_F20_2013_2015,BMW,BMW,True
TEST_00237,S_클래스_W223_2021_2025,현대,벤츠,False
TEST_00238,K3_2013_2015,기아,기아,True
TEST_00239,제네시스_DH_2014_2016,제네시스,제네시스,True
TEST_00240,K8_하이브리드_2022_2024,기아,기아,True
TEST_00241,뉴_GV80_2024_2025,제네시스,제네시스,True
TEST_00242,더_뉴_스파크_2019_2022,미국,미국,True
TEST_00243,EV6_2022_2024,기아,기아,True
TEST_00244,X1_F48_2016_2019,BMW,BMW,True
TEST_00245,트레일블레이저_2021_2022,미국,미국,True
TEST_00246,콰트로포르테_2014_2016,유럽 프리미엄,유럽 프리미엄,True
TEST_00247,그랜드_스타렉스_2016_2018,현대,현대,True
TEST_00248,스포티지_4세대_2016_2018,기아,기아,True
TEST_00249,더_뉴_K3_2016_2018,기아,기아,True
TEST_00250,베뉴_2020_2024,현대,현대,True
TEST_00251,5시리즈_F10_2010_2016,BMW,BMW,True
TEST_00252,그랜드카니발_2006_2010,기타 독일차,기아,False
TEST_00253,아이오닉6_2023_2025,현대,현대,True
TEST_00254,X4_G02_2019_2021,BMW,BMW,True
TEST_00255,GLS_클래스_X166_2017_2019,벤츠,벤츠,True
TEST_00256,K5_2세대_2016_2018,기아,기아,True
TEST_00257,7시리즈_G11_2016_2018,BMW,BMW,True
TEST_00258,S60_3세대_2020_2024,유럽 프리미엄,유럽 프리미엄,True
TEST_00259,XC90_2세대_2017_2019,유럽 프리미엄,유럽 프리미엄,True
TEST_00260,기블리_2014_2023,유럽 프리미엄,유럽 프리미엄,True
TEST_00261,디_올뉴니로_2022_2025,기아,기아,True
TEST_00262,GLC_클래스_X254_2023_2025,벤츠,벤츠,True
TEST_00263,디스커버리_5_2022_2024,유럽 프리미엄,유럽 프리미엄,True
TEST_00264,더_뉴_파사트_2012_2019,기타 독일차,기타 독일차,True
TEST_00265,CLA_클래스_C118_2020_2025,벤츠,벤츠,True
TEST_00266,그랜저_HG_2015_2017,현대,현대,True
TEST_00267,레니게이드_2019_2023,미국,미국,True
TEST_00268,YF쏘나타_하이브리드_2011_2015,현대,현대,True
TEST_00269,니로_2017_2019,기아,기아,True
TEST_00270,S90_2017_2020,유럽 프리미엄,유럽 프리미엄,True
TEST_00271,V60_크로스컨트리_2세대_2020_2025,유럽 프리미엄,유럽 프리미엄,True
TEST_00272,911_992_2020_2024,기타 독일차,기타 독일차,True
TEST_00273,더_뉴_아반떼_2014_2016,현대,현대,True
TEST_00274,팰리세이드_2019_2022,현대,현대,True
TEST_00275,뉴_A6_2012_2014,기타 독일차,기타 독일차,True
TEST_00276,프리우스_4세대_2019_2022,일본/프랑스,일본/프랑스,True
TEST_00277,A4_B9_2020_2024,기타 독일차,기타 독일차,True
TEST_00278,G80_RG3_2025,제네시스,제네시스,True
TEST_00279,올_뉴_카마로_2017_2018,미국,미국,True
TEST_00280,X1_U11_2023_2024,BMW,BMW,True
TEST_00281,쿠퍼_컨트리맨_2012_2015,기타 독일차,기타 독일차,True
TEST_00282,7시리즈_G70_2023_2025,BMW,BMW,True
TEST_00283,더_뉴_코나_2021_2023,현대,현대,True
TEST_00284,더_뉴_K9_2세대_2022_2025,기아,기아,True
TEST_00285,GLA_클래스_X156_2015_2019,벤츠,벤츠,True
TEST_00286,A7_2012_2016,기타 독일차,기타 독일차,True
TEST_00287,UX250h_2019_2024,일본/프랑스,일본/프랑스,True
TEST_00288,레인지로버_이보크_2016_2019,유럽 프리미엄,유럽 프리미엄,True
TEST_00289,S60_3세대_2020_2024,유럽 프리미엄,유럽 프리미엄,True
TEST_00290,QM3_2014_2017,일본/프랑스,일본/프랑스,True
TEST_00291,아테온_2018_2023,기타 독일차,기타 독일차,True
TEST_00292,뉴_A6_2012_2014,기타 독일차,기타 독일차,True
TEST_00293,X7_G07_2023_2025,BMW,BMW,True
TEST_00294,올_뉴_모닝_JA_2017_2020,기아,기아,True
TEST_00295,LF_쏘나타_2015_2017,현대,현대,True
TEST_00296,CLE_클래스_C236_2024_2025,벤츠,벤츠,True
TEST_00297,시에나_4세대_2021_2024,일본/프랑스,일본/프랑스,True
TEST_00298,XC40_2019_2022,유럽 프리미엄,유럽 프리미엄,True
TEST_00299,뉴_G80_2025_2026,제네시스,제네시스,True
TEST_00300,A4_B9_2016_2019,기타 독일차,기타 독일차,True
TEST_00301,카이엔_PO536_2019_2023,기타 독일차,기타 독일차,True
TEST_00302,CLS_클래스_C257_2019_2023,벤츠,벤츠,True
TEST_00303,박스터_718_2017_2024,기타 독일차,기타 독일차,True
TEST_00304,G80_RG3_2025,제네시스,제네시스,True
TEST_00305,X6_G06_2020_2023,BMW,BMW,True
TEST_00306,올_뉴_모닝_2012_2015,기아,기아,True
TEST_00307,몬데오_4세대_2015_2020,제네시스,미국,False
TEST_00308,X4_F26_2015_2018,BMW,BMW,True
TEST_00309,X6_G06_2024_2025,BMW,BMW,True
TEST_00310,K8_2022_2024,기아,기아,True
TEST_00311,뉴_G80_2025_2026,제네시스,제네시스,True
TEST_00312,그랑_콜레오스_2025,일본/프랑스,일본/프랑스,True
TEST_00313,더_뉴_QM6_2020_2023,일본/프랑스,일본/프랑스,True
TEST_00314,벨로스터_JS_2018_2020,현대,현대,True
TEST_00315,뷰티풀_코란도_2019_2024,기타,기타,True
TEST_00316,투싼_NX4_2021_2023,현대,현대,True
TEST_00317,GLC_클래스_X253_2023,벤츠,벤츠,True
TEST_00318,더_뉴_싼타페_2021_2023,현대,현대,True
TEST_00319,i4_2022_2024,BMW,BMW,True
TEST_00320,CT6_2016_2018,미국,미국,True
TEST_00321,뉴쏘렌토_R_2013_2014,기아,기아,True
TEST_00322,SM5_노바_2015_2019,일본/프랑스,일본/프랑스,True
TEST_00323,모델_3_2019_2022,미국,미국,True
TEST_00324,스타리아_2022_2025,현대,현대,True
TEST_00325,6시리즈_GT_G32_2021_2024,BMW,BMW,True
TEST_00326,더_뉴_쏘렌토_2018_2020,기아,기아,True
TEST_00327,프리우스_4세대_2019_2022,일본/프랑스,일본/프랑스,True
TEST_00328,X2_F39_2018_2023,BMW,BMW,True
TEST_00329,i30_PD_2017_2018,현대,현대,True
TEST_00330,더_뉴_K9_2세대_2022_2025,기아,기아,True
TEST_00331,투싼_NX4_2021_2023,현대,현대,True
TEST_00332,쿠퍼_컨트리맨_2012_2015,기타 독일차,기타 독일차,True
TEST_00333,F_PACE_2017_2019,유럽 프리미엄,유럽 프리미엄,True
TEST_00334,더_뉴_아이오닉_하이브리드_2020,현대,현대,True
TEST_00335,K7_프리미어_하이브리드_2020_2021,기아,기아,True
TEST_00336,베리_뉴_티볼리_2020_2023,기타,기타,True
TEST_00337,레니게이드_2015_2017,미국,미국,True
TEST_00338,K7_프리미어_하이브리드_2020_2021,기아,기아,True
TEST_00339,더_뉴_니로_2020_2022,기아,기아,True
TEST_00340,컴패스_2세대_2018_2022,미국,미국,True
TEST_00341,뉴QM3_2018_2019,일본/프랑스,일본/프랑스,True
TEST_00342,코나_2018_2020,현대,현대,True
TEST_00343,르반떼_2017_2022,유럽 프리미엄,유럽 프리미엄,True
TEST_00344,디_올_뉴_니로_2022_2025,기아,기아,True
TEST_00345,에비에이터_2세대_2020_2025,미국,미국,True
TEST_00346,S_클래스_W223_2021_2025,벤츠,벤츠,True
TEST_00347,더_뉴_K3_2016_2018,기아,기아,True
TEST_00348,GLS_클래스_X167_2020_2024,벤츠,벤츠,True
TEST_00349,디_올뉴니로EV_2023_2024,기아,기아,True
TEST_00350,A4_B9_2020_2024,기타 독일차,기타 독일차,True
TEST_00351,스포티지_5세대_2022_2024,기아,기아,True
TEST_00352,3008_2세대_2018_2023,기타,기타,True
TEST_00353,더_뉴_쏘렌토_2018_2020,기아,기아,True
TEST_00354,G70_2018_2020,제네시스,제네시스,True
TEST_00355,XC60_2세대_2022_2025,유럽 프리미엄,유럽 프리미엄,True
TEST_00356,6시리즈_F12_2011_2018,BMW,BMW,True
TEST_00357,Q8_4M_2020_2025,기타 독일차,기타 독일차,True
TEST_00358,SM7_뉴아트_2008_2011,일본/프랑스,일본/프랑스,True
TEST_00359,쏘나타_디_엣지_DN8_2024_2025,현대,현대,True
TEST_00360,XE_2016_2019,유럽 프리미엄,유럽 프리미엄,True
TEST_00361,더_올뉴투싼_하이브리드_2021_2023,현대,현대,True
TEST_00362,레인지로버_4세대_2018_2022,유럽 프리미엄,유럽 프리미엄,True
TEST_00363,5008_2세대_2018_2019,기타,기타,True
TEST_00364,투싼_NX4_2021_2023,현대,현대,True
TEST_00365,아반떼_N_2022_2023,현대,현대,True
TEST_00366,코세어_2020_2022,미국,미국,True
TEST_00367,XM3_2024,일본/프랑스,일본/프랑스,True
TEST_00368,더_뉴_QM6_2020_2023,일본/프랑스,일본/프랑스,True
TEST_00369,EQ900_2016_2018,제네시스,제네시스,True
TEST_00370,더_뉴_쏘렌토_4세대_2024_2025,기아,기아,True
TEST_00371,K5_하이브리드_3세대_2020_2023,기아,기아,True
TEST_00372,더_K9_2019_2021,기아,기아,True
TEST_00373,카이엔_PO536_2019_2023,기타 독일차,기타 독일차,True
TEST_00374,뉴_A6_2015_2018,기타 독일차,기타 독일차,True
TEST_00375,5008_2세대_2018_2019,기타,기타,True
TEST_00376,뉴_GV80_2024_2025,제네시스,제네시스,True
TEST_00377,CLA_클래스_C117_2014_2019,벤츠,벤츠,True
TEST_00378,2008_2015_2017,기타,기타,True
TEST_00379,G80_RG3_2021_2023,제네시스,제네시스,True
TEST_00380,더_뉴_스파크_2019_2022,미국,미국,True
TEST_00381,파나메라_971_2017_2023,기타 독일차,기타 독일차,True
TEST_00382,어코드_10세대_2018_2022,일본/프랑스,일본/프랑스,True
TEST_00383,랭글러_JK_2009_2017,미국,미국,True
TEST_00384,GV80_2024_2025,제네시스,제네시스,True
TEST_00385,C_클래스_W204_2008_2015,벤츠,벤츠,True
TEST_00386,New_XF_2012_2015,유럽 프리미엄,유럽 프리미엄,True
TEST_00387,셀토스_2020_2023,기아,기아,True
TEST_00388,뉴_SM5_임프레션_2008_2010,일본/프랑스,일본/프랑스,True
TEST_00389,디_올뉴코나_2023_2025,현대,현대,True
TEST_00390,X5_G05_2019_2023,BMW,BMW,True
TEST_00391,더_뉴_아이오닉_하이브리드_2020,현대,현대,True
TEST_00392,콜로라도_2020_2020,미국,미국,True
TEST_00393,CLS_클래스_W218_2012_2017,벤츠,벤츠,True
TEST_00394,더_기아_레이_EV_2024_2025,기아,기아,True
TEST_00395,익스플로러_2016_2017,미국,미국,True
TEST_00396,Q50_2014_2017,일본/프랑스,일본/프랑스,True
TEST_00397,X4_G02_2019_2021,BMW,BMW,True
TEST_00398,더_뉴_모닝_JA_2024_2025,기아,기아,True
TEST_00399,MKC_2015_2018,미국,미국,True
TEST_00400,프리우스_C_2018_2020,일본/프랑스,일본/프랑스,True
TEST_00401,아반떼_하이브리드_CN7_2021_2023,현대,현대,True
TEST_00402,K8_2022_2024,기아,기아,True
TEST_00403,E_클래스_W213_2021_2023,벤츠,벤츠,True
TEST_00404,A7_4K_2020_2024,기타 독일차,기타 독일차,True
TEST_00405,그랜저_GN7_2023_2025,현대,현대,True
TEST_00406,3시리즈_F30_2013_2018,BMW,BMW,True
TEST_00407,718_박스터_2017_2024,기타 독일차,기타 독일차,True
TEST_00408,YF쏘나타_2009_2012,현대,현대,True
TEST_00409,CLS_클래스_W218_2012_2017,벤츠,벤츠,True
TEST_00410,더_뉴_SM6_2021_2024,일본/프랑스,일본/프랑스,True
TEST_00411,X1_F48_2016_2019,BMW,BMW,True
TEST_00412,i30_PD_2017_2018,현대,현대,True
TEST_00413,머스탱_2015_2023,미국,미국,True
TEST_00414,A_클래스_W176_2015_2018,벤츠,벤츠,True
TEST_00415,XC90_2세대_2020_2025,유럽 프리미엄,유럽 프리미엄,True
TEST_00416,뉴_MKZ_2017_2020,미국,미국,True
TEST_00417,F_PACE_2017_2019,유럽 프리미엄,유럽 프리미엄,True
TEST_00418,컨티넨탈_10세대_2017_2019,미국,미국,True
TEST_00419,더_넥스트_스파크_2016_2018,미국,미국,True
TEST_00420,코나_2018_2020,현대,현대,True
TEST_00421,에스컬레이드_5세대_2021_2024,미국,미국,True
TEST_00422,올_뉴_모닝_JA_2017_2020,기아,기아,True
TEST_00423,e_트론_2020_2023,기타 독일차,기타 독일차,True
TEST_00424,더_뉴_G70_2021_2025,제네시스,제네시스,True
TEST_00425,더_뉴_파사트_2012_2019,기타 독일차,기타 독일차,True
TEST_00426,XM3_2020_2023,일본/프랑스,일본/프랑스,True
TEST_00427,디_올뉴싼타페_2024_2025,현대,현대,True
TEST_00428,트랙스_크로스오버_2024_2025,미국,미국,True
TEST_00429,Q7_4M_2020_2023,기타 독일차,기타 독일차,True
TEST_00430,5시리즈_G30_2017_2023,BMW,BMW,True
TEST_00431,XC90_2세대_2017_2019,유럽 프리미엄,유럽 프리미엄,True
TEST_00432,G70_2018_2020,제네시스,제네시스,True
TEST_00433,레인지로버_이보크_2016_2019,유럽 프리미엄,유럽 프리미엄,True
TEST_00434,XC40_2019_2022,유럽 프리미엄,유럽 프리미엄,True
TEST_00435,스토닉_2018_2020,기아,기아,True
TEST_00436,팰리세이드_LX3_2025,현대,현대,True
TEST_00437,쏘나타_디_엣지_DN8_2024_2025,현대,현대,True
TEST_00438,더_뉴_K3_2016_2018,기아,기아,True
TEST_00439,레인지로버_이보크_2세대_2020_2022,유럽 프리미엄,유럽 프리미엄,True
TEST_00440,718_박스터_2017_2024,기타 독일차,기타 독일차,True
TEST_00441,뉴_CC_2012_2016,기타 독일차,기타 독일차,True
TEST_00442,콰트로포르테_2017_2022,유럽 프리미엄,유럽 프리미엄,True
TEST_00443,팰리세이드_2019_2022,현대,현대,True
TEST_00444,렉스턴_스포츠_칸_2019_2020,기타,기타,True
TEST_00445,A4_B9_2016_2019,기타 독일차,기타 독일차,True
TEST_00446,아테온_2018_2023,기타 독일차,기타 독일차,True
TEST_00447,골프_7세대_2013_2016,기타 독일차,기타 독일차,True
TEST_00448,파나메라_971_2017_2023,기타 독일차,기타 독일차,True
TEST_00449,박스터_718_2017_2024,기타 독일차,기타 독일차,True
TEST_00450,더_뉴_K3_2016_2018,기아,기아,True
TEST_00451,E_클래스_W213_2021_2023,벤츠,벤츠,True
TEST_00452,ES300h_7세대_2019_2026,일본/프랑스,일본/프랑스,True
TEST_00453,아반떼_하이브리드_CN7_2021_2023,현대,현대,True
TEST_00454,트레일블레이저_2023,미국,미국,True
TEST_00455,M4_F82_2015_2020,BMW,BMW,True
TEST_00456,일렉트리파이드_GV70_2022_2024,제네시스,제네시스,True
TEST_00457,뉴QM3_2018_2019,일본/프랑스,일본/프랑스,True
TEST_00458,GLS_클래스_X167_2020_2024,벤츠,벤츠,True
TEST_00459,3시리즈_GT_F34_2014_2021,BMW,BMW,True
TEST_00460,디_올뉴그랜저_2023_2025,현대,현대,True
TEST_00461,올_뉴_투싼_TL_2019_2020,현대,현대,True
TEST_00462,더_뉴_K5_2세대_2019_2020,기아,기아,True
TEST_00463,2시리즈_액티브_투어러_U06_2022_2024,BMW,BMW,True
TEST_00464,모하비_더_마스터_2020_2024,기아,기아,True
TEST_00465,X6_F16_2015_2019,BMW,BMW,True
TEST_00466,X1_F48_2016_2019,BMW,BMW,True
TEST_00467,E_클래스_W212_2010_2016,벤츠,벤츠,True
TEST_00468,티볼리_아머_2018_2019,기타,기타,True
TEST_00469,3008_2세대_2018_2023,기타,기타,True
TEST_00470,뉴_스타일_코란도_C_2017_2019,기타,기타,True
TEST_00471,K5_하이브리드_3세대_2020_2023,기아,기아,True
TEST_00472,뉴_QM5_2012_2014,일본/프랑스,일본/프랑스,True
TEST_00473,GV70_2021_2023,제네시스,제네시스,True
TEST_00474,더_뉴_QM6_2024_2025,일본/프랑스,일본/프랑스,True
TEST_00475,디펜더_L663_2020_2025,유럽 프리미엄,유럽 프리미엄,True
TEST_00476,3시리즈_G20_2019_2022,BMW,BMW,True
TEST_00477,모델_3_2024_2025,미국,미국,True
TEST_00478,그랜저TG_2007_2008,현대,현대,True
TEST_00479,V40_2015_2018,유럽 프리미엄,유럽 프리미엄,True
TEST_00480,올_뉴_카니발_2015_2019,기아,기아,True
TEST_00481,YF쏘나타_하이브리드_2011_2015,현대,현대,True
TEST_00482,올_뉴_K7_하이브리드_2017_2019,기아,기아,True
TEST_00483,XE_2016_2019,유럽 프리미엄,유럽 프리미엄,True
TEST_00484,XM3_2024,일본/프랑스,일본/프랑스,True
TEST_00485,더_뉴_셀토스_2023_2025,기아,기아,True
TEST_00486,뉴_MKZ_2017_2020,미국,미국,True
TEST_00487,YF쏘나타_2009_2012,현대,현대,True
TEST_00488,프리우스_4세대_2019_2022,일본/프랑스,일본/프랑스,True
TEST_00489,더_뉴스포티지R_2014_2016,기아,기아,True
TEST_00490,시에나_4세대_2021_2024,일본/프랑스,일본/프랑스,True
TEST_00491,파일럿_3세대_2016_2018,일본/프랑스,일본/프랑스,True
TEST_00492,C_클래스_W205_2015_2021,벤츠,벤츠,True
TEST_00493,더_뉴_아반떼_AD_2019_2020,현대,현대,True
TEST_00494,액티언_2세대_2025,기타,기타,True
TEST_00495,라브4_4세대_2013_2018,일본/프랑스,일본/프랑스,True
TEST_00496,S60_3세대_2020_2024,유럽 프리미엄,유럽 프리미엄,True
TEST_00497,GV80_2024_2025,제네시스,제네시스,True
TEST_00498,3시리즈_GT_F34_2014_2021,BMW,BMW,True
TEST_00499,X5_F15_2014_2018,BMW,BMW,True
TEST_00500,K8_2022_2024,기아,기아,True
TEST_00501,7시리즈_G11_2016_2018,BMW,BMW,True
TEST_00502,GLS_클래스_X166_2017_2019,벤츠,벤츠,True
TEST_00503,뉴쏘렌토_R_2013_2014,기아,기아,True
TEST_00504,X6_G06_2020_2023,BMW,BMW,True
TEST_00505,더_올뉴투싼_하이브리드_2021_2023,현대,현대,True
TEST_00506,2008_2015_2017,기타,기타,True
TEST_00507,올_뉴_모닝_2012_2015,기아,기아,True
TEST_00508,EQA_H243_2021_2024,벤츠,벤츠,True
TEST_00509,V90_크로스컨트리_2018_2024,유럽 프리미엄,유럽 프리미엄,True
TEST_00510,YF쏘나타_하이브리드_2011_2015,현대,현대,True
TEST_00511,XF_X260_2016_2020,유럽 프리미엄,유럽 프리미엄,True
TEST_00512,그랜드카니발_2006_2010,기아,기아,True
TEST_00513,파나메라_971_2017_2023,기타 독일차,기타 독일차,True
TEST_00514,뉴_GV80_2024_2025,제네시스,제네시스,True
TEST_00515,E_클래스_W213_2017_2020,벤츠,벤츠,True
TEST_00516,X5_G05_2024_2025,BMW,BMW,True
TEST_00517,E_클래스_W212_2010_2016,벤츠,벤츠,True
TEST_00518,1시리즈_F40_2020_2024,BMW,BMW,True
TEST_00519,XC90_2세대_2017_2019,유럽 프리미엄,유럽 프리미엄,True
TEST_00520,모하비_더_마스터_2020_2024,기아,기아,True
TEST_00521,익스플로러_6세대_2020_2025,미국,미국,True
TEST_00522,올_뉴_모닝_2012_2015,기아,기아,True
TEST_00523,GLS_클래스_X166_2017_2019,벤츠,벤츠,True
TEST_00524,SM5_노바_2015_2019,일본/프랑스,일본/프랑스,True
TEST_00525,더_뉴_G70_2021_2025,제네시스,제네시스,True
TEST_00526,XE_2016_2019,유럽 프리미엄,유럽 프리미엄,True
TEST_00527,레니게이드_2015_2017,미국,미국,True
TEST_00528,F_PACE_2017_2019,유럽 프리미엄,유럽 프리미엄,True
TEST_00529,뉴_제타_2011_2016,기타 독일차,기타 독일차,True
TEST_00530,EQS_V297_2022_2023,벤츠,벤츠,True
TEST_00531,C_클래스_W205_2015_2021,벤츠,벤츠,True
TEST_00532,스팅어_마이스터_2021_2023,기아,기아,True
TEST_00533,SM5_노바_2015_2019,일본/프랑스,일본/프랑스,True
TEST_00534,3시리즈_G20_2019_2022,BMW,BMW,True
TEST_00535,몬데오_4세대_2015_2020,미국,미국,True
TEST_00536,레인지로버_스포츠_2세대_2018_2022,유럽 프리미엄,유럽 프리미엄,True
TEST_00537,그랜드_스타렉스_2016_2018,현대,현대,True
TEST_00538,파일럿_3세대_2016_2018,일본/프랑스,일본/프랑스,True
TEST_00539,뉴_ES300h_2013_2015,일본/프랑스,일본/프랑스,True
TEST_00540,컨티넨탈_GT_2세대_2012_2017,유럽 프리미엄,유럽 프리미엄,True
TEST_00541,레인지로버_이보크_2세대_2020_2022,유럽 프리미엄,유럽 프리미엄,True
TEST_00542,투싼_NX4_2021_2023,현대,현대,True
TEST_00543,CLA_클래스_C118_2020_2025,벤츠,벤츠,True
TEST_00544,더_뉴_모하비_2017_2019,기아,기아,True
TEST_00545,G80_RG3_2021_2023,제네시스,제네시스,True
TEST_00546,S90_2021_2025,유럽 프리미엄,유럽 프리미엄,True
TEST_00547,아반떼_MD_2011_2014,현대,현대,True
TEST_00548,K8_2022_2024,기아,기아,True
TEST_00549,카니발_4세대_2022_2023,기아,기아,True
TEST_00550,아베오_2012_2016,미국,미국,True
TEST_00551,올란도_2012_2018,미국,미국,True
TEST_00552,체로키_KL_2019_2023,미국,미국,True
TEST_00553,디_올뉴싼타페_2024_2025,현대,현대,True
TEST_00554,카이엔_PO536_2019_2023,기타 독일차,기타 독일차,True
TEST_00555,XE_2016_2019,유럽 프리미엄,유럽 프리미엄,True
TEST_00556,G80_2017_2020,제네시스,제네시스,True
TEST_00557,K7_프리미어_하이브리드_2020_2021,기아,기아,True
TEST_00558,타이칸_2021_2025,기타 독일차,기타 독일차,True
TEST_00559,RAV4_5세대_2019_2024,일본/프랑스,일본/프랑스,True
TEST_00560,골프_7세대_2013_2016,기타 독일차,기타 독일차,True
TEST_00561,3시리즈_G20_2019_2022,BMW,BMW,True
TEST_00562,QM6_2017_2019,일본/프랑스,일본/프랑스,True
TEST_00563,싼타페_MX5_2024_2025,현대,현대,True
TEST_00564,더_뉴_렉스턴_스포츠_2021_2025,기타,기타,True
TEST_00565,그랜드_체로키_WL_2021_2023,미국,미국,True
TEST_00566,K5_하이브리드_3세대_2020_2023,기아,기아,True
TEST_00567,C_클래스_W205_2015_2021,벤츠,벤츠,True
TEST_00568,트랙스_2013_2016,미국,미국,True
TEST_00569,쿠퍼_컨트리맨_2016_2024,기타 독일차,기타 독일차,True
TEST_00570,디_올뉴니로EV_2023_2024,기아,기아,True
TEST_00571,UX250h_2019_2024,일본/프랑스,일본/프랑스,True
TEST_00572,베뉴_2020_2024,현대,현대,True
TEST_00573,더_뉴_K5_2세대_2019_2020,기아,기아,True
TEST_00574,팰리세이드_2019_2022,현대,현대,True
TEST_00575,3시리즈_G20_2023_2025,BMW,BMW,True
TEST_00576,올_뉴_K7_하이브리드_2017_2019,기아,기아,True
TEST_00577,더_뉴_코나_2021_2023,현대,현대,True
TEST_00578,V90_크로스컨트리_2018_2024,유럽 프리미엄,유럽 프리미엄,True
TEST_00579,에스컬레이드_5세대_2021_2024,미국,미국,True
TEST_00580,GLC_클래스_X253_2023,벤츠,벤츠,True
TEST_00581,더_뉴_셀토스_2023_2025,기아,기아,True
TEST_00582,G80_RG3_2025,제네시스,제네시스,True
TEST_00583,All_New_XJ_2016_2019,유럽 프리미엄,유럽 프리미엄,True
TEST_00584,M5_F90_2018_2023,BMW,BMW,True
TEST_00585,그랜저_IG_2017_2019,현대,현대,True
TEST_00586,GV80_2020_2022,제네시스,제네시스,True
TEST_00587,트래버스_2020_2023,미국,미국,True
TEST_00588,S_클래스_W221_2006_2013,벤츠,벤츠,True
TEST_00589,6시리즈_F12_2011_2018,BMW,BMW,True
TEST_00590,뉴_ES300h_2013_2015,일본/프랑스,일본/프랑스,True
TEST_00591,New_XF_2012_2015,유럽 프리미엄,유럽 프리미엄,True
TEST_00592,쏘나타_DN8_2020_2023,현대,현대,True
TEST_00593,A6_C8_2019_2025,기타 독일차,기타 독일차,True
TEST_00594,올_뉴_K3_2019_2021,기아,기아,True
TEST_00595,에비에이터_2세대_2020_2025,미국,미국,True
TEST_00596,컴패스_2세대_2018_2022,미국,미국,True
TEST_00597,베뉴_2020_2024,현대,현대,True
TEST_00598,A5_F5_2019_2024,기타 독일차,기타 독일차,True
TEST_00599,아테온_2018_2023,기타 독일차,기타 독일차,True
TEST_00600,3시리즈_E90_2005_2012,BMW,BMW,True
TEST_00601,더_뉴_파사트_2012_2019,기타 독일차,기타 독일차,True
TEST_00602,카니발_4세대_2021,기아,기아,True
TEST_00603,A_클래스_W176_2015_2018,벤츠,벤츠,True
TEST_00604,F150_2004_2021,미국,미국,True
TEST_00605,더_뉴_아반떼_CN7_2023_2025,현대,현대,True
TEST_00606,르반떼_2017_2022,유럽 프리미엄,유럽 프리미엄,True
TEST_00607,2008_2015_2017,기타,기타,True
TEST_00608,2시리즈_액티브_투어러_F45_2019_2021,BMW,BMW,True
TEST_00609,그랜저_HG_2011_2014,현대,현대,True
TEST_00610,더_뉴_SM6_2021_2024,일본/프랑스,일본/프랑스,True
TEST_00611,스포티지_4세대_2016_2018,기아,기아,True
TEST_00612,랭글러_JK_2009_2017,미국,미국,True
TEST_00613,S_클래스_W223_2021_2025,벤츠,벤츠,True
TEST_00614,GLC_클래스_X254_2023_2025,벤츠,벤츠,True
TEST_00615,GLC_클래스_X254_2023_2025,벤츠,벤츠,True
TEST_00616,A7_4K_2020_2024,기타 독일차,기타 독일차,True
TEST_00617,X6_G06_2020_2023,BMW,BMW,True
TEST_00618,더_뉴_니로_2020_2022,기아,기아,True
TEST_00619,뉴_QM6_2021_2023,일본/프랑스,일본/프랑스,True
TEST_00620,더_뉴_아반떼_2014_2016,현대,현대,True
TEST_00621,뉴_A6_2012_2014,기타 독일차,기타 독일차,True
TEST_00622,X6_G06_2020_2023,BMW,BMW,True
TEST_00623,V90_크로스컨트리_2018_2024,유럽 프리미엄,유럽 프리미엄,True
TEST_00624,더_뉴_K7_2013_2016,기아,기아,True
TEST_00625,더_뉴_카니발_2019_2020,기아,기아,True
TEST_00626,CLA_클래스_C118_2020_2025,벤츠,벤츠,True
TEST_00627,AMG_GT_2016_2024,벤츠,벤츠,True
TEST_00628,QM3_2014_2017,일본/프랑스,일본/프랑스,True
TEST_00629,레니게이드_2015_2017,미국,미국,True
TEST_00630,올란도_2012_2018,미국,미국,True
TEST_00631,ES300h_7세대_2019_2026,일본/프랑스,일본/프랑스,True
TEST_00632,더_뉴_팰리세이드_2023_2024,현대,현대,True
TEST_00633,더_뉴_투싼_NX4_2023_2025,현대,현대,True
TEST_00634,더_뉴_쏘렌토_4세대_2024_2025,기아,기아,True
TEST_00635,CLS_클래스_C257_2019_2023,벤츠,벤츠,True
TEST_00636,뉴_A6_2015_2018,기타 독일차,기타 독일차,True
TEST_00637,쏘나타_뉴_라이즈_2018_2019,현대,현대,True
TEST_00638,그랜저_HG_2015_2017,현대,현대,True
TEST_00639,6시리즈_GT_G32_2021_2024,BMW,BMW,True
TEST_00640,EV9_2024_2025,기아,기아,True
TEST_00641,2시리즈_액티브_투어러_F45_2019_2021,BMW,BMW,True
TEST_00642,GLC_클래스_X253_2017_2019,벤츠,벤츠,True
TEST_00643,G90_2019_2022,제네시스,제네시스,True
TEST_00644,K5_하이브리드_3세대_2020_2023,기아,기아,True
TEST_00645,더_뉴_모하비_2017_2019,기아,기아,True
TEST_00646,GLC_클래스_X254_2023_2025,벤츠,벤츠,True
TEST_00647,베뉴_2020_2024,현대,현대,True
TEST_00648,렉스턴_스포츠_칸_2019_2020,기타,기타,True
TEST_00649,아이오닉6_2023_2025,현대,현대,True
TEST_00650,더_뉴_말리부_2019_2022,미국,미국,True
TEST_00651,SM7_노바_2015_2019,일본/프랑스,일본/프랑스,True
TEST_00652,3008_2세대_2018_2023,기타,기타,True
TEST_00653,X4_G02_2022_2025,BMW,BMW,True
TEST_00654,더_뉴_코란도_스포츠_2016_2018,기타,기타,True
TEST_00655,M2_F87_2016_2021,BMW,BMW,True
TEST_00656,X6_F16_2015_2019,BMW,BMW,True
TEST_00657,3시리즈_G20_2019_2022,BMW,BMW,True
TEST_00658,에쿠스_신형_2010_2015,현대,현대,True
TEST_00659,모델_3_2024_2025,미국,미국,True
TEST_00660,디_올뉴그랜저_2023_2025,현대,현대,True
TEST_00661,911_2003_2019,기타 독일차,기타 독일차,True
TEST_00662,V40_2015_2018,유럽 프리미엄,유럽 프리미엄,True
TEST_00663,더_뉴_카니발_4세대_2024_2025,기아,기아,True
TEST_00664,CT6_2016_2018,미국,미국,True
TEST_00665,GLA_클래스_H247_2020_2025,벤츠,벤츠,True
TEST_00666,뉴쏘렌토_R_2013_2014,기아,기아,True
TEST_00667,6시리즈_GT_G32_2021_2024,BMW,BMW,True
TEST_00668,아슬란_2015_2018,현대,현대,True
TEST_00669,그랜저_HG_2015_2017,현대,현대,True
TEST_00670,GLA_클래스_X156_2015_2019,벤츠,벤츠,True
TEST_00671,X4_G02_2022_2025,BMW,BMW,True
TEST_00672,싼타페_더_프라임_2016_2018,현대,현대,True
TEST_00673,EQ900_2016_2018,제네시스,제네시스,True
TEST_00674,프리우스_4세대_2019_2022,일본/프랑스,일본/프랑스,True
TEST_00675,마칸_2014_2018,기타 독일차,기타 독일차,True
TEST_00676,GLA_클래스_H247_2020_2025,벤츠,벤츠,True
TEST_00677,더_뉴_팰리세이드_2023_2024,현대,현대,True
TEST_00678,그랜저_IG_2017_2019,현대,현대,True
TEST_00679,콰트로포르테_2014_2016,유럽 프리미엄,유럽 프리미엄,True
TEST_00680,E_클래스_W213_2017_2020,벤츠,벤츠,True
TEST_00681,코나_SX2_2023_2025,현대,현대,True
TEST_00682,디_올뉴그랜저_2023_2025,현대,현대,True
TEST_00683,아반떼_CN7_2021_2023,현대,현대,True
TEST_00684,X1_F48_2016_2019,BMW,BMW,True
TEST_00685,더_뉴_그랜저_IG_2020_2023,현대,현대,True
TEST_00686,XF_X260_2016_2020,유럽 프리미엄,유럽 프리미엄,True
TEST_00687,X1_U11_2023_2024,BMW,BMW,True
TEST_00688,뉴_MKZ_2017_2020,미국,미국,True
TEST_00689,쏘나타_DN8_2020_2023,현대,현대,True
TEST_00690,엑센트_신형_2011_2019,현대,현대,True
TEST_00691,e_트론_2020_2023,기타 독일차,기타 독일차,True
TEST_00692,디펜더_L663_2020_2025,유럽 프리미엄,유럽 프리미엄,True
TEST_00693,올_뉴_말리부_2017_2018,유럽 프리미엄,미국,False
TEST_00694,셀토스_2020_2023,기아,기아,True
TEST_00695,QM6_2017_2019,일본/프랑스,일본/프랑스,True
TEST_00696,G80_2017_2020,제네시스,제네시스,True
TEST_00697,아이오닉6_2023_2025,현대,현대,True
TEST_00698,GLC_클래스_X253_2023,벤츠,벤츠,True
TEST_00699,뷰티풀_코란도_2019_2024,기타,기타,True
TEST_00700,더_기아_레이_EV_2024_2025,기아,기아,True
TEST_00701,스포티지_4세대_2016_2018,기아,기아,True
TEST_00702,코세어_2020_2022,미국,미국,True
TEST_00703,싼타페_TM_2019_2020,현대,현대,True
TEST_00704,All_New_XJ_2016_2019,유럽 프리미엄,유럽 프리미엄,True
TEST_00705,벨로스터_JS_2018_2020,현대,현대,True
TEST_00706,F_PACE_2017_2019,유럽 프리미엄,유럽 프리미엄,True
TEST_00707,레인지로버_스포츠_2세대_2018_2022,유럽 프리미엄,유럽 프리미엄,True
TEST_00708,아반떼_AD_2016_2018,현대,현대,True
TEST_00709,QM6_2017_2019,일본/프랑스,일본/프랑스,True
TEST_00710,EV6_2022_2024,기아,기아,True
TEST_00711,QX60_2016_2018,일본/프랑스,일본/프랑스,True
TEST_00712,더_뉴_렉스턴_스포츠_칸_2021_2025,기타,기타,True
TEST_00713,3시리즈_GT_F34_2014_2021,BMW,BMW,True
TEST_00714,XF_X260_2016_2020,유럽 프리미엄,유럽 프리미엄,True
TEST_00715,마칸_2019_2021,기타 독일차,기타 독일차,True
TEST_00716,X1_F48_2020_2022,BMW,BMW,True
TEST_00717,레인지로버_4세대_2018_2022,유럽 프리미엄,유럽 프리미엄,True
TEST_00718,GLC_클래스_X253_2017_2019,벤츠,벤츠,True
TEST_00719,A7_4K_2020_2024,기타 독일차,기타 독일차,True
TEST_00720,티구안_올스페이스_2018_2023,기타 독일차,기타 독일차,True
TEST_00721,GLC_클래스_X253_2020_2022,벤츠,벤츠,True
TEST_00722,마칸_2014_2018,기타 독일차,기타 독일차,True
TEST_00723,올_뉴_투싼_TL_2019_2020,현대,현대,True
TEST_00724,더_뉴_그랜저_IG_2020_2023,현대,현대,True
TEST_00725,그랜드카니발_2006_2010,기아,기아,True
TEST_00726,레인지로버_5세대_2023_2024,유럽 프리미엄,유럽 프리미엄,True
TEST_00727,C_클래스_W206_2022_2024,벤츠,벤츠,True
TEST_00728,GLA_클래스_X156_2015_2019,벤츠,벤츠,True
TEST_00729,A4_B9_2016_2019,기타 독일차,기타 독일차,True
TEST_00730,더_뉴_아반떼_CN7_2023_2025,현대,현대,True
TEST_00731,뷰티풀_코란도_2019_2024,기타,기타,True
TEST_00732,르반떼_2017_2022,유럽 프리미엄,유럽 프리미엄,True
TEST_00733,말리부_2012_2016,미국,미국,True
TEST_00734,EQA_H243_2021_2024,벤츠,벤츠,True
TEST_00735,액티언_2세대_2025,기타,기타,True
TEST_00736,EQA_H243_2021_2024,벤츠,벤츠,True
TEST_00737,라브4_4세대_2013_2018,일본/프랑스,일본/프랑스,True
TEST_00738,2시리즈_액티브_투어러_U06_2022_2024,BMW,BMW,True
TEST_00739,올_뉴_K7_2016_2019,기아,기아,True
TEST_00740,컨티넨탈_10세대_2017_2019,미국,미국,True
TEST_00741,올_뉴_모닝_JA_2017_2020,기아,기아,True
TEST_00742,3시리즈_G20_2023_2025,BMW,BMW,True
TEST_00743,K3_2013_2015,기아,기아,True
TEST_00744,트레일블레이저_2021_2022,미국,미국,True
TEST_00745,마칸_2014_2018,기타 독일차,기타 독일차,True
TEST_00746,4시리즈_G22_2021_2023,BMW,BMW,True
TEST_00747,아베오_2012_2016,미국,미국,True
TEST_00748,X7_G07_2019_2022,BMW,BMW,True
TEST_00749,GLC_클래스_X253_2017_2019,벤츠,벤츠,True
TEST_00750,렉스턴_스포츠_2018_2021,기타,기타,True
TEST_00751,더_뉴_스파크_2019_2022,미국,미국,True
TEST_00752,그랜저_HG_2015_2017,현대,현대,True
TEST_00753,F_PACE_2017_2019,유럽 프리미엄,유럽 프리미엄,True
TEST_00754,레인지로버_이보크_2세대_2020_2022,유럽 프리미엄,유럽 프리미엄,True
TEST_00755,K8_2022_2024,기아,기아,True
TEST_00756,Q3_F3_2020_2024,기타 독일차,기타 독일차,True
TEST_00757,투아렉_3세대_2020_2023,기타 독일차,기타 독일차,True
TEST_00758,쿠퍼_컨트리맨_2016_2024,기타 독일차,기타 독일차,True
TEST_00759,올_뉴_렉스턴_2021_2025,기타,기타,True
TEST_00760,X1_U11_2023_2024,BMW,BMW,True
TEST_00761,X2_F39_2018_2023,BMW,BMW,True
TEST_00762,더_뉴_스파크_2019_2022,미국,미국,True
TEST_00763,더_뉴_모닝_JA_2024_2025,기아,기아,True
TEST_00764,올_뉴_투싼_TL_2019_2020,현대,현대,True
TEST_00765,렉스턴_스포츠_칸_2019_2020,기타,기타,True
TEST_00766,GLB_클래스_X247_2020_2023,벤츠,벤츠,True
TEST_00767,엑센트_신형_2011_2019,현대,현대,True
TEST_00768,5시리즈_GT_F07_2010_2017,BMW,BMW,True
TEST_00769,올_뉴_모닝_JA_2017_2020,기아,기아,True
TEST_00770,더_뉴_셀토스_2023_2025,기아,기아,True
TEST_00771,올_뉴_말리부_2017_2018,미국,미국,True
TEST_00772,XC90_2세대_2017_2019,유럽 프리미엄,유럽 프리미엄,True
TEST_00773,911_992_2020_2024,미국,기타 독일차,False
TEST_00774,GV70_2021_2023,제네시스,제네시스,True
TEST_00775,디스커버리_스포츠_2015_2019,유럽 프리미엄,유럽 프리미엄,True
TEST_00776,더_뉴_SM6_2021_2024,일본/프랑스,일본/프랑스,True
TEST_00777,7시리즈_G70_2023_2025,BMW,BMW,True
TEST_00778,디스커버리_스포츠_2015_2019,유럽 프리미엄,유럽 프리미엄,True
TEST_00779,르반떼_2017_2022,유럽 프리미엄,유럽 프리미엄,True
TEST_00780,파나메라_971_2017_2023,기타 독일차,기타 독일차,True
TEST_00781,V60_크로스컨트리_2세대_2020_2025,유럽 프리미엄,유럽 프리미엄,True
TEST_00782,쿠퍼_클럽맨_2016_2024,기타 독일차,기타 독일차,True
TEST_00783,액티언_2세대_2025,기타,기타,True
TEST_00784,QM6_2017_2019,일본/프랑스,일본/프랑스,True
TEST_00785,UX250h_2019_2024,일본/프랑스,일본/프랑스,True
TEST_00786,A_클래스_W177_2020_2025,벤츠,벤츠,True
TEST_00787,E_클래스_W214_2024_2025,벤츠,벤츠,True
TEST_00788,콰트로포르테_2017_2022,유럽 프리미엄,유럽 프리미엄,True
TEST_00789,E_클래스_W213_2021_2023,벤츠,벤츠,True
TEST_00790,아반떼_하이브리드_CN7_2021_2023,현대,현대,True
TEST_00791,올_뉴_K7_하이브리드_2017_2019,기아,기아,True
TEST_00792,G80_RG3_2021_2023,제네시스,제네시스,True
TEST_00793,그랜드카니발_2006_2010,기아,기아,True
TEST_00794,911_992_2020_2024,기타 독일차,기타 독일차,True
TEST_00795,GLA_클래스_X156_2015_2019,벤츠,벤츠,True
TEST_00796,아베오_2012_2016,미국,미국,True
TEST_00797,마칸_2022_2024,기타 독일차,기타 독일차,True
TEST_00798,G90_2019_2022,제네시스,제네시스,True
TEST_00799,Q50_2014_2017,일본/프랑스,일본/프랑스,True
TEST_00800,뉴_스타일_코란도_C_2017_2019,기타,기타,True
TEST_00801,프리우스_C_2018_2020,일본/프랑스,일본/프랑스,True
TEST_00802,콰트로포르테_2017_2022,유럽 프리미엄,유럽 프리미엄,True
TEST_00803,스팅어_마이스터_2021_2023,기아,기아,True
TEST_00804,K5_하이브리드_3세대_2020_2023,기아,기아,True
TEST_00805,CLS_클래스_W218_2012_2017,벤츠,벤츠,True
TEST_00806,아반떼_하이브리드_CN7_2021_2023,현대,현대,True
TEST_00807,더_뉴_G70_2021_2025,제네시스,제네시스,True
TEST_00808,코나_SX2_2023_2025,현대,현대,True
TEST_00809,트랙스_크로스오버_2024_2025,미국,미국,True
TEST_00810,G80_2017_2020,제네시스,제네시스,True
TEST_00811,A4_B9_2016_2019,기타 독일차,기타 독일차,True
TEST_00812,GLE_클래스_W167_2019_2024,벤츠,벤츠,True
TEST_00813,QM6_2017_2019,일본/프랑스,일본/프랑스,True
TEST_00814,그랑_콜레오스_2025,일본/프랑스,일본/프랑스,True
TEST_00815,투싼_NX4_2021_2023,현대,현대,True
TEST_00816,XC90_2세대_2017_2019,유럽 프리미엄,유럽 프리미엄,True
TEST_00817,익스플로러_2016_2017,미국,미국,True
TEST_00818,더_뉴_아반떼_2014_2016,현대,현대,True
TEST_00819,K5_3세대_2020_2023,기아,기아,True
TEST_00820,V90_크로스컨트리_2018_2024,유럽 프리미엄,유럽 프리미엄,True
TEST_00821,F150_2004_2021,미국,미국,True
TEST_00822,E_클래스_W213_2021_2023,벤츠,벤츠,True
TEST_00823,G80_RG3_2025,제네시스,제네시스,True
TEST_00824,K5_하이브리드_3세대_2020_2023,기아,기아,True
TEST_00825,X5_G05_2024_2025,BMW,BMW,True
TEST_00826,YF쏘나타_하이브리드_2011_2015,현대,현대,True
TEST_00827,기블리_2014_2023,유럽 프리미엄,유럽 프리미엄,True
TEST_00828,X3_G01_2018_2021,BMW,BMW,True
TEST_00829,팰리세이드_LX3_2025,현대,현대,True
TEST_00830,파일럿_3세대_2016_2018,일본/프랑스,일본/프랑스,True
TEST_00831,더_뉴_그랜드_스타렉스_2018_2021,현대,현대,True
TEST_00832,모닝_어반_JA_2021_2023,기아,기아,True
TEST_00833,A_클래스_W177_2020_2025,벤츠,벤츠,True
TEST_00834,i30_PD_2017_2018,현대,현대,True
TEST_00835,E_클래스_W212_2010_2016,벤츠,벤츠,True
TEST_00836,레인지로버_이보크_2016_2019,유럽 프리미엄,유럽 프리미엄,True
TEST_00837,뉴_SM5_임프레션_2008_2010,일본/프랑스,일본/프랑스,True
TEST_00838,K5_3세대_하이브리드_2020_2022,기아,기아,True
TEST_00839,코나_SX2_2023_2025,현대,현대,True
TEST_00840,쿠퍼_컨버터블_2016_2024,기타 독일차,기타 독일차,True
TEST_00841,S_클래스_W223_2021_2025,벤츠,벤츠,True
TEST_00842,스타리아_2022_2025,현대,현대,True
TEST_00843,더_뉴_트랙스_2017_2022,미국,미국,True
TEST_00844,렉스턴_스포츠_2018_2021,기타,기타,True
TEST_00845,더_뉴_셀토스_2023_2025,기아,기아,True
TEST_00846,XC90_2세대_2017_2019,유럽 프리미엄,유럽 프리미엄,True
TEST_00847,더_뉴_렉스턴_스포츠_칸_2021_2025,기타,기타,True
TEST_00848,시에나_4세대_2021_2024,일본/프랑스,일본/프랑스,True
TEST_00849,뷰티풀_코란도_2019_2024,기타,기타,True
TEST_00850,더_뉴_G70_2021_2025,제네시스,제네시스,True
TEST_00851,팰리세이드_LX3_2025,현대,현대,True
TEST_00852,디스커버리_4_2010_2016,유럽 프리미엄,유럽 프리미엄,True
TEST_00853,X6_G06_2020_2023,BMW,BMW,True
TEST_00854,K5_3세대_하이브리드_2020_2022,기아,기아,True
TEST_00855,2시리즈_액티브_투어러_U06_2022_2024,BMW,BMW,True
TEST_00856,컨티넨탈_GT_3세대_2018_2023,유럽 프리미엄,유럽 프리미엄,True
TEST_00857,아이오닉5_2022_2023,현대,현대,True
TEST_00858,라브4_5세대_2019_2024,일본/프랑스,일본/프랑스,True
TEST_00859,뉴쏘렌토_R_2013_2014,기아,기아,True
TEST_00860,레인지로버_이보크_2세대_2020_2022,유럽 프리미엄,유럽 프리미엄,True
TEST_00861,더_뉴_코나_2021_2023,현대,현대,True
TEST_00862,파일럿_3세대_2016_2018,일본/프랑스,일본/프랑스,True
TEST_00863,팰리세이드_2019_2022,현대,현대,True
TEST_00864,더_기아_레이_EV_2024_2025,기아,기아,True
TEST_00865,G90_2019_2022,제네시스,제네시스,True
TEST_00866,더_뉴_K5_2세대_2019_2020,기아,기아,True
TEST_00867,CT6_2016_2018,미국,미국,True
TEST_00868,아반떼_CN7_2021_2023,현대,현대,True
TEST_00869,EV9_2024_2025,기아,기아,True
TEST_00870,더_뉴_쏘렌토_4세대_2024_2025,기아,기아,True
TEST_00871,아반떼_하이브리드_CN7_2021_2023,현대,현대,True
TEST_00872,QX60_2016_2018,일본/프랑스,일본/프랑스,True
TEST_00873,7시리즈_G70_2023_2025,BMW,BMW,True
TEST_00874,K5_3세대_하이브리드_2020_2022,기아,기아,True
TEST_00875,에스컬레이드_2015_2020,미국,미국,True
TEST_00876,렉스턴_스포츠_2018_2021,기타,기타,True
TEST_00877,A6_C8_2019_2025,기타 독일차,기타 독일차,True
TEST_00878,CLS_클래스_C257_2019_2023,벤츠,벤츠,True
TEST_00879,디_올뉴니로_2022_2025,기아,기아,True
TEST_00880,콰트로포르테_2017_2022,유럽 프리미엄,유럽 프리미엄,True
TEST_00881,올_뉴_모닝_2012_2015,기아,기아,True
TEST_00882,G90_RS4_2022_2025,제네시스,제네시스,True
TEST_00883,7시리즈_G70_2023_2025,BMW,BMW,True
TEST_00884,1시리즈_F20_2016_2019,BMW,BMW,True
TEST_00885,파사트_GT_B8_2018_2022,기타 독일차,기타 독일차,True
TEST_00886,더_뉴_레이_2018_2022,기아,기아,True
TEST_00887,5시리즈_G30_2017_2023,BMW,BMW,True
TEST_00888,프리우스_4세대_2019_2022,일본/프랑스,일본/프랑스,True
TEST_00889,더_뉴_K5_3세대_2024_2025,기아,기아,True
TEST_00890,CLE_클래스_C236_2024_2025,벤츠,벤츠,True
TEST_00891,싼타페_MX5_2024_2025,현대,현대,True
TEST_00892,더_뉴_카니발_4세대_2024_2025,기아,기아,True
TEST_00893,X6_F16_2015_2019,BMW,BMW,True
TEST_00894,더_뉴_K9_2세대_2022_2025,기아,기아,True
TEST_00895,G70_2018_2020,제네시스,제네시스,True
TEST_00896,뉴쏘렌토_R_2013_2014,기아,기아,True
TEST_00897,5시리즈_G60_2024_2025,BMW,BMW,True
TEST_00898,더_뉴_그랜저_IG_2020_2023,현대,현대,True
TEST_00899,디스커버리_스포츠_2세대_2020_2025,유럽 프리미엄,유럽 프리미엄,True
TEST_00900,E_클래스_W212_2010_2016,벤츠,벤츠,True
TEST_00901,CLA_클래스_C118_2020_2025,벤츠,벤츠,True
TEST_00902,X1_F48_2020_2022,BMW,BMW,True
TEST_00903,싼타페_TM_2019_2020,현대,현대,True
TEST_00904,더_뉴_K5_하이브리드_3세대_2023_2025,기아,기아,True
TEST_00905,SM7_노바_2015_2019,일본/프랑스,일본/프랑스,True
TEST_00906,G90_RS4_2022_2025,제네시스,제네시스,True
TEST_00907,5시리즈_GT_F07_2010_2017,BMW,BMW,True
TEST_00908,A7_2012_2016,기타 독일차,기타 독일차,True
TEST_00909,5시리즈_G60_2024_2025,BMW,BMW,True
TEST_00910,레인지로버_이보크_2세대_2020_2022,유럽 프리미엄,유럽 프리미엄,True
TEST_00911,G4_렉스턴_2018_2020,기타,기타,True
TEST_00912,E_PACE_2018_2020,유럽 프리미엄,유럽 프리미엄,True
TEST_00913,콜로라도_2020_2020,미국,미국,True
TEST_00914,X1_F48_2016_2019,BMW,BMW,True
TEST_00915,뉴_QM6_2021_2023,일본/프랑스,일본/프랑스,True
TEST_00916,X2_F39_2018_2023,BMW,BMW,True
TEST_00917,쏘나타_DN8_2020_2023,현대,현대,True
TEST_00918,에비에이터_2세대_2020_2025,미국,미국,True
TEST_00919,디_올_뉴_스포티지_2022_2024,기아,기아,True
TEST_00920,투싼_NX4_2021_2023,현대,현대,True
TEST_00921,더_뉴_K3_2세대_2022_2024,기아,기아,True
TEST_00922,그랜드카니발_2006_2010,기아,기아,True
TEST_00923,4시리즈_G22_2024_2025,BMW,BMW,True
TEST_00924,X3_G01_2022_2024,BMW,BMW,True
TEST_00925,더_뉴_SM6_2021_2024,일본/프랑스,일본/프랑스,True
TEST_00926,디스커버리_스포츠_2015_2019,유럽 프리미엄,유럽 프리미엄,True
TEST_00927,리얼_뉴_콜로라도_2021_2022,미국,미국,True
TEST_00928,박스터_718_2017_2024,기타 독일차,기타 독일차,True
TEST_00929,5시리즈_G60_2024_2025,BMW,BMW,True
TEST_00930,쏘나타_뉴_라이즈_2018_2019,현대,현대,True
TEST_00931,더_뉴_아이오닉_하이브리드_2020,현대,현대,True
TEST_00932,Q3_F3_2020_2024,기타 독일차,기타 독일차,True
TEST_00933,Q30_2017_2019,일본/프랑스,일본/프랑스,True
TEST_00934,스파크_2012_2015,미국,미국,True
TEST_00935,i30_PD_2017_2018,현대,현대,True
TEST_00936,더_뉴_쏘렌토_2018_2020,기아,기아,True
TEST_00937,718_박스터_2017_2024,기타 독일차,기타 독일차,True
TEST_00938,더_뉴_셀토스_2023_2025,기아,기아,True
TEST_00939,넥쏘_2018_2024,현대,현대,True
TEST_00940,더_뉴_모닝_JA_2024_2025,기아,기아,True
TEST_00941,모델_3_2024_2025,미국,미국,True
TEST_00942,올란도_2012_2018,미국,미국,True
TEST_00943,티볼리_2015_2018,기타,기타,True
TEST_00944,더_뉴_K3_2016_2018,기아,기아,True
TEST_00945,레인지로버_이보크_2016_2019,유럽 프리미엄,유럽 프리미엄,True
TEST_00946,싼타페_더_프라임_2016_2018,현대,현대,True
TEST_00947,레인지로버_이보크_2세대_2020_2022,유럽 프리미엄,유럽 프리미엄,True
TEST_00948,S_클래스_W221_2006_2013,벤츠,벤츠,True
TEST_00949,GLC_클래스_X253_2017_2019,벤츠,벤츠,True
TEST_00950,디스커버리_스포츠_2세대_2020_2025,유럽 프리미엄,유럽 프리미엄,True
TEST_00951,더_뉴_트랙스_2017_2022,미국,미국,True
TEST_00952,K7_프리미어_하이브리드_2020_2021,기아,기아,True
TEST_00953,K7_프리미어_하이브리드_2020_2021,기아,기아,True
TEST_00954,1시리즈_F40_2020_2024,BMW,BMW,True
TEST_00955,F_PACE_2017_2019,유럽 프리미엄,유럽 프리미엄,True
TEST_00956,레인지로버_이보크_2세대_2020_2022,유럽 프리미엄,유럽 프리미엄,True
TEST_00957,F_PACE_2017_2019,유럽 프리미엄,유럽 프리미엄,True
TEST_00958,더_기아_레이_EV_2024_2025,기아,기아,True
TEST_00959,랭글러_JL_2018_2024,미국,미국,True
TEST_00960,시에나_4세대_2021_2024,일본/프랑스,일본/프랑스,True
TEST_00961,더_뉴_니로_2020_2022,기아,기아,True
TEST_00962,에스컬레이드_5세대_2021_2024,미국,미국,True
TEST_00963,G80_2017_2020,제네시스,제네시스,True
TEST_00964,X6_F16_2015_2019,BMW,BMW,True
TEST_00965,콰트로포르테_2017_2022,유럽 프리미엄,유럽 프리미엄,True
TEST_00966,임팔라_2016_2019,미국,미국,True
TEST_00967,싼타페_MX5_2024_2025,현대,현대,True
TEST_00968,X1_F48_2020_2022,BMW,BMW,True
TEST_00969,3시리즈_GT_F34_2014_2021,BMW,BMW,True
TEST_00970,컴패스_2세대_2018_2022,미국,미국,True
TEST_00971,더_뉴_QM6_2024_2025,일본/프랑스,일본/프랑스,True
TEST_00972,싼타페_더_프라임_2016_2018,현대,현대,True
TEST_00973,시에나_4세대_2021_2024,일본/프랑스,일본/프랑스,True
TEST_00974,QX60_2016_2018,일본/프랑스,일본/프랑스,True
TEST_00975,스포티지_더_볼드_2019_2022,기아,기아,True
TEST_00976,S_클래스_W223_2021_2025,벤츠,벤츠,True
TEST_00977,GLE_클래스_W167_2019_2024,벤츠,벤츠,True
TEST_00978,싼타페_TM_2019_2020,현대,현대,True
TEST_00979,더_뉴_셀토스_2023_2025,기아,기아,True
TEST_00980,트레일블레이저_2023,미국,미국,True
TEST_00981,S_클래스_W223_2021_2025,벤츠,벤츠,True
TEST_00982,LF_쏘나타_2015_2017,현대,현대,True
TEST_00983,어코드_10세대_2018_2022,일본/프랑스,일본/프랑스,True
TEST_00984,아베오_2012_2016,미국,미국,True
TEST_00985,레인지로버_4세대_2014_2017,유럽 프리미엄,유럽 프리미엄,True
TEST_00986,S90_2021_2025,유럽 프리미엄,유럽 프리미엄,True
TEST_00987,더_뉴_싼타페_2021_2023,현대,현대,True
TEST_00988,S_클래스_W222_2014_2020,벤츠,벤츠,True
TEST_00989,Q7_4M_2016_2019,기타 독일차,기타 독일차,True
TEST_00990,쏘나타_DN8_2020_2023,현대,현대,True
TEST_00991,G80_RG3_2021_2023,제네시스,제네시스,True
TEST_00992,EQS_V297_2022_2023,벤츠,벤츠,True
TEST_00993,G4_렉스턴_2018_2020,기타,기타,True
TEST_00994,그랜저_HG_2011_2014,현대,현대,True
TEST_00995,더_뉴_니로_2020_2022,기아,기아,True
TEST_00996,A5_F5_2019_2024,기타 독일차,기타 독일차,True
TEST_00997,그랜드카니발_2006_2010,기아,기아,True
TEST_00998,레인지로버_스포츠_2세대_2013_2017,유럽 프리미엄,유럽 프리미엄,True
TEST_00999,디스커버리_5_2017_2020,유럽 프리미엄,유럽 프리미엄,True
TEST_01000,스팅어_마이스터_2021_2023,기아,기아,True
TEST_01001,E_클래스_W213_2017_2020,벤츠,벤츠,True
TEST_01002,컨티넨탈_GT_3세대_2018_2023,유럽 프리미엄,유럽 프리미엄,True
TEST_01003,X5_G05_2019_2023,BMW,BMW,True
TEST_01004,니로_2017_2019,기아,기아,True
TEST_01005,X7_G07_2019_2022,BMW,BMW,True
TEST_01006,K3_2013_2015,기아,기아,True
TEST_01007,아이오닉6_2023_2025,현대,현대,True
TEST_01008,파일럿_3세대_2016_2018,일본/프랑스,일본/프랑스,True
TEST_01009,그랜드카니발_2006_2010,일본/프랑스,기아,False
TEST_01010,X2_F39_2018_2023,BMW,BMW,True
TEST_01011,CT6_2016_2018,미국,미국,True
TEST_01012,트랙스_2013_2016,미국,미국,True
TEST_01013,C_클래스_W205_2015_2021,벤츠,벤츠,True
TEST_01014,콰트로포르테_2014_2016,유럽 프리미엄,유럽 프리미엄,True
TEST_01015,더_뉴_모닝_2015_2016,기아,기아,True
TEST_01016,렉스턴_스포츠_2018_2021,기타,기타,True
TEST_01017,QM3_2014_2017,일본/프랑스,일본/프랑스,True
TEST_01018,글래디에이터_JT_2020_2023,미국,미국,True
TEST_01019,더_뉴스포티지R_2014_2016,기아,기아,True
TEST_01020,캠리_XV70_2018_2024,일본/프랑스,일본/프랑스,True
TEST_01021,뉴_티구안_2012_2016,기타 독일차,기타 독일차,True
TEST_01022,C_클래스_W205_2015_2021,벤츠,벤츠,True
TEST_01023,파사트_GT_B8_2018_2022,기타 독일차,기타 독일차,True
TEST_01024,임팔라_2016_2019,미국,미국,True
TEST_01025,마칸_2014_2018,기타 독일차,기타 독일차,True
TEST_01026,G80_RG3_2021_2023,제네시스,제네시스,True
TEST_01027,V40_2015_2018,유럽 프리미엄,유럽 프리미엄,True
TEST_01028,뉴_체어맨_W_2012_2016,기타,기타,True
TEST_01029,기블리_2014_2023,유럽 프리미엄,유럽 프리미엄,True
TEST_01030,더_올뉴투싼_하이브리드_2021_2023,현대,현대,True
TEST_01031,X1_F48_2016_2019,BMW,BMW,True
TEST_01032,마칸_2019_2021,기타 독일차,기타 독일차,True
TEST_01033,S_클래스_W222_2014_2020,벤츠,벤츠,True
TEST_01034,더_뉴_SM6_2021_2024,일본/프랑스,일본/프랑스,True
TEST_01035,X1_F48_2016_2019,BMW,BMW,True
TEST_01036,뉴_SM5_플래티넘_2013_2014,일본/프랑스,일본/프랑스,True
TEST_01037,올_뉴_말리부_2017_2018,미국,미국,True
TEST_01038,3시리즈_F30_2013_2018,BMW,BMW,True
TEST_01039,EQ900_2016_2018,제네시스,제네시스,True
TEST_01040,더_뉴_G70_2021_2025,제네시스,제네시스,True
TEST_01041,GLA_클래스_X156_2015_2019,벤츠,벤츠,True
TEST_01042,더_뉴_레이_2018_2022,기아,기아,True
TEST_01043,K7_프리미어_하이브리드_2020_2021,기아,기아,True
TEST_01044,모델_3_2024_2025,미국,미국,True
TEST_01045,타이칸_2021_2025,벤츠,기타 독일차,False
TEST_01046,쿠퍼_컨버터블_2016_2024,기타 독일차,기타 독일차,True
TEST_01047,A8_D5_2018_2023,기타 독일차,기타 독일차,True
TEST_01048,뉴_SM5_플래티넘_2013_2014,일본/프랑스,일본/프랑스,True
TEST_01049,트레일블레이저_2021_2022,미국,미국,True
TEST_01050,5시리즈_GT_F07_2010_2017,BMW,BMW,True
TEST_01051,쏘렌토_4세대_2021_2023,현대,현대,True
TEST_01052,스포티지_더_볼드_2019_2022,기아,기아,True
TEST_01053,싼타페_TM_2019_2020,현대,현대,True
TEST_01054,에스컬레이드_5세대_2021_2024,미국,미국,True
TEST_01055,컨티넨탈_10세대_2017_2019,미국,미국,True
TEST_01056,G90_RS4_2022_2025,제네시스,제네시스,True
TEST_01057,뉴_체어맨_W_2012_2016,기타,기타,True
TEST_01058,New_XF_2012_2015,유럽 프리미엄,유럽 프리미엄,True
TEST_01059,레니게이드_2015_2017,미국,미국,True
TEST_01060,GLA_클래스_X156_2015_2019,벤츠,벤츠,True
TEST_01061,GLC_클래스_X253_2020_2022,벤츠,벤츠,True
TEST_01062,X4_F26_2015_2018,BMW,BMW,True
TEST_01063,K8_2022_2024,기아,기아,True
TEST_01064,카니발_4세대_2022_2023,기아,기아,True
TEST_01065,디_올뉴니로_2022_2025,기아,기아,True
TEST_01066,뉴_QM5_2012_2014,일본/프랑스,일본/프랑스,True
TEST_01067,레인지로버_벨라_2018_2019,유럽 프리미엄,유럽 프리미엄,True
TEST_01068,GLE_클래스_W166_2016_2018,벤츠,벤츠,True
TEST_01069,더_올뉴G80_2021_2024,현대,현대,True
TEST_01070,르반떼_2017_2022,유럽 프리미엄,유럽 프리미엄,True
TEST_01071,뉴_제타_2011_2016,기타 독일차,기타 독일차,True
TEST_01072,X6_G06_2020_2023,BMW,BMW,True
TEST_01073,EQA_H243_2021_2024,벤츠,벤츠,True
TEST_01074,Q7_4M_2016_2019,기타 독일차,기타 독일차,True
TEST_01075,A5_F5_2019_2024,기타 독일차,기타 독일차,True
TEST_01076,S90_2017_2020,유럽 프리미엄,유럽 프리미엄,True
TEST_01077,X7_G07_2019_2022,BMW,BMW,True
TEST_01078,뉴_제타_2011_2016,기타 독일차,기타 독일차,True
TEST_01079,랭글러_JL_2018_2024,미국,미국,True
TEST_01080,어코드_10세대_2018_2022,일본/프랑스,일본/프랑스,True
TEST_01081,3시리즈_G20_2019_2022,BMW,BMW,True
TEST_01082,1시리즈_F20_2013_2015,BMW,BMW,True
TEST_01083,더_뉴스포티지R_2014_2016,기아,기아,True
TEST_01084,K3_2013_2015,기아,기아,True
TEST_01085,F150_2004_2021,미국,미국,True
TEST_01086,E_클래스_W213_2017_2020,벤츠,벤츠,True
TEST_01087,K5_하이브리드_3세대_2020_2023,기아,기아,True
TEST_01088,더_뉴_렉스턴_스포츠_칸_2021_2025,기타,기타,True
TEST_01089,S90_2017_2020,유럽 프리미엄,유럽 프리미엄,True
TEST_01090,콰트로포르테_2017_2022,유럽 프리미엄,유럽 프리미엄,True
TEST_01091,스토닉_2018_2020,기아,기아,True
TEST_01092,더_뉴_기아_레이_2022_2025,기아,기아,True
TEST_01093,G90_RS4_2022_2025,제네시스,제네시스,True
TEST_01094,A6_C8_2019_2025,기타 독일차,기타 독일차,True
TEST_01095,디_올뉴그랜저_2023_2025,현대,현대,True
TEST_01096,CLE_클래스_C236_2024_2025,벤츠,벤츠,True
TEST_01097,EV9_2024_2025,기아,기아,True
TEST_01098,X1_F48_2020_2022,BMW,BMW,True
TEST_01099,레니게이드_2015_2017,미국,미국,True
TEST_01100,쏘렌토_4세대_2021_2023,현대,현대,True
TEST_01101,더_K9_2019_2021,기아,기아,True
TEST_01102,더_뉴_말리부_2019_2022,미국,미국,True
TEST_01103,티볼리_에어_2021_2022,기타,기타,True
TEST_01104,G80_RG3_2025,제네시스,제네시스,True
TEST_01105,더_뉴_아반떼_2014_2016,현대,현대,True
TEST_01106,말리부_2012_2016,미국,미국,True
TEST_01107,에쿠스_신형_2010_2015,기타 독일차,현대,False
TEST_01108,QX60_2016_2018,일본/프랑스,일본/프랑스,True
TEST_01109,컴패스_2세대_2018_2022,미국,미국,True
TEST_01110,더_K9_2019_2021,기아,기아,True
TEST_01111,더_뉴_말리부_2019_2022,미국,미국,True
TEST_01112,3시리즈_G20_2023_2025,BMW,BMW,True
TEST_01113,익스플로러_6세대_2020_2025,미국,미국,True
TEST_01114,E_클래스_W213_2021_2023,벤츠,벤츠,True
TEST_01115,쿠퍼_클럽맨_2016_2024,기타 독일차,기타 독일차,True
TEST_01116,알티마_2017_2018,일본/프랑스,일본/프랑스,True
TEST_01117,EQS_V297_2022_2023,벤츠,벤츠,True
TEST_01118,모하비_더_마스터_2020_2024,기아,기아,True
TEST_01119,디스커버리_5_2017_2020,유럽 프리미엄,유럽 프리미엄,True
TEST_01120,더_올뉴투싼_하이브리드_2021_2023,현대,현대,True
TEST_01121,더_뉴_기아_레이_2022_2025,기아,기아,True
TEST_01122,A5_F5_2019_2024,기타 독일차,기타 독일차,True
TEST_01123,아반떼_MD_2011_2014,현대,현대,True
TEST_01124,뷰티풀_코란도_2019_2024,기타,기타,True
TEST_01125,더_뉴_K5_2세대_2019_2020,기아,기아,True
TEST_01126,벨로스터_JS_2018_2020,현대,현대,True
TEST_01127,트레일블레이저_2023,미국,미국,True
TEST_01128,M5_F90_2018_2023,BMW,BMW,True
TEST_01129,티볼리_2015_2018,기타,기타,True
TEST_01130,3008_2세대_2018_2023,기타,기타,True
TEST_01131,디펜더_L663_2020_2025,유럽 프리미엄,유럽 프리미엄,True
TEST_01132,더_뉴_QM6_2020_2023,일본/프랑스,일본/프랑스,True
TEST_01133,GV80_2024_2025,제네시스,제네시스,True
TEST_01134,파나메라_2010_2016,기타 독일차,기타 독일차,True
TEST_01135,X6_G06_2020_2023,BMW,BMW,True
TEST_01136,EV6_2022_2024,기아,기아,True
TEST_01137,3시리즈_E90_2005_2012,BMW,BMW,True
TEST_01138,E_PACE_2018_2020,유럽 프리미엄,유럽 프리미엄,True
TEST_01139,올_뉴_쏘렌토_2015_2017,기아,기아,True
TEST_01140,타이칸_2021_2025,벤츠,기타 독일차,False
TEST_01141,8시리즈_G15_2020_2024,BMW,BMW,True
TEST_01142,올_뉴_K7_2016_2019,기아,기아,True
TEST_01143,e_트론_2020_2023,기타 독일차,기타 독일차,True
TEST_01144,더_뉴_파사트_2012_2019,기타 독일차,기타 독일차,True
TEST_01145,디_올_뉴_니로_2022_2025,기아,기아,True
TEST_01146,베뉴_2020_2024,현대,현대,True
TEST_01147,1시리즈_F20_2016_2019,BMW,BMW,True
TEST_01148,레인지로버_이보크_2016_2019,유럽 프리미엄,유럽 프리미엄,True
TEST_01149,컨티넨탈_GT_2세대_2012_2017,유럽 프리미엄,유럽 프리미엄,True
TEST_01150,레인지로버_스포츠_2세대_2013_2017,유럽 프리미엄,유럽 프리미엄,True
TEST_01151,QM3_2014_2017,일본/프랑스,일본/프랑스,True
TEST_01152,EQA_H243_2021_2024,벤츠,벤츠,True
TEST_01153,A7_4K_2020_2024,기타 독일차,기타 독일차,True
TEST_01154,SM5_노바_2015_2019,일본/프랑스,일본/프랑스,True
TEST_01155,더_뉴_아반떼_CN7_2023_2025,현대,현대,True
TEST_01156,디스커버리_스포츠_2015_2019,유럽 프리미엄,유럽 프리미엄,True
TEST_01157,XE_2016_2019,유럽 프리미엄,유럽 프리미엄,True
TEST_01158,더_뉴_말리부_2019_2022,미국,미국,True
TEST_01159,컴패스_2세대_2018_2022,미국,미국,True
TEST_01160,3시리즈_F30_2013_2018,BMW,BMW,True
TEST_01161,QM3_2014_2017,일본/프랑스,일본/프랑스,True
TEST_01162,그랜저_HG_2015_2017,현대,현대,True
TEST_01163,더_뉴_K5_하이브리드_3세대_2023_2025,기아,기아,True
TEST_01164,X2_F39_2018_2023,BMW,BMW,True
TEST_01165,셀토스_2020_2023,기아,기아,True
TEST_01166,K8_하이브리드_2022_2024,기아,기아,True
TEST_01167,E_클래스_W213_2021_2023,벤츠,벤츠,True
TEST_01168,캠리_XV70_2018_2024,일본/프랑스,일본/프랑스,True
TEST_01169,디펜더_L663_2020_2025,유럽 프리미엄,유럽 프리미엄,True
TEST_01170,마칸_2019_2021,기타 독일차,기타 독일차,True
TEST_01171,CLS_클래스_W218_2012_2017,벤츠,벤츠,True
TEST_01172,AMG_GT_2016_2024,벤츠,벤츠,True
TEST_01173,아반떼_AD_2016_2018,현대,현대,True
TEST_01174,GLC_클래스_X254_2023_2025,벤츠,벤츠,True
TEST_01175,캐스퍼_2022_2024,현대,현대,True
TEST_01176,A4_B9_2020_2024,기타 독일차,기타 독일차,True
TEST_01177,CLS_클래스_C257_2019_2023,벤츠,벤츠,True
TEST_01178,All_New_XJ_2016_2019,유럽 프리미엄,유럽 프리미엄,True
TEST_01179,카니발_4세대_2022_2023,기아,기아,True
TEST_01180,S_클래스_W223_2021_2025,벤츠,벤츠,True
TEST_01181,GLS_클래스_X166_2017_2019,벤츠,벤츠,True
TEST_01182,G90_2019_2022,제네시스,제네시스,True
TEST_01183,6시리즈_GT_G32_2021_2024,BMW,BMW,True
TEST_01184,RAV4_2016_2018,일본/프랑스,일본/프랑스,True
TEST_01185,프리우스_C_2018_2020,일본/프랑스,일본/프랑스,True
TEST_01186,A_클래스_W177_2020_2025,벤츠,벤츠,True
TEST_01187,더_뉴_K9_2세대_2022_2025,기아,기아,True
TEST_01188,스토닉_2018_2020,기아,기아,True
TEST_01189,뉴_QM5_2012_2014,일본/프랑스,일본/프랑스,True
TEST_01190,골프_7세대_2013_2016,기타 독일차,기타 독일차,True
TEST_01191,머스탱_2015_2023,미국,미국,True
TEST_01192,알티마_2017_2018,일본/프랑스,일본/프랑스,True
TEST_01193,K5_하이브리드_3세대_2020_2023,기아,기아,True
TEST_01194,3시리즈_G20_2023_2025,BMW,BMW,True
TEST_01195,머스탱_2015_2023,미국,미국,True
TEST_01196,K5_3세대_2020_2023,기아,기아,True
TEST_01197,뉴_SM5_임프레션_2008_2010,일본/프랑스,일본/프랑스,True
TEST_01198,iX_2022_2024,BMW,BMW,True
TEST_01199,익스플로러_2018_2019,미국,미국,True
TEST_01200,K8_2022_2024,기아,기아,True
TEST_01201,K7_프리미어_하이브리드_2020_2021,기아,기아,True
TEST_01202,e_트론_2020_2023,기타 독일차,기타 독일차,True
TEST_01203,그랜저_IG_2017_2019,현대,현대,True
TEST_01204,뉴_CC_2012_2016,기타 독일차,기타 독일차,True
TEST_01205,쿠퍼_클럽맨_2016_2024,기타 독일차,기타 독일차,True
TEST_01206,더_뉴_스파크_2019_2022,미국,미국,True
TEST_01207,SM7_노바_2015_2019,일본/프랑스,일본/프랑스,True
TEST_01208,GV70_2021_2023,제네시스,제네시스,True
TEST_01209,i4_2022_2024,BMW,BMW,True
TEST_01210,더_뉴_K5_하이브리드_3세대_2023_2025,기아,기아,True
TEST_01211,레인지로버_4세대_2014_2017,유럽 프리미엄,유럽 프리미엄,True
TEST_01212,G80_RG3_2021_2023,제네시스,제네시스,True
TEST_01213,iX_2022_2024,BMW,BMW,True
TEST_01214,더_뉴_니로_2020_2022,기아,기아,True
TEST_01215,더_뉴_레이_2018_2022,기아,기아,True
TEST_01216,GLC_클래스_X253_2020_2022,벤츠,벤츠,True
TEST_01217,아이오닉6_2023_2025,현대,현대,True
TEST_01218,디_올뉴니로EV_2023_2024,기아,기아,True
TEST_01219,더_뉴_K3_2세대_2022_2024,기아,기아,True
TEST_01220,GLB_클래스_X247_2020_2023,벤츠,벤츠,True
TEST_01221,뉴쏘렌토_R_2013_2014,기아,기아,True
TEST_01222,올_뉴_렉스턴_2021_2025,기타,기타,True
TEST_01223,S_클래스_W222_2014_2020,벤츠,벤츠,True
TEST_01224,더_뉴_K9_2세대_2022_2025,기아,기아,True
TEST_01225,X1_F48_2016_2019,BMW,BMW,True
TEST_01226,X6_F16_2015_2019,BMW,BMW,True
TEST_01227,6시리즈_GT_G32_2021_2024,BMW,BMW,True
TEST_01228,G80_RG3_2021_2023,제네시스,제네시스,True
TEST_01229,GLS_클래스_X166_2017_2019,벤츠,벤츠,True
TEST_01230,투아렉_3세대_2020_2023,기타 독일차,기타 독일차,True
TEST_01231,G4_렉스턴_2018_2020,기타,기타,True
TEST_01232,GLA_클래스_X156_2015_2019,벤츠,벤츠,True
TEST_01233,쿠퍼_클럽맨_2016_2024,기타 독일차,기타 독일차,True
TEST_01234,뉴_SM5_임프레션_2008_2010,일본/프랑스,일본/프랑스,True
TEST_01235,뉴_GV80_2024_2025,제네시스,제네시스,True
TEST_01236,S90_2017_2020,유럽 프리미엄,유럽 프리미엄,True
TEST_01237,GLC_클래스_X253_2017_2019,벤츠,벤츠,True
TEST_01238,올_뉴_모닝_2012_2015,기아,기아,True
TEST_01239,디_올뉴니로EV_2023_2024,기아,기아,True
TEST_01240,더_뉴_K5_하이브리드_3세대_2023_2025,기아,기아,True
TEST_01241,파일럿_3세대_2016_2018,일본/프랑스,일본/프랑스,True
TEST_01242,에스컬레이드_2015_2020,미국,미국,True
TEST_01243,S90_2021_2025,유럽 프리미엄,유럽 프리미엄,True
TEST_01244,더_뉴_말리부_2019_2022,미국,미국,True
TEST_01245,G80_RG3_2025,제네시스,제네시스,True
TEST_01246,뉴_CC_2012_2016,기타 독일차,기타 독일차,True
TEST_01247,GLA_클래스_H247_2020_2025,벤츠,벤츠,True
TEST_01248,캐스퍼_2022_2024,현대,현대,True
TEST_01249,콰트로포르테_2017_2022,유럽 프리미엄,유럽 프리미엄,True
TEST_01250,프리우스_C_2018_2020,일본/프랑스,일본/프랑스,True
TEST_01251,XC90_2세대_2017_2019,유럽 프리미엄,유럽 프리미엄,True
TEST_01252,3시리즈_E90_2005_2012,BMW,BMW,True
TEST_01253,파사트_GT_B8_2018_2022,기타 독일차,기타 독일차,True
TEST_01254,렉스턴_스포츠_2018_2021,기타,기타,True
TEST_01255,A7_4K_2020_2024,기타 독일차,기타 독일차,True
TEST_01256,XC60_2세대_2018_2021,유럽 프리미엄,유럽 프리미엄,True
TEST_01257,파사트_GT_B8_2018_2022,기타 독일차,기타 독일차,True
TEST_01258,GV80_2020_2022,제네시스,제네시스,True
TEST_01259,E_클래스_W213_2021_2023,벤츠,벤츠,True
TEST_01260,그랜저_IG_2017_2019,현대,현대,True
TEST_01261,에스컬레이드_2015_2020,미국,미국,True
TEST_01262,더_뉴_렉스턴_스포츠_2021_2025,기타,기타,True
TEST_01263,트랙스_크로스오버_2024_2025,미국,미국,True
TEST_01264,YF쏘나타_하이브리드_2011_2015,현대,현대,True
TEST_01265,3시리즈_GT_F34_2014_2021,BMW,BMW,True
TEST_01266,티볼리_2015_2018,기타,기타,True
TEST_01267,X1_U11_2023_2024,BMW,BMW,True
TEST_01268,리얼_뉴_콜로라도_2021_2022,미국,미국,True
TEST_01269,프리우스_4세대_2016_2018,일본/프랑스,일본/프랑스,True
TEST_01270,K5_하이브리드_3세대_2020_2023,기아,기아,True
TEST_01271,K5_2세대_2016_2018,기아,기아,True
TEST_01272,X6_G06_2024_2025,BMW,BMW,True
TEST_01273,5008_2세대_2018_2019,기타,기타,True
TEST_01274,4시리즈_F32_2014_2020,BMW,BMW,True
TEST_01275,올_뉴_K3_2019_2021,기아,기아,True
TEST_01276,올_뉴_K7_하이브리드_2017_2019,기아,기아,True
TEST_01277,스포티지_5세대_2022_2024,기아,기아,True
TEST_01278,X5_G05_2019_2023,BMW,BMW,True
TEST_01279,티구안_올스페이스_2018_2023,기타 독일차,기타 독일차,True
TEST_01280,GLS_클래스_X167_2020_2024,벤츠,벤츠,True
TEST_01281,C_클래스_W205_2015_2021,벤츠,벤츠,True
TEST_01282,티구안_올스페이스_2018_2023,기타 독일차,기타 독일차,True
TEST_01283,엑센트_신형_2011_2019,일본/프랑스,현대,False
TEST_01284,2시리즈_액티브_투어러_F45_2019_2021,BMW,BMW,True
TEST_01285,레이_2012_2017,기아,기아,True
TEST_01286,뉴_SM5_임프레션_2008_2010,일본/프랑스,일본/프랑스,True
TEST_01287,X5_G05_2019_2023,BMW,BMW,True
TEST_01288,X1_U11_2023_2024,BMW,BMW,True
TEST_01289,AMG_GT_2016_2024,벤츠,벤츠,True
TEST_01290,말리부_2012_2016,미국,미국,True
TEST_01291,라브4_5세대_2019_2024,일본/프랑스,일본/프랑스,True
TEST_01292,아이오닉5_2022_2023,현대,현대,True
TEST_01293,MKC_2015_2018,미국,미국,True
TEST_01294,트랙스_2013_2016,미국,미국,True
TEST_01295,E_클래스_W213_2017_2020,벤츠,벤츠,True
TEST_01296,프리우스_4세대_2019_2022,일본/프랑스,일본/프랑스,True
TEST_01297,2시리즈_그란쿠페_F44_2020_2024,BMW,BMW,True
TEST_01298,스포티지_더_볼드_2019_2022,기아,기아,True
TEST_01299,S_클래스_W222_2014_2020,벤츠,벤츠,True
TEST_01300,S_클래스_W221_2006_2013,벤츠,벤츠,True
TEST_01301,2시리즈_액티브_투어러_U06_2022_2024,BMW,BMW,True
TEST_01302,에스컬레이드_2015_2020,미국,미국,True
TEST_01303,CT6_2016_2018,미국,미국,True
TEST_01304,CLA_클래스_C117_2014_2019,벤츠,벤츠,True
TEST_01305,랭글러_JK_2009_2017,미국,미국,True
TEST_01306,레인지로버_4세대_2014_2017,유럽 프리미엄,유럽 프리미엄,True
TEST_01307,EQS_V297_2022_2023,벤츠,벤츠,True
TEST_01308,엑센트_신형_2011_2019,현대,현대,True
TEST_01309,쿠퍼_컨트리맨_2016_2024,기타 독일차,기타 독일차,True
TEST_01310,XM3_2024,일본/프랑스,일본/프랑스,True
TEST_01311,액티언_2세대_2025,기타,기타,True
TEST_01312,QM6_2017_2019,일본/프랑스,일본/프랑스,True
TEST_01313,GLC_클래스_X253_2017_2019,벤츠,벤츠,True
TEST_01314,더_뉴_카니발_2019_2020,기아,기아,True
TEST_01315,넥쏘_2018_2024,현대,현대,True
TEST_01316,레니게이드_2015_2017,미국,미국,True
TEST_01317,GLS_클래스_X167_2020_2024,벤츠,벤츠,True
TEST_01318,더_뉴_말리부_2019_2022,미국,미국,True
TEST_01319,코나_2018_2020,현대,현대,True
TEST_01320,올_뉴_투싼_TL_2016_2018,현대,현대,True
TEST_01321,스포티지_더_볼드_2019_2022,기아,기아,True
TEST_01322,EQA_H243_2021_2024,벤츠,벤츠,True
TEST_01323,익스플로러_2016_2017,미국,미국,True
TEST_01324,넥쏘_2018_2024,현대,현대,True
TEST_01325,GV80_2020_2022,제네시스,제네시스,True
TEST_01326,더_뉴_코나_2021_2023,현대,현대,True
TEST_01327,G80_2017_2020,제네시스,제네시스,True
TEST_01328,A7_4K_2020_2024,기타 독일차,기타 독일차,True
TEST_01329,카이엔_PO536_2019_2023,기타 독일차,기타 독일차,True
TEST_01330,코나_2018_2020,현대,현대,True
TEST_01331,렉스턴_스포츠_칸_2019_2020,기타,기타,True
TEST_01332,7시리즈_G11_2016_2018,BMW,BMW,True
TEST_01333,프리우스_4세대_2019_2022,일본/프랑스,일본/프랑스,True
TEST_01334,쿠퍼_컨트리맨_2012_2015,기타 독일차,기타 독일차,True
TEST_01335,XC90_2세대_2017_2019,유럽 프리미엄,유럽 프리미엄,True
TEST_01336,7시리즈_G11_2019_2022,BMW,BMW,True
TEST_01337,8시리즈_G15_2020_2024,BMW,BMW,True
TEST_01338,SM5_노바_2015_2019,일본/프랑스,일본/프랑스,True
TEST_01339,쿠퍼_컨버터블_2016_2024,기타 독일차,기타 독일차,True
TEST_01340,디_올뉴그랜저_2023_2025,현대,현대,True
TEST_01341,7시리즈_G11_2019_2022,BMW,BMW,True
TEST_01342,더_뉴_모닝_2015_2016,기아,기아,True
TEST_01343,X5_F15_2014_2018,BMW,BMW,True
TEST_01344,더_뉴_아반떼_AD_2019_2020,현대,현대,True
TEST_01345,레인지로버_4세대_2014_2017,유럽 프리미엄,유럽 프리미엄,True
TEST_01346,더_뉴_팰리세이드_2023_2024,현대,현대,True
TEST_01347,더_뉴_카니발_4세대_2024_2025,기아,기아,True
TEST_01348,C_클래스_W206_2022_2024,벤츠,벤츠,True
TEST_01349,C_클래스_W206_2022_2024,벤츠,벤츠,True
TEST_01350,머스탱_2015_2023,미국,미국,True
TEST_01351,i4_2022_2024,BMW,BMW,True
TEST_01352,뉴_CC_2012_2016,기타 독일차,기타 독일차,True
TEST_01353,더_뉴_SM6_2021_2024,일본/프랑스,일본/프랑스,True
TEST_01354,레인지로버_스포츠_2세대_2018_2022,유럽 프리미엄,유럽 프리미엄,True
TEST_01355,레인지로버_스포츠_2세대_2013_2017,유럽 프리미엄,유럽 프리미엄,True
TEST_01356,디스커버리_5_2022_2024,유럽 프리미엄,유럽 프리미엄,True
TEST_01357,르반떼_2017_2022,유럽 프리미엄,유럽 프리미엄,True
TEST_01358,GV80_2020_2022,제네시스,제네시스,True
TEST_01359,뉴_QM5_2012_2014,일본/프랑스,일본/프랑스,True
TEST_01360,디_올뉴그랜저_2023_2025,현대,현대,True
TEST_01361,MKC_2015_2018,미국,미국,True
TEST_01362,그랜저TG_2007_2008,현대,현대,True
TEST_01363,Q7_4M_2020_2023,기타 독일차,기타 독일차,True
TEST_01364,EV6_2022_2024,기아,기아,True
TEST_01365,디_올뉴코나_2023_2025,현대,현대,True
TEST_01366,투싼_NX4_2021_2023,현대,현대,True
TEST_01367,더_뉴_카니발_2019_2020,기아,기아,True
TEST_01368,2시리즈_그란쿠페_F44_2020_2024,BMW,BMW,True
TEST_01369,All_New_XJ_2016_2019,유럽 프리미엄,유럽 프리미엄,True
TEST_01370,더_뉴_셀토스_2023_2025,기아,기아,True
TEST_01371,그랜드_스타렉스_2016_2018,현대,현대,True
TEST_01372,X5_G05_2024_2025,BMW,BMW,True
TEST_01373,기블리_2014_2023,유럽 프리미엄,유럽 프리미엄,True
TEST_01374,M4_F82_2015_2020,BMW,BMW,True
TEST_01375,MKC_2015_2018,미국,미국,True
TEST_01376,티볼리_에어_2016_2019,기타,기타,True
TEST_01377,뉴QM3_2018_2019,일본/프랑스,일본/프랑스,True
TEST_01378,레이_2012_2017,기아,기아,True
TEST_01379,시에나_4세대_2021_2024,일본/프랑스,일본/프랑스,True
TEST_01380,뉴_티구안_2012_2016,기타 독일차,기타 독일차,True
TEST_01381,올_뉴_쏘렌토_2015_2017,기아,기아,True
TEST_01382,더_뉴_팰리세이드_2023_2024,현대,현대,True
TEST_01383,더_뉴_아이오닉_하이브리드_2020,현대,현대,True
TEST_01384,익스플로러_6세대_2020_2025,미국,미국,True
TEST_01385,콜로라도_2020_2020,미국,미국,True
TEST_01386,디스커버리_4_2010_2016,유럽 프리미엄,유럽 프리미엄,True
TEST_01387,G80_2017_2020,제네시스,제네시스,True
TEST_01388,X5_F15_2014_2018,BMW,BMW,True
TEST_01389,A7_2012_2016,기타 독일차,기타 독일차,True
TEST_01390,트레일블레이저_2023,미국,미국,True
TEST_01391,3시리즈_E90_2005_2012,BMW,BMW,True
TEST_01392,3시리즈_G20_2019_2022,BMW,BMW,True
TEST_01393,XJ_8세대_2010_2019,유럽 프리미엄,유럽 프리미엄,True
TEST_01394,에쿠스_신형_2010_2015,현대,현대,True
TEST_01395,뉴_MKZ_2017_2020,미국,미국,True
TEST_01396,Q3_F3_2020_2024,기타 독일차,기타 독일차,True
TEST_01397,뉴_MKZ_2017_2020,미국,미국,True
TEST_01398,S90_2017_2020,유럽 프리미엄,유럽 프리미엄,True
TEST_01399,XJ_8세대_2010_2019,유럽 프리미엄,유럽 프리미엄,True
TEST_01400,X5_F15_2014_2018,BMW,BMW,True
TEST_01401,뉴_G80_2025_2026,제네시스,제네시스,True
TEST_01402,그랑_콜레오스_2025,일본/프랑스,일본/프랑스,True
TEST_01403,디스커버리_5_2022_2024,유럽 프리미엄,유럽 프리미엄,True
TEST_01404,캠리_XV70_2018_2024,일본/프랑스,일본/프랑스,True
TEST_01405,더_뉴_렉스턴_스포츠_칸_2021_2025,기타,기타,True
TEST_01406,쏘나타_디_엣지_DN8_2024_2025,현대,현대,True
TEST_01407,렉스턴_스포츠_칸_2019_2020,기타,기타,True
TEST_01408,GLS_클래스_X166_2017_2019,벤츠,벤츠,True
TEST_01409,5시리즈_GT_F07_2010_2017,BMW,BMW,True
TEST_01410,디스커버리_5_2022_2024,유럽 프리미엄,유럽 프리미엄,True
TEST_01411,A7_4K_2020_2024,기타 독일차,기타 독일차,True
TEST_01412,렉스턴_스포츠_칸_2019_2020,기타,기타,True
TEST_01413,올_뉴_카마로_2017_2018,미국,미국,True
TEST_01414,스포티지_5세대_2022_2024,기아,기아,True
TEST_01415,디스커버리_4_2010_2016,유럽 프리미엄,유럽 프리미엄,True
TEST_01416,M5_F90_2018_2023,BMW,BMW,True
TEST_01417,G70_2018_2020,제네시스,제네시스,True
TEST_01418,올_뉴_K3_2019_2021,기아,기아,True
TEST_01419,더_뉴_싼타페_2021_2023,현대,현대,True
TEST_01420,티구안_올스페이스_2018_2023,기타 독일차,기타 독일차,True
TEST_01421,1시리즈_F20_2013_2015,BMW,BMW,True
TEST_01422,7시리즈_G11_2019_2022,BMW,BMW,True
TEST_01423,더_뉴_SM6_2021_2024,일본/프랑스,일본/프랑스,True
TEST_01424,카니발_4세대_2022_2023,기아,기아,True
TEST_01425,마칸_2014_2018,기타 독일차,기타 독일차,True
TEST_01426,3시리즈_E90_2005_2012,BMW,BMW,True
TEST_01427,더_뉴_레이_2018_2022,기아,기아,True
TEST_01428,뉴_ES300h_2013_2015,일본/프랑스,일본/프랑스,True
TEST_01429,911_2003_2019,기타 독일차,기타 독일차,True
TEST_01430,티볼리_2015_2018,기타,기타,True
TEST_01431,카이엔_PO536_2019_2023,기타 독일차,기타 독일차,True
TEST_01432,G90_RS4_2022_2025,제네시스,제네시스,True
TEST_01433,박스터_718_2017_2024,기타 독일차,기타 독일차,True
TEST_01434,YF쏘나타_2009_2012,현대,현대,True
TEST_01435,모델_3_2024_2025,미국,미국,True
TEST_01436,2008_2015_2017,기타,기타,True
TEST_01437,아반떼_N_2022_2023,현대,현대,True
TEST_01438,더_뉴_말리부_2019_2022,미국,미국,True
TEST_01439,더_뉴_아이오닉_하이브리드_2020,현대,현대,True
TEST_01440,올_뉴_모닝_2012_2015,기아,기아,True
TEST_01441,더_뉴_트랙스_2017_2022,미국,미국,True
TEST_01442,머스탱_2015_2023,미국,미국,True
TEST_01443,그랜드_스타렉스_2016_2018,현대,현대,True
TEST_01444,레인지로버_스포츠_2세대_2018_2022,유럽 프리미엄,유럽 프리미엄,True
TEST_01445,레인지로버_이보크_2세대_2023_2024,유럽 프리미엄,유럽 프리미엄,True
TEST_01446,르반떼_2017_2022,유럽 프리미엄,유럽 프리미엄,True
TEST_01447,싼타페_TM_2019_2020,현대,현대,True
TEST_01448,GLA_클래스_H247_2020_2025,벤츠,벤츠,True
TEST_01449,티볼리_2015_2018,기타,기타,True
TEST_01450,CT6_2016_2018,미국,미국,True
TEST_01451,911_992_2020_2024,기타 독일차,기타 독일차,True
TEST_01452,GLC_클래스_X253_2020_2022,벤츠,벤츠,True
TEST_01453,XJ_8세대_2010_2019,유럽 프리미엄,유럽 프리미엄,True
TEST_01454,3시리즈_F30_2013_2018,BMW,BMW,True
TEST_01455,파나메라_971_2017_2023,기타 독일차,기타 독일차,True
TEST_01456,X6_G06_2024_2025,BMW,BMW,True
TEST_01457,올_뉴_K3_2019_2021,기아,기아,True
TEST_01458,아반떼_하이브리드_CN7_2021_2023,현대,현대,True
TEST_01459,2시리즈_그란쿠페_F44_2020_2024,BMW,BMW,True
TEST_01460,M5_F90_2018_2023,BMW,BMW,True
TEST_01461,더_뉴_말리부_2019_2022,미국,미국,True
TEST_01462,카니발_4세대_2021,기아,기아,True
TEST_01463,디스커버리_5_2022_2024,유럽 프리미엄,유럽 프리미엄,True
TEST_01464,더_뉴_K3_2016_2018,기아,기아,True
TEST_01465,CLA_클래스_C117_2014_2019,벤츠,벤츠,True
TEST_01466,EQS_V297_2022_2023,벤츠,벤츠,True
TEST_01467,K5_하이브리드_3세대_2020_2023,기아,기아,True
TEST_01468,더_뉴_K3_2016_2018,기아,기아,True
TEST_01469,X1_U11_2023_2024,BMW,BMW,True
TEST_01470,XE_2016_2019,유럽 프리미엄,유럽 프리미엄,True
TEST_01471,Q30_2017_2019,일본/프랑스,일본/프랑스,True
TEST_01472,718_박스터_2017_2024,기타 독일차,기타 독일차,True
TEST_01473,파사트_GT_B8_2018_2022,기타 독일차,기타 독일차,True
TEST_01474,X3_G01_2018_2021,BMW,BMW,True
TEST_01475,C_클래스_W206_2022_2024,벤츠,벤츠,True
TEST_01476,E_클래스_W213_2021_2023,벤츠,벤츠,True
TEST_01477,올_뉴_카니발_2015_2019,기아,기아,True
TEST_01478,K7_프리미어_하이브리드_2020_2021,기아,기아,True
TEST_01479,더_뉴_투싼_NX4_2023_2025,현대,현대,True
TEST_01480,올란도_2012_2018,미국,미국,True
TEST_01481,더_뉴_셀토스_2023_2025,기아,기아,True
TEST_01482,토레스_2023_2025,기타,기타,True
TEST_01483,6시리즈_GT_G32_2018_2020,BMW,BMW,True
TEST_01484,올_뉴_K3_2019_2021,기아,기아,True
TEST_01485,e_트론_2020_2023,기타 독일차,기타 독일차,True
TEST_01486,7시리즈_G11_2016_2018,BMW,BMW,True
TEST_01487,B_클래스_W246_2013_2018,벤츠,벤츠,True
TEST_01488,캠리_XV70_2018_2024,일본/프랑스,일본/프랑스,True
TEST_01489,더_뉴_아반떼_2014_2016,현대,현대,True
TEST_01490,X1_F48_2020_2022,BMW,BMW,True
TEST_01491,X4_F26_2015_2018,BMW,BMW,True
TEST_01492,아슬란_2015_2018,현대,현대,True
TEST_01493,더_뉴_렉스턴_스포츠_2021_2025,기타,기타,True
TEST_01494,아반떼_MD_2011_2014,현대,현대,True
TEST_01495,X3_G01_2022_2024,BMW,BMW,True
TEST_01496,5시리즈_G60_2024_2025,BMW,BMW,True
TEST_01497,GV70_2021_2023,제네시스,제네시스,True
TEST_01498,더_뉴_맥스크루즈_2016_2018,현대,현대,True
TEST_01499,레인지로버_벨라_2018_2019,유럽 프리미엄,유럽 프리미엄,True
TEST_01500,G_클래스_W463b_2019_2025,벤츠,벤츠,True
TEST_01501,코나_SX2_2023_2025,현대,현대,True
TEST_01502,레인지로버_스포츠_2세대_2018_2022,유럽 프리미엄,유럽 프리미엄,True
TEST_01503,스팅어_마이스터_2021_2023,기아,기아,True
TEST_01504,5시리즈_G30_2017_2023,BMW,BMW,True
TEST_01505,레인지로버_벨라_2018_2019,유럽 프리미엄,유럽 프리미엄,True
TEST_01506,싼타페_더_프라임_2016_2018,현대,현대,True
TEST_01507,A6_C8_2019_2025,기타 독일차,기타 독일차,True
TEST_01508,모닝_어반_JA_2021_2023,기아,기아,True
TEST_01509,뉴_SM5_플래티넘_2013_2014,일본/프랑스,일본/프랑스,True
TEST_01510,디_올뉴코나_2023_2025,현대,현대,True
TEST_01511,쿠퍼_컨트리맨_2016_2024,기타 독일차,기타 독일차,True
TEST_01512,G80_RG3_2025,제네시스,제네시스,True
TEST_01513,어코드_10세대_2018_2022,일본/프랑스,일본/프랑스,True
TEST_01514,레인지로버_5세대_2023_2024,유럽 프리미엄,유럽 프리미엄,True
TEST_01515,X1_F48_2016_2019,BMW,BMW,True
TEST_01516,아이오닉6_2023_2025,현대,현대,True
TEST_01517,더_뉴_아반떼_AD_2019_2020,현대,현대,True
TEST_01518,레이_2012_2017,기아,기아,True
TEST_01519,K8_하이브리드_2022_2024,기아,기아,True
TEST_01520,골프_7세대_2013_2016,기타 독일차,기타 독일차,True
TEST_01521,6시리즈_GT_G32_2021_2024,BMW,BMW,True
TEST_01522,SM5_노바_2015_2019,일본/프랑스,일본/프랑스,True
TEST_01523,A4_B9_2016_2019,기타 독일차,기타 독일차,True
TEST_01524,올_뉴_K3_2019_2021,기아,기아,True
TEST_01525,더_뉴_모닝_2015_2016,기아,기아,True
TEST_01526,5008_2세대_2018_2019,기타,기타,True
TEST_01527,아반떼_AD_2016_2018,현대,현대,True
TEST_01528,ES300h_7세대_2019_2026,일본/프랑스,일본/프랑스,True
TEST_01529,YF쏘나타_2009_2012,현대,현대,True
TEST_01530,New_XF_2012_2015,유럽 프리미엄,유럽 프리미엄,True
TEST_01531,YF쏘나타_하이브리드_2011_2015,현대,현대,True
TEST_01532,에쿠스_신형_2010_2015,현대,현대,True
TEST_01533,티볼리_에어_2021_2022,기타,기타,True
TEST_01534,SM7_뉴아트_2008_2011,일본/프랑스,일본/프랑스,True
TEST_01535,벨로스터_JS_2018_2020,현대,현대,True
TEST_01536,코나_2018_2020,현대,현대,True
TEST_01537,GLC_클래스_X253_2023,벤츠,벤츠,True
TEST_01538,뉴QM3_2018_2019,일본/프랑스,일본/프랑스,True
TEST_01539,CLS_클래스_W218_2012_2017,벤츠,벤츠,True
TEST_01540,캠리_XV70_2018_2024,일본/프랑스,일본/프랑스,True
TEST_01541,싼타페_더_프라임_2016_2018,현대,현대,True
TEST_01542,라브4_4세대_2013_2018,일본/프랑스,일본/프랑스,True
TEST_01543,5008_2세대_2021_2024,기타,기타,True
TEST_01544,어코드_10세대_2018_2022,일본/프랑스,일본/프랑스,True
TEST_01545,3시리즈_F30_2013_2018,BMW,BMW,True
TEST_01546,더_올뉴G80_2021_2024,현대,현대,True
TEST_01547,올_뉴_렉스턴_2021_2025,기타,기타,True
TEST_01548,GLC_클래스_X254_2023_2025,벤츠,벤츠,True
TEST_01549,EQS_V297_2022_2023,벤츠,벤츠,True
TEST_01550,에스컬레이드_2015_2020,미국,미국,True
TEST_01551,MKC_2015_2018,미국,미국,True
TEST_01552,아이오닉6_2023_2025,현대,현대,True
TEST_01553,뷰티풀_코란도_2019_2024,기타,기타,True
TEST_01554,GLS_클래스_X167_2020_2024,벤츠,벤츠,True
TEST_01555,911_992_2020_2024,기타 독일차,기타 독일차,True
TEST_01556,그랜저_IG_2017_2019,현대,현대,True
TEST_01557,벨로스터_JS_2018_2020,현대,현대,True
TEST_01558,더_뉴_셀토스_2023_2025,기아,기아,True
TEST_01559,EQE_V295_2022_2024,벤츠,벤츠,True
TEST_01560,카니발_4세대_2021,기아,기아,True
TEST_01561,더_뉴_아반떼_AD_2019_2020,현대,현대,True
TEST_01562,K8_하이브리드_2022_2024,기아,기아,True
TEST_01563,C_클래스_W204_2008_2015,벤츠,벤츠,True
TEST_01564,티볼리_에어_2016_2019,기타,기타,True
TEST_01565,더_뉴_그랜드_스타렉스_2018_2021,현대,현대,True
TEST_01566,더_뉴_쏘렌토_4세대_2024_2025,기아,기아,True
TEST_01567,GLC_클래스_X254_2023_2025,벤츠,벤츠,True
TEST_01568,V60_크로스컨트리_2세대_2020_2025,유럽 프리미엄,유럽 프리미엄,True
TEST_01569,아반떼_하이브리드_CN7_2021_2023,현대,현대,True
TEST_01570,SM6_2016_2020,일본/프랑스,일본/프랑스,True
TEST_01571,XC40_2019_2022,유럽 프리미엄,유럽 프리미엄,True
TEST_01572,M4_F82_2015_2020,BMW,BMW,True
TEST_01573,디_올뉴그랜저_2023_2025,현대,현대,True
TEST_01574,2008_2015_2017,기타,기타,True
TEST_01575,C_클래스_W206_2022_2024,벤츠,벤츠,True
TEST_01576,티볼리_에어_2021_2022,기타,기타,True
TEST_01577,익스플로러_2018_2019,미국,미국,True
TEST_01578,E_클래스_W212_2010_2016,벤츠,벤츠,True
TEST_01579,5시리즈_GT_F07_2010_2017,BMW,BMW,True
TEST_01580,5시리즈_G60_2024_2025,BMW,BMW,True
TEST_01581,5008_2세대_2021_2024,기타,기타,True
TEST_01582,컨티넨탈_10세대_2017_2019,미국,미국,True
TEST_01583,아슬란_2015_2018,현대,현대,True
TEST_01584,더_뉴_아이오닉_하이브리드_2020,현대,현대,True
TEST_01585,Q50_2014_2017,일본/프랑스,일본/프랑스,True
TEST_01586,더_뉴_쏘렌토_4세대_2024_2025,기아,기아,True
TEST_01587,뉴_스타일_코란도_C_2017_2019,기타,기타,True
TEST_01588,더_뉴_그랜저_IG_2020_2023,현대,현대,True
TEST_01589,K5_2세대_2016_2018,기아,기아,True
TEST_01590,머스탱_2015_2023,미국,미국,True
TEST_01591,올란도_2012_2018,미국,미국,True
TEST_01592,올_뉴_모닝_JA_2017_2020,기아,기아,True
TEST_01593,더_뉴_쏘렌토_2018_2020,기아,기아,True
TEST_01594,EQ900_2016_2018,제네시스,제네시스,True
TEST_01595,익스플로러_2016_2017,미국,미국,True
TEST_01596,모델_3_2024_2025,미국,미국,True
TEST_01597,팰리세이드_2019_2022,현대,현대,True
TEST_01598,레인지로버_이보크_2세대_2020_2022,유럽 프리미엄,유럽 프리미엄,True
TEST_01599,디스커버리_4_2010_2016,유럽 프리미엄,유럽 프리미엄,True
TEST_01600,더_뉴_K7_2013_2016,일본/프랑스,기아,False
TEST_01601,LF_쏘나타_2015_2017,현대,현대,True
TEST_01602,액티언_2세대_2025,기타,기타,True
TEST_01603,K7_프리미어_하이브리드_2020_2021,기아,기아,True
TEST_01604,3시리즈_GT_F34_2014_2021,BMW,BMW,True
TEST_01605,더_뉴_렉스턴_스포츠_칸_2021_2025,기타,기타,True
TEST_01606,더_넥스트_스파크_2016_2018,미국,미국,True
TEST_01607,트랙스_크로스오버_2024_2025,미국,미국,True
TEST_01608,X3_G01_2018_2021,BMW,BMW,True
TEST_01609,SM3_네오_2015_2019,일본/프랑스,일본/프랑스,True
TEST_01610,A_클래스_W177_2020_2025,벤츠,벤츠,True
TEST_01611,5008_2세대_2018_2019,기타,기타,True
TEST_01612,더_뉴_아반떼_CN7_2023_2025,현대,현대,True
TEST_01613,더_올뉴G80_2021_2024,현대,현대,True
TEST_01614,싼타페_MX5_2024_2025,현대,현대,True
TEST_01615,1시리즈_F20_2016_2019,BMW,BMW,True
TEST_01616,컨티넨탈_GT_3세대_2018_2023,유럽 프리미엄,유럽 프리미엄,True
TEST_01617,더_K9_2019_2021,기아,기아,True
TEST_01618,GLS_클래스_X167_2020_2024,벤츠,벤츠,True
TEST_01619,레니게이드_2015_2017,미국,미국,True
TEST_01620,S_클래스_W222_2014_2020,벤츠,벤츠,True
TEST_01621,스토닉_2018_2020,기아,기아,True
TEST_01622,올_뉴_투싼_TL_2016_2018,현대,현대,True
TEST_01623,아반떼_MD_2011_2014,현대,현대,True
TEST_01624,GLE_클래스_W167_2019_2024,벤츠,벤츠,True
TEST_01625,더_뉴_렉스턴_스포츠_2021_2025,기타,기타,True
TEST_01626,시에나_4세대_2021_2024,일본/프랑스,일본/프랑스,True
TEST_01627,더_뉴_모닝_JA_2024_2025,기아,기아,True
TEST_01628,3008_2세대_2018_2023,기타,기타,True
TEST_01629,올_뉴_모닝_2012_2015,기아,기아,True
TEST_01630,스포티지_5세대_2022_2024,기아,기아,True
TEST_01631,더_뉴_싼타페_2021_2023,현대,현대,True
TEST_01632,기블리_2014_2023,유럽 프리미엄,유럽 프리미엄,True
TEST_01633,타이칸_2021_2025,기타 독일차,기타 독일차,True
TEST_01634,X3_G01_2018_2021,BMW,BMW,True
TEST_01635,익스플로러_2018_2019,미국,미국,True
TEST_01636,더_뉴_파사트_2012_2019,기타 독일차,기타 독일차,True
TEST_01637,MKC_2015_2018,미국,미국,True
TEST_01638,니로_2017_2019,기아,기아,True
TEST_01639,쿠퍼_클럽맨_2016_2024,기타 독일차,기타 독일차,True
TEST_01640,RAV4_2016_2018,일본/프랑스,일본/프랑스,True
TEST_01641,올_뉴_카니발_2015_2019,기아,기아,True
TEST_01642,뉴_A6_2015_2018,기타 독일차,기타 독일차,True
TEST_01643,말리부_2012_2016,미국,미국,True
TEST_01644,뉴_ES300h_2016_2018,일본/프랑스,일본/프랑스,True
TEST_01645,SM3_네오_2015_2019,일본/프랑스,일본/프랑스,True
TEST_01646,아베오_2012_2016,미국,미국,True
TEST_01647,올_뉴_모닝_JA_2017_2020,기아,기아,True
TEST_01648,더_올뉴G80_2021_2024,현대,현대,True
TEST_01649,A5_F5_2019_2024,기타 독일차,기타 독일차,True
TEST_01650,더_뉴_코나_2021_2023,현대,현대,True
TEST_01651,3시리즈_E90_2005_2012,BMW,BMW,True
TEST_01652,G_클래스_W463_2009_2017,벤츠,벤츠,True
TEST_01653,티볼리_에어_2021_2022,기타,기타,True
TEST_01654,아이오닉5_2022_2023,현대,현대,True
TEST_01655,S90_2021_2025,유럽 프리미엄,유럽 프리미엄,True
TEST_01656,쿠퍼_컨트리맨_2016_2024,기타 독일차,기타 독일차,True
TEST_01657,아반떼_N_2022_2023,현대,현대,True
TEST_01658,콰트로포르테_2014_2016,유럽 프리미엄,유럽 프리미엄,True
TEST_01659,6시리즈_GT_G32_2021_2024,BMW,BMW,True
TEST_01660,투싼_NX4_2021_2023,현대,현대,True
TEST_01661,EV6_2022_2024,기아,기아,True
TEST_01662,스포티지_4세대_2016_2018,기아,기아,True
TEST_01663,e_트론_2020_2023,기타 독일차,기타 독일차,True
TEST_01664,아반떼_AD_2016_2018,현대,현대,True
TEST_01665,그랜저_HG_2011_2014,현대,현대,True
TEST_01666,Q30_2017_2019,일본/프랑스,일본/프랑스,True
TEST_01667,레인지로버_4세대_2018_2022,유럽 프리미엄,유럽 프리미엄,True
TEST_01668,ES300h_7세대_2019_2026,일본/프랑스,일본/프랑스,True
TEST_01669,올_뉴_말리부_2017_2018,미국,미국,True
TEST_01670,QM3_2014_2017,일본/프랑스,일본/프랑스,True
TEST_01671,QM6_2017_2019,일본/프랑스,일본/프랑스,True
TEST_01672,익스플로러_2018_2019,미국,미국,True
TEST_01673,X6_G06_2020_2023,BMW,BMW,True
TEST_01674,4시리즈_F32_2014_2020,BMW,BMW,True
TEST_01675,올란도_2012_2018,미국,미국,True
TEST_01676,라브4_5세대_2019_2024,일본/프랑스,일본/프랑스,True
TEST_01677,알티마_2017_2018,일본/프랑스,일본/프랑스,True
TEST_01678,캐스퍼_2022_2024,현대,현대,True
TEST_01679,뉴_A6_2012_2014,기타 독일차,기타 독일차,True
TEST_01680,6시리즈_GT_G32_2021_2024,BMW,BMW,True
TEST_01681,파일럿_3세대_2016_2018,일본/프랑스,일본/프랑스,True
TEST_01682,SM7_뉴아트_2008_2011,일본/프랑스,일본/프랑스,True
TEST_01683,F150_2004_2021,미국,미국,True
TEST_01684,7시리즈_G70_2023_2025,BMW,BMW,True
TEST_01685,EQA_H243_2021_2024,벤츠,벤츠,True
TEST_01686,X7_G07_2019_2022,BMW,BMW,True
TEST_01687,더_뉴_아이오닉_하이브리드_2020,현대,현대,True
TEST_01688,3시리즈_G20_2023_2025,BMW,BMW,True
TEST_01689,올_뉴_투싼_TL_2019_2020,현대,현대,True
TEST_01690,i30_PD_2017_2018,현대,현대,True
TEST_01691,XC40_2019_2022,유럽 프리미엄,유럽 프리미엄,True
TEST_01692,CLE_클래스_C236_2024_2025,벤츠,벤츠,True
TEST_01693,EV9_2024_2025,기아,기아,True
TEST_01694,1시리즈_F20_2016_2019,BMW,BMW,True
TEST_01695,몬데오_4세대_2015_2020,미국,미국,True
TEST_01696,올_뉴_렉스턴_2021_2025,기타,기타,True
TEST_01697,모하비_더_마스터_2020_2024,기아,기아,True
TEST_01698,더_넥스트_스파크_2016_2018,미국,미국,True
TEST_01699,X1_F48_2016_2019,BMW,BMW,True
TEST_01700,더_뉴_쏘렌토_4세대_2024_2025,기아,기아,True
TEST_01701,더_K9_2019_2021,기아,기아,True
TEST_01702,GLB_클래스_X247_2020_2023,벤츠,벤츠,True
TEST_01703,XJ_8세대_2010_2019,유럽 프리미엄,유럽 프리미엄,True
TEST_01704,S_클래스_W222_2014_2020,벤츠,벤츠,True
TEST_01705,머스탱_2015_2023,미국,미국,True
TEST_01706,A4_B9_2020_2024,기타 독일차,기타 독일차,True
TEST_01707,S90_2017_2020,유럽 프리미엄,유럽 프리미엄,True
TEST_01708,라브4_5세대_2019_2024,일본/프랑스,일본/프랑스,True
TEST_01709,S60_3세대_2020_2024,유럽 프리미엄,유럽 프리미엄,True
TEST_01710,더_뉴_카니발_4세대_2024_2025,기아,기아,True
TEST_01711,에스컬레이드_5세대_2021_2024,미국,미국,True
TEST_01712,파일럿_3세대_2016_2018,일본/프랑스,일본/프랑스,True
TEST_01713,G4_렉스턴_2018_2020,기타,기타,True
TEST_01714,디스커버리_스포츠_2015_2019,유럽 프리미엄,유럽 프리미엄,True
TEST_01715,G70_2018_2020,제네시스,제네시스,True
TEST_01716,쿠퍼_컨버터블_2016_2024,기타 독일차,기타 독일차,True
TEST_01717,5시리즈_G60_2024_2025,BMW,BMW,True
TEST_01718,K5_하이브리드_3세대_2020_2023,기아,기아,True
TEST_01719,아반떼_하이브리드_CN7_2021_2023,현대,현대,True
TEST_01720,투아렉_3세대_2020_2023,기타 독일차,기타 독일차,True
TEST_01721,마칸_2019_2021,기타 독일차,기타 독일차,True
TEST_01722,몬데오_4세대_2015_2020,미국,미국,True
TEST_01723,쿠퍼_컨버터블_2016_2024,기타 독일차,기타 독일차,True
TEST_01724,르반떼_2017_2022,유럽 프리미엄,유럽 프리미엄,True
TEST_01725,XF_X260_2016_2020,유럽 프리미엄,유럽 프리미엄,True
TEST_01726,올_뉴_쏘렌토_2015_2017,기아,기아,True
TEST_01727,타이칸_2021_2025,기타 독일차,기타 독일차,True
TEST_01728,S_클래스_W223_2021_2025,벤츠,벤츠,True
TEST_01729,뉴_CC_2012_2016,일본/프랑스,기타 독일차,False
TEST_01730,올_뉴_K7_하이브리드_2017_2019,기아,기아,True
TEST_01731,컴패스_2세대_2018_2022,미국,미국,True
TEST_01732,4시리즈_F32_2014_2020,BMW,BMW,True
TEST_01733,더_넥스트_스파크_2016_2018,미국,미국,True
TEST_01734,3시리즈_G20_2019_2022,BMW,BMW,True
TEST_01735,GLC_클래스_X253_2017_2019,벤츠,벤츠,True
TEST_01736,X5_G05_2019_2023,BMW,BMW,True
TEST_01737,5시리즈_GT_F07_2010_2017,BMW,BMW,True
TEST_01738,더_뉴_쏘렌토_2018_2020,기아,기아,True
TEST_01739,더_뉴_레이_2018_2022,기아,기아,True
TEST_01740,올_뉴_쏘렌토_2015_2017,기아,기아,True
TEST_01741,X4_G02_2022_2025,BMW,BMW,True
TEST_01742,더_뉴_싼타페_2021_2023,현대,현대,True
TEST_01743,E_클래스_W214_2024_2025,벤츠,벤츠,True
TEST_01744,디_올_뉴_스포티지_2022_2024,기아,기아,True
TEST_01745,더_뉴_팰리세이드_2023_2024,현대,현대,True
TEST_01746,911_992_2020_2024,기타 독일차,기타 독일차,True
TEST_01747,더_뉴_아이오닉_하이브리드_2020,현대,현대,True
TEST_01748,콰트로포르테_2017_2022,유럽 프리미엄,유럽 프리미엄,True
TEST_01749,컨티넨탈_GT_3세대_2018_2023,유럽 프리미엄,유럽 프리미엄,True
TEST_01750,GLA_클래스_X156_2015_2019,벤츠,벤츠,True
TEST_01751,A_클래스_W177_2020_2025,벤츠,벤츠,True
TEST_01752,더_뉴_코란도_스포츠_2016_2018,기타,기타,True
TEST_01753,F_PACE_2017_2019,유럽 프리미엄,유럽 프리미엄,True
TEST_01754,카니발_4세대_2021,기아,기아,True
TEST_01755,올_뉴_K7_2016_2019,기아,기아,True
TEST_01756,더_뉴_K3_2016_2018,기아,기아,True
TEST_01757,K5_하이브리드_3세대_2020_2023,기아,기아,True
TEST_01758,YF쏘나타_2009_2012,현대,현대,True
TEST_01759,GLS_클래스_X166_2017_2019,벤츠,벤츠,True
TEST_01760,3시리즈_GT_F34_2014_2021,BMW,BMW,True
TEST_01761,4시리즈_F32_2014_2020,BMW,BMW,True
TEST_01762,올_뉴_투싼_TL_2019_2020,현대,현대,True
TEST_01763,718_박스터_2017_2024,기타 독일차,기타 독일차,True
TEST_01764,싼타페_TM_2019_2020,현대,현대,True
TEST_01765,트랙스_2013_2016,미국,미국,True
TEST_01766,GV80_2020_2022,제네시스,제네시스,True
TEST_01767,디_올뉴코나_2023_2025,현대,현대,True
TEST_01768,CLA_클래스_C118_2020_2025,벤츠,벤츠,True
TEST_01769,더_뉴_K3_2세대_2022_2024,기아,기아,True
TEST_01770,아반떼_MD_2011_2014,벤츠,현대,False
TEST_01771,싼타페_더_프라임_2016_2018,현대,현대,True
TEST_01772,All_New_XJ_2016_2019,유럽 프리미엄,유럽 프리미엄,True
TEST_01773,V40_2015_2018,유럽 프리미엄,유럽 프리미엄,True
TEST_01774,X3_G01_2022_2024,BMW,BMW,True
TEST_01775,X4_G02_2022_2025,BMW,BMW,True
TEST_01776,뉴_체어맨_W_2012_2016,기타,기타,True
TEST_01777,4시리즈_F32_2014_2020,BMW,BMW,True
TEST_01778,X5_G05_2024_2025,BMW,BMW,True
TEST_01779,더_뉴_레이_2018_2022,기아,기아,True
TEST_01780,쿠퍼_컨트리맨_2016_2024,기타 독일차,기타 독일차,True
TEST_01781,쿠퍼_클럽맨_2016_2024,기타 독일차,기타 독일차,True
TEST_01782,S_클래스_W222_2014_2020,벤츠,벤츠,True
TEST_01783,GLE_클래스_W166_2016_2018,벤츠,벤츠,True
TEST_01784,A4_B9_2016_2019,제네시스,기타 독일차,False
TEST_01785,All_New_XJ_2016_2019,유럽 프리미엄,유럽 프리미엄,True
TEST_01786,i4_2022_2024,BMW,BMW,True
TEST_01787,제네시스_DH_2014_2016,제네시스,제네시스,True
TEST_01788,G_클래스_W463_2009_2017,벤츠,벤츠,True
TEST_01789,X5_F15_2014_2018,BMW,BMW,True
TEST_01790,더_뉴_쏘렌토_2018_2020,기아,기아,True
TEST_01791,더_뉴_아이오닉_하이브리드_2020,현대,현대,True
TEST_01792,5시리즈_F10_2010_2016,BMW,BMW,True
TEST_01793,ES300h_7세대_2019_2026,일본/프랑스,일본/프랑스,True
TEST_01794,QM6_2017_2019,일본/프랑스,일본/프랑스,True
TEST_01795,뉴쏘렌토_R_2013_2014,기아,기아,True
TEST_01796,올_뉴_K7_하이브리드_2017_2019,기아,기아,True
TEST_01797,A_클래스_W176_2015_2018,벤츠,벤츠,True
TEST_01798,뉴_ES300h_2013_2015,일본/프랑스,일본/프랑스,True
TEST_01799,V90_크로스컨트리_2018_2024,유럽 프리미엄,유럽 프리미엄,True
TEST_01800,Q7_4M_2020_2023,기타 독일차,기타 독일차,True
TEST_01801,마칸_2014_2018,기타 독일차,기타 독일차,True
TEST_01802,디스커버리_5_2017_2020,유럽 프리미엄,유럽 프리미엄,True
TEST_01803,i30_PD_2017_2018,현대,현대,True
TEST_01804,E_클래스_W213_2017_2020,벤츠,벤츠,True
TEST_01805,X3_G01_2022_2024,BMW,BMW,True
TEST_01806,e_트론_2020_2023,기타 독일차,기타 독일차,True
TEST_01807,5시리즈_G30_2017_2023,BMW,BMW,True
TEST_01808,박스터_718_2017_2024,기타 독일차,기타 독일차,True
TEST_01809,프리우스_C_2018_2020,일본/프랑스,일본/프랑스,True
TEST_01810,투싼_NX4_2021_2023,현대,현대,True
TEST_01811,투싼_NX4_2021_2023,현대,현대,True
TEST_01812,1시리즈_F20_2013_2015,BMW,BMW,True
TEST_01813,G80_2017_2020,제네시스,제네시스,True
TEST_01814,쏘나타_DN8_2020_2023,현대,현대,True
TEST_01815,i30_PD_2017_2018,현대,현대,True
TEST_01816,더_뉴_아반떼_2014_2016,현대,현대,True
TEST_01817,S_클래스_W222_2014_2020,벤츠,벤츠,True
TEST_01818,K5_3세대_하이브리드_2020_2022,기아,기아,True
TEST_01819,레인지로버_이보크_2세대_2020_2022,유럽 프리미엄,유럽 프리미엄,True
TEST_01820,5시리즈_GT_F07_2010_2017,BMW,BMW,True
TEST_01821,레인지로버_벨라_2018_2019,유럽 프리미엄,유럽 프리미엄,True
TEST_01822,더_뉴_모닝_2015_2016,기아,기아,True
TEST_01823,더_뉴_니로_2020_2022,기아,기아,True
TEST_01824,QX60_2016_2018,일본/프랑스,일본/프랑스,True
TEST_01825,프리우스_4세대_2019_2022,일본/프랑스,일본/프랑스,True
TEST_01826,싼타페_TM_2019_2020,현대,현대,True
TEST_01827,아반떼_하이브리드_CN7_2021_2023,현대,현대,True
TEST_01828,MKC_2015_2018,미국,미국,True
TEST_01829,MKC_2015_2018,미국,미국,True
TEST_01830,X4_F26_2015_2018,BMW,BMW,True
TEST_01831,Q7_4M_2020_2023,기타 독일차,기타 독일차,True
TEST_01832,니로_2017_2019,기아,기아,True
TEST_01833,디_올뉴코나_2023_2025,현대,현대,True
TEST_01834,디펜더_L663_2020_2025,유럽 프리미엄,유럽 프리미엄,True
TEST_01835,8시리즈_G15_2020_2024,BMW,BMW,True
TEST_01836,투싼_NX4_2021_2023,현대,현대,True
TEST_01837,XC60_2세대_2022_2025,유럽 프리미엄,유럽 프리미엄,True
TEST_01838,임팔라_2016_2019,미국,미국,True
TEST_01839,S90_2021_2025,유럽 프리미엄,유럽 프리미엄,True
TEST_01840,쏘나타_DN8_2020_2023,현대,현대,True
TEST_01841,레니게이드_2015_2017,미국,미국,True
TEST_01842,E_클래스_W214_2024_2025,벤츠,벤츠,True
TEST_01843,SM7_뉴아트_2008_2011,일본/프랑스,일본/프랑스,True
TEST_01844,임팔라_2016_2019,미국,미국,True
TEST_01845,렉스턴_스포츠_칸_2019_2020,기타,기타,True
TEST_01846,레니게이드_2019_2023,미국,미국,True
TEST_01847,뉴_SM5_임프레션_2008_2010,일본/프랑스,일본/프랑스,True
TEST_01848,7시리즈_F01_2009_2015,BMW,BMW,True
TEST_01849,디스커버리_5_2017_2020,유럽 프리미엄,유럽 프리미엄,True
TEST_01850,뉴_QM5_2012_2014,일본/프랑스,일본/프랑스,True
TEST_01851,디스커버리_스포츠_2세대_2020_2025,유럽 프리미엄,유럽 프리미엄,True
TEST_01852,CLA_클래스_C118_2020_2025,벤츠,벤츠,True
TEST_01853,V90_크로스컨트리_2018_2024,유럽 프리미엄,유럽 프리미엄,True
TEST_01854,A7_4K_2020_2024,기타 독일차,기타 독일차,True
TEST_01855,올_뉴_카니발_2015_2019,기아,기아,True
TEST_01856,K3_2013_2015,기아,기아,True
TEST_01857,쏘나타_뉴_라이즈_2018_2019,현대,현대,True
TEST_01858,3시리즈_E90_2005_2012,BMW,BMW,True
TEST_01859,디_올뉴코나_2023_2025,현대,현대,True
TEST_01860,5시리즈_F10_2010_2016,BMW,BMW,True
TEST_01861,RAV4_5세대_2019_2024,일본/프랑스,일본/프랑스,True
TEST_01862,B_클래스_W246_2013_2018,벤츠,벤츠,True
TEST_01863,SM7_뉴아트_2008_2011,일본/프랑스,일본/프랑스,True
TEST_01864,C_클래스_W206_2022_2024,벤츠,벤츠,True
TEST_01865,X4_G02_2019_2021,BMW,BMW,True
TEST_01866,아반떼_MD_2011_2014,현대,현대,True
TEST_01867,마칸_2022_2024,일본/프랑스,기타 독일차,False
TEST_01868,아베오_2012_2016,미국,미국,True
TEST_01869,XF_X260_2016_2020,유럽 프리미엄,유럽 프리미엄,True
TEST_01870,파나메라_971_2017_2023,기타 독일차,기타 독일차,True
TEST_01871,C_클래스_W204_2008_2015,벤츠,벤츠,True
TEST_01872,아베오_2012_2016,미국,미국,True
TEST_01873,6시리즈_GT_G32_2021_2024,BMW,BMW,True
TEST_01874,모델_3_2019_2022,미국,미국,True
TEST_01875,M4_F82_2015_2020,BMW,BMW,True
TEST_01876,X3_G01_2022_2024,BMW,BMW,True
TEST_01877,티볼리_에어_2021_2022,기타,기타,True
TEST_01878,티볼리_2015_2018,기타,기타,True
TEST_01879,X1_F48_2020_2022,BMW,BMW,True
TEST_01880,CLE_클래스_C236_2024_2025,벤츠,벤츠,True
TEST_01881,렉스턴_스포츠_칸_2019_2020,기타,기타,True
TEST_01882,캠리_XV70_2018_2024,일본/프랑스,일본/프랑스,True
TEST_01883,더_뉴_QM6_2020_2023,일본/프랑스,일본/프랑스,True
TEST_01884,디_올뉴코나_2023_2025,현대,현대,True
TEST_01885,에비에이터_2세대_2020_2025,미국,미국,True
TEST_01886,C_클래스_W205_2015_2021,벤츠,벤츠,True
TEST_01887,뉴_QM6_2021_2023,일본/프랑스,일본/프랑스,True
TEST_01888,RAV4_5세대_2019_2024,일본/프랑스,일본/프랑스,True
TEST_01889,4시리즈_G22_2021_2023,BMW,BMW,True
TEST_01890,2008_2015_2017,기타,기타,True
TEST_01891,더_넥스트_스파크_2016_2018,미국,미국,True
TEST_01892,아반떼_N_2022_2023,현대,현대,True
TEST_01893,더_뉴_K5_2세대_2019_2020,기아,기아,True
TEST_01894,A_클래스_W176_2015_2018,벤츠,벤츠,True
TEST_01895,티볼리_에어_2016_2019,기타,기타,True
TEST_01896,타이칸_2021_2025,기타 독일차,기타 독일차,True
TEST_01897,4시리즈_G22_2021_2023,BMW,BMW,True
TEST_01898,레이_2012_2017,기아,기아,True
TEST_01899,그랜저TG_2007_2008,현대,현대,True
TEST_01900,EQE_V295_2022_2024,벤츠,벤츠,True
TEST_01901,V90_크로스컨트리_2018_2024,유럽 프리미엄,유럽 프리미엄,True
TEST_01902,글래디에이터_JT_2020_2023,미국,미국,True
TEST_01903,M4_F82_2015_2020,BMW,BMW,True
TEST_01904,V60_크로스컨트리_2세대_2020_2025,유럽 프리미엄,유럽 프리미엄,True
TEST_01905,더_올뉴투싼_하이브리드_2021_2023,현대,현대,True
TEST_01906,뉴_카이엔_2011_2018,기타 독일차,기타 독일차,True
TEST_01907,5008_2세대_2021_2024,기타,기타,True
TEST_01908,뉴_A6_2015_2018,기타 독일차,기타 독일차,True
TEST_01909,프리우스_4세대_2016_2018,일본/프랑스,일본/프랑스,True
TEST_01910,K5_하이브리드_3세대_2020_2023,기아,기아,True
TEST_01911,프리우스_4세대_2019_2022,일본/프랑스,일본/프랑스,True
TEST_01912,더_뉴_맥스크루즈_2016_2018,현대,현대,True
TEST_01913,디_올_뉴_스포티지_2022_2024,기아,기아,True
TEST_01914,5시리즈_GT_F07_2010_2017,BMW,BMW,True
TEST_01915,렉스턴_스포츠_칸_2019_2020,기타,기타,True
TEST_01916,G_클래스_W463b_2019_2025,벤츠,벤츠,True
TEST_01917,뉴_CC_2012_2016,기타 독일차,기타 독일차,True
TEST_01918,더_뉴_아반떼_AD_2019_2020,현대,현대,True
TEST_01919,그랜저_GN7_2023_2025,현대,현대,True
TEST_01920,K7_프리미어_하이브리드_2020_2021,기아,기아,True
TEST_01921,4시리즈_G22_2021_2023,BMW,BMW,True
TEST_01922,컨티넨탈_10세대_2017_2019,미국,미국,True
TEST_01923,더_뉴_니로_2020_2022,기아,기아,True
TEST_01924,카이엔_PO536_2019_2023,기타 독일차,기타 독일차,True
TEST_01925,SM3_네오_2015_2019,일본/프랑스,일본/프랑스,True
TEST_01926,더_뉴_쏘렌토_2018_2020,기아,기아,True
TEST_01927,G90_2019_2022,제네시스,제네시스,True
TEST_01928,더_뉴_K7_2013_2016,기아,기아,True
TEST_01929,모델_Y_2021_2025,미국,미국,True
TEST_01930,그랜저_GN7_2023_2025,현대,현대,True
TEST_01931,XC40_2019_2022,유럽 프리미엄,유럽 프리미엄,True
TEST_01932,K7_프리미어_하이브리드_2020_2021,기아,기아,True
TEST_01933,Z4_G29_2019_2025,BMW,BMW,True
TEST_01934,뉴_MKZ_2017_2020,미국,미국,True
TEST_01935,그랑_콜레오스_2025,일본/프랑스,일본/프랑스,True
TEST_01936,더_뉴_K5_하이브리드_3세대_2023_2025,기아,기아,True
TEST_01937,라브4_4세대_2013_2018,일본/프랑스,일본/프랑스,True
TEST_01938,EQA_H243_2021_2024,벤츠,벤츠,True
TEST_01939,CT6_2016_2018,미국,미국,True
TEST_01940,트랙스_2013_2016,미국,미국,True
TEST_01941,더_뉴_K9_2세대_2022_2025,기아,기아,True
TEST_01942,S_클래스_W223_2021_2025,벤츠,벤츠,True
TEST_01943,레인지로버_4세대_2014_2017,유럽 프리미엄,유럽 프리미엄,True
TEST_01944,2시리즈_액티브_투어러_U06_2022_2024,BMW,BMW,True
TEST_01945,아반떼_MD_2011_2014,현대,현대,True
TEST_01946,글래디에이터_JT_2020_2023,미국,미국,True
TEST_01947,그랜저_GN7_2023_2025,현대,현대,True
TEST_01948,올_뉴_투싼_TL_2019_2020,현대,현대,True
TEST_01949,GLC_클래스_X253_2023,벤츠,벤츠,True
TEST_01950,익스플로러_2018_2019,미국,미국,True
TEST_01951,일렉트리파이드_GV70_2022_2024,제네시스,제네시스,True
TEST_01952,파사트_GT_B8_2018_2022,기타 독일차,기타 독일차,True
TEST_01953,V90_크로스컨트리_2018_2024,유럽 프리미엄,유럽 프리미엄,True
TEST_01954,X5_G05_2024_2025,BMW,BMW,True
TEST_01955,더_뉴_K9_2세대_2022_2025,기아,기아,True
TEST_01956,더_뉴_그랜드_스타렉스_2018_2021,현대,현대,True
TEST_01957,더_뉴_아반떼_AD_2019_2020,현대,현대,True
TEST_01958,에비에이터_2세대_2020_2025,미국,미국,True
TEST_01959,더_뉴스포티지R_2014_2016,기아,기아,True
TEST_01960,UX250h_2019_2024,일본/프랑스,일본/프랑스,True
TEST_01961,더_뉴_아반떼_CN7_2023_2025,현대,현대,True
TEST_01962,파사트_GT_B8_2018_2022,기타 독일차,기타 독일차,True
TEST_01963,더_뉴_레이_2018_2022,기아,기아,True
TEST_01964,디스커버리_스포츠_2세대_2020_2025,유럽 프리미엄,유럽 프리미엄,True
TEST_01965,G80_RG3_2021_2023,제네시스,제네시스,True
TEST_01966,X6_G06_2024_2025,BMW,BMW,True
TEST_01967,그랜저_HG_2015_2017,현대,현대,True
TEST_01968,올_뉴_투싼_TL_2016_2018,현대,현대,True
TEST_01969,레인지로버_이보크_2016_2019,유럽 프리미엄,유럽 프리미엄,True
TEST_01970,CLA_클래스_C118_2020_2025,벤츠,벤츠,True
TEST_01971,그랑_콜레오스_2025,일본/프랑스,일본/프랑스,True
TEST_01972,에스컬레이드_2015_2020,미국,미국,True
TEST_01973,K5_하이브리드_3세대_2020_2023,기아,기아,True
TEST_01974,마칸_2019_2021,기타 독일차,기타 독일차,True
TEST_01975,임팔라_2016_2019,미국,미국,True
TEST_01976,4시리즈_G22_2024_2025,BMW,BMW,True
TEST_01977,더_뉴_QM6_2024_2025,일본/프랑스,일본/프랑스,True
TEST_01978,6시리즈_GT_G32_2018_2020,BMW,BMW,True
TEST_01979,K5_3세대_2020_2023,기아,기아,True
TEST_01980,레인지로버_스포츠_2세대_2013_2017,유럽 프리미엄,유럽 프리미엄,True
TEST_01981,GLC_클래스_X253_2023,벤츠,벤츠,True
TEST_01982,2008_2015_2017,기타,기타,True
TEST_01983,G_클래스_W463_2009_2017,벤츠,벤츠,True
TEST_01984,X6_F16_2015_2019,BMW,BMW,True
TEST_01985,아반떼_AD_2016_2018,현대,현대,True
TEST_01986,EQ900_2016_2018,제네시스,제네시스,True
TEST_01987,5008_2세대_2021_2024,기타,기타,True
TEST_01988,CT6_2016_2018,미국,미국,True
TEST_01989,쿠퍼_컨트리맨_2016_2024,기타 독일차,기타 독일차,True
TEST_01990,뉴_QM5_2012_2014,일본/프랑스,일본/프랑스,True
TEST_01991,스타리아_2022_2025,현대,현대,True
TEST_01992,QM3_2014_2017,일본/프랑스,일본/프랑스,True
TEST_01993,아반떼_MD_2011_2014,현대,현대,True
TEST_01994,더_뉴_K7_2013_2016,기아,기아,True
TEST_01995,GLS_클래스_X166_2017_2019,벤츠,벤츠,True
TEST_01996,티볼리_에어_2016_2019,기타,기타,True
TEST_01997,4시리즈_G22_2021_2023,BMW,BMW,True
TEST_01998,파나메라_2010_2016,유럽 프리미엄,기타 독일차,False
TEST_01999,6시리즈_F12_2011_2018,BMW,BMW,True
TEST_02000,GLC_클래스_X254_2023_2025,벤츠,벤츠,True
TEST_02001,GV80_2020_2022,제네시스,제네시스,True
TEST_02002,Q3_F3_2020_2024,기타 독일차,기타 독일차,True
TEST_02003,911_992_2020_2024,기타 독일차,기타 독일차,True
TEST_02004,더_올뉴G80_2021_2024,현대,현대,True
TEST_02005,S90_2017_2020,유럽 프리미엄,유럽 프리미엄,True
TEST_02006,올_뉴_K7_하이브리드_2017_2019,기아,기아,True
TEST_02007,익스플로러_2016_2017,미국,미국,True
TEST_02008,박스터_718_2017_2024,기타 독일차,기타 독일차,True
TEST_02009,X5_F15_2014_2018,BMW,BMW,True
TEST_02010,XC60_2세대_2022_2025,유럽 프리미엄,유럽 프리미엄,True
TEST_02011,6시리즈_GT_G32_2021_2024,BMW,BMW,True
TEST_02012,올_뉴_K7_2016_2019,기아,기아,True
TEST_02013,EV9_2024_2025,기아,기아,True
TEST_02014,더_뉴_레이_2018_2022,기아,기아,True
TEST_02015,M5_F90_2018_2023,BMW,BMW,True
TEST_02016,파나메라_2010_2016,기타 독일차,기타 독일차,True
TEST_02017,팰리세이드_LX3_2025,현대,현대,True
TEST_02018,UX250h_2019_2024,일본/프랑스,일본/프랑스,True
TEST_02019,3시리즈_G20_2023_2025,BMW,BMW,True
TEST_02020,7시리즈_G11_2016_2018,BMW,BMW,True
TEST_02021,A7_4K_2020_2024,기타 독일차,기타 독일차,True
TEST_02022,레니게이드_2015_2017,미국,미국,True
TEST_02023,파나메라_2010_2016,기타 독일차,기타 독일차,True
TEST_02024,디_올_뉴_니로_2022_2025,기아,기아,True
TEST_02025,카니발_4세대_2022_2023,기아,기아,True
TEST_02026,더_기아_레이_EV_2024_2025,기아,기아,True
TEST_02027,A_클래스_W177_2020_2025,벤츠,벤츠,True
TEST_02028,더_뉴_파사트_2012_2019,기타 독일차,기타 독일차,True
TEST_02029,더_뉴_아이오닉_하이브리드_2020,현대,현대,True
TEST_02030,K8_하이브리드_2022_2024,기아,기아,True
TEST_02031,그랜저_HG_2015_2017,현대,현대,True
TEST_02032,쏘렌토_4세대_2021_2023,현대,현대,True
TEST_02033,아반떼_AD_2016_2018,현대,현대,True
TEST_02034,SM6_2016_2020,일본/프랑스,일본/프랑스,True
TEST_02035,V90_크로스컨트리_2018_2024,유럽 프리미엄,유럽 프리미엄,True
TEST_02036,레인지로버_4세대_2018_2022,유럽 프리미엄,유럽 프리미엄,True
TEST_02037,XC60_2세대_2018_2021,유럽 프리미엄,유럽 프리미엄,True
TEST_02038,7시리즈_G70_2023_2025,BMW,BMW,True
TEST_02039,3시리즈_F30_2013_2018,BMW,BMW,True
TEST_02040,AMG_GT_2016_2024,벤츠,벤츠,True
TEST_02041,콜로라도_2020_2020,미국,미국,True
TEST_02042,토레스_2023_2025,기타,기타,True
TEST_02043,캠리_XV70_2018_2024,일본/프랑스,일본/프랑스,True
TEST_02044,5008_2세대_2021_2024,기타,기타,True
TEST_02045,파일럿_3세대_2016_2018,일본/프랑스,일본/프랑스,True
TEST_02046,컨티넨탈_GT_2세대_2012_2017,유럽 프리미엄,유럽 프리미엄,True
TEST_02047,더_뉴_QM6_2020_2023,일본/프랑스,일본/프랑스,True
TEST_02048,K8_2022_2024,기아,기아,True
TEST_02049,타이칸_2021_2025,기타 독일차,기타 독일차,True
TEST_02050,Q50_2014_2017,일본/프랑스,일본/프랑스,True
TEST_02051,3시리즈_G20_2023_2025,BMW,BMW,True
TEST_02052,A8_D5_2018_2023,기타 독일차,기타 독일차,True
TEST_02053,기블리_2014_2023,유럽 프리미엄,유럽 프리미엄,True
TEST_02054,더_K9_2019_2021,기아,기아,True
TEST_02055,더_올뉴투싼_하이브리드_2021_2023,현대,현대,True
TEST_02056,코나_2018_2020,현대,현대,True
TEST_02057,레인지로버_스포츠_2세대_2013_2017,유럽 프리미엄,유럽 프리미엄,True
TEST_02058,르반떼_2017_2022,유럽 프리미엄,유럽 프리미엄,True
TEST_02059,쏘나타_디_엣지_DN8_2024_2025,현대,현대,True
TEST_02060,XC90_2세대_2020_2025,유럽 프리미엄,유럽 프리미엄,True
TEST_02061,스포티지_더_볼드_2019_2022,기아,기아,True
TEST_02062,G90_2019_2022,제네시스,제네시스,True
TEST_02063,투아렉_3세대_2020_2023,기타 독일차,기타 독일차,True
TEST_02064,아반떼_하이브리드_CN7_2021_2023,현대,현대,True
TEST_02065,S90_2017_2020,유럽 프리미엄,유럽 프리미엄,True
TEST_02066,Q5_FY_2021_2024,기타 독일차,기타 독일차,True
TEST_02067,X6_G06_2020_2023,BMW,BMW,True
TEST_02068,CLS_클래스_C257_2019_2023,벤츠,벤츠,True
TEST_02069,더_기아_레이_EV_2024_2025,기아,기아,True
TEST_02070,XC90_2세대_2017_2019,유럽 프리미엄,유럽 프리미엄,True
TEST_02071,캐스퍼_2022_2024,현대,현대,True
TEST_02072,XC90_2세대_2017_2019,유럽 프리미엄,유럽 프리미엄,True
TEST_02073,S90_2017_2020,유럽 프리미엄,유럽 프리미엄,True
TEST_02074,S_클래스_W223_2021_2025,벤츠,벤츠,True
TEST_02075,더_뉴_K5_3세대_2024_2025,기아,기아,True
TEST_02076,718_카이맨_2017_2024,기타 독일차,기타 독일차,True
TEST_02077,GLB_클래스_X247_2020_2023,벤츠,벤츠,True
TEST_02078,EQE_V295_2022_2024,벤츠,벤츠,True
TEST_02079,트랙스_2013_2016,미국,미국,True
TEST_02080,스포티지_5세대_2022_2024,기아,기아,True
TEST_02081,더_뉴_아반떼_CN7_2023_2025,현대,현대,True
TEST_02082,뉴_ES300h_2016_2018,일본/프랑스,일본/프랑스,True
TEST_02083,코나_SX2_2023_2025,현대,현대,True
TEST_02084,GV70_2021_2023,제네시스,제네시스,True
TEST_02085,투아렉_3세대_2020_2023,기타 독일차,기타 독일차,True
TEST_02086,디펜더_L663_2020_2025,유럽 프리미엄,유럽 프리미엄,True
TEST_02087,X5_G05_2024_2025,BMW,BMW,True
TEST_02088,K3_2013_2015,기아,기아,True
TEST_02089,니로_2017_2019,기아,기아,True
TEST_02090,2시리즈_그란쿠페_F44_2020_2024,BMW,BMW,True
TEST_02091,올_뉴_K7_2016_2019,기아,기아,True
TEST_02092,M2_F87_2016_2021,BMW,BMW,True
TEST_02093,카이엔_PO536_2019_2023,기타 독일차,기타 독일차,True
TEST_02094,타이칸_2021_2025,기타 독일차,기타 독일차,True
TEST_02095,M5_F90_2018_2023,BMW,BMW,True
TEST_02096,그랜드카니발_2006_2010,기아,기아,True
TEST_02097,더_뉴_모하비_2017_2019,기아,기아,True
TEST_02098,디_올_뉴_스포티지_2022_2024,기아,기아,True
TEST_02099,니로_2017_2019,기아,기아,True
TEST_02100,SM7_뉴아트_2008_2011,일본/프랑스,일본/프랑스,True
TEST_02101,팰리세이드_2019_2022,현대,현대,True
TEST_02102,쿠퍼_컨트리맨_2012_2015,기타 독일차,기타 독일차,True
TEST_02103,트랙스_2013_2016,미국,미국,True
TEST_02104,GLS_클래스_X167_2020_2024,벤츠,벤츠,True
TEST_02105,올_뉴_모닝_JA_2017_2020,기아,기아,True
TEST_02106,SM5_노바_2015_2019,일본/프랑스,일본/프랑스,True
TEST_02107,콰트로포르테_2017_2022,유럽 프리미엄,유럽 프리미엄,True
TEST_02108,더_뉴_모닝_JA_2024_2025,기아,기아,True
TEST_02109,랭글러_JL_2018_2024,미국,미국,True
TEST_02110,코세어_2020_2022,미국,미국,True
TEST_02111,G70_2018_2020,제네시스,제네시스,True
TEST_02112,1시리즈_F20_2016_2019,BMW,BMW,True
TEST_02113,GLE_클래스_W166_2016_2018,벤츠,벤츠,True
TEST_02114,GLE_클래스_W167_2019_2024,벤츠,벤츠,True
TEST_02115,G90_RS4_2022_2025,제네시스,제네시스,True
TEST_02116,SM7_뉴아트_2008_2011,일본/프랑스,일본/프랑스,True
TEST_02117,아슬란_2015_2018,현대,현대,True
TEST_02118,프리우스_C_2018_2020,일본/프랑스,일본/프랑스,True
TEST_02119,트래버스_2020_2023,미국,미국,True
TEST_02120,XF_X260_2016_2020,유럽 프리미엄,유럽 프리미엄,True
TEST_02121,S60_3세대_2020_2024,유럽 프리미엄,유럽 프리미엄,True
TEST_02122,더_뉴_그랜드_스타렉스_2018_2021,현대,현대,True
TEST_02123,컨티넨탈_GT_2세대_2012_2017,유럽 프리미엄,유럽 프리미엄,True
TEST_02124,X4_F26_2015_2018,BMW,BMW,True
TEST_02125,올_뉴_투싼_TL_2016_2018,현대,현대,True
TEST_02126,아반떼_하이브리드_CN7_2021_2023,현대,현대,True
TEST_02127,X3_G01_2022_2024,BMW,BMW,True
TEST_02128,K7_프리미어_2020_2021,기아,기아,True
TEST_02129,A4_B9_2020_2024,기타 독일차,기타 독일차,True
TEST_02130,더_뉴_아반떼_2014_2016,현대,현대,True
TEST_02131,디스커버리_5_2017_2020,유럽 프리미엄,유럽 프리미엄,True
TEST_02132,AMG_GT_2016_2024,벤츠,벤츠,True
TEST_02133,콰트로포르테_2017_2022,유럽 프리미엄,유럽 프리미엄,True
TEST_02134,코세어_2020_2022,미국,미국,True
TEST_02135,CLA_클래스_C118_2020_2025,벤츠,벤츠,True
TEST_02136,에비에이터_2세대_2020_2025,미국,미국,True
TEST_02137,라브4_4세대_2013_2018,일본/프랑스,일본/프랑스,True
TEST_02138,더_뉴_셀토스_2023_2025,기아,기아,True
TEST_02139,모델_3_2019_2022,미국,미국,True
TEST_02140,더_뉴_K9_2세대_2022_2025,기아,기아,True
TEST_02141,7시리즈_F01_2009_2015,BMW,BMW,True
TEST_02142,GLC_클래스_X254_2023_2025,벤츠,벤츠,True
TEST_02143,MKC_2015_2018,미국,미국,True
TEST_02144,알티마_2017_2018,일본/프랑스,일본/프랑스,True
TEST_02145,더_뉴_팰리세이드_2023_2024,현대,현대,True
TEST_02146,아베오_2012_2016,미국,미국,True
TEST_02147,M5_F90_2018_2023,BMW,BMW,True
TEST_02148,콜로라도_2020_2020,미국,미국,True
TEST_02149,5시리즈_G60_2024_2025,BMW,BMW,True
TEST_02150,스포티지_더_볼드_2019_2022,기아,기아,True
TEST_02151,디스커버리_스포츠_2015_2019,유럽 프리미엄,유럽 프리미엄,True
TEST_02152,5008_2세대_2018_2019,기타,기타,True
TEST_02153,아테온_2018_2023,기타 독일차,기타 독일차,True
TEST_02154,에스컬레이드_2015_2020,미국,미국,True
TEST_02155,그랜드_체로키_2014_2020,미국,미국,True
TEST_02156,GLC_클래스_X253_2023,벤츠,벤츠,True
TEST_02157,레이_2012_2017,기아,기아,True
TEST_02158,더_뉴_트랙스_2017_2022,미국,미국,True
TEST_02159,베뉴_2020_2024,현대,현대,True
TEST_02160,랭글러_JL_2018_2024,미국,미국,True
TEST_02161,디스커버리_5_2017_2020,유럽 프리미엄,유럽 프리미엄,True
TEST_02162,더_뉴_QM6_2020_2023,일본/프랑스,일본/프랑스,True
TEST_02163,더_뉴_그랜저_IG_2020_2023,현대,현대,True
TEST_02164,더_뉴_렉스턴_스포츠_칸_2021_2025,기타,기타,True
TEST_02165,트랙스_크로스오버_2024_2025,미국,미국,True
TEST_02166,EV6_2022_2024,기아,기아,True
TEST_02167,GLA_클래스_H247_2020_2025,벤츠,벤츠,True
TEST_02168,더_뉴_아이오닉_하이브리드_2020,현대,현대,True
TEST_02169,쏘렌토_4세대_2021_2023,현대,현대,True
TEST_02170,더_뉴_모닝_2015_2016,기아,기아,True
TEST_02171,6시리즈_F12_2011_2018,BMW,BMW,True
TEST_02172,더_기아_레이_EV_2024_2025,기아,기아,True
TEST_02173,레니게이드_2019_2023,미국,미국,True
TEST_02174,스타리아_2022_2025,현대,현대,True
TEST_02175,뉴_카이엔_2011_2018,기타 독일차,기타 독일차,True
TEST_02176,Q5_FY_2020,기타 독일차,기타 독일차,True
TEST_02177,라브4_4세대_2013_2018,일본/프랑스,일본/프랑스,True
TEST_02178,더_K9_2019_2021,기아,기아,True
TEST_02179,아이오닉6_2023_2025,현대,현대,True
TEST_02180,일렉트리파이드_GV70_2022_2024,제네시스,제네시스,True
TEST_02181,스파크_2012_2015,미국,미국,True
TEST_02182,XJ_8세대_2010_2019,유럽 프리미엄,유럽 프리미엄,True
TEST_02183,A_클래스_W176_2015_2018,벤츠,벤츠,True
TEST_02184,넥쏘_2018_2024,현대,현대,True
TEST_02185,더_뉴_아반떼_2014_2016,현대,현대,True
TEST_02186,뉴_QM6_2021_2023,일본/프랑스,일본/프랑스,True
TEST_02187,Z4_G29_2019_2025,BMW,BMW,True
TEST_02188,E_클래스_W213_2021_2023,벤츠,벤츠,True
TEST_02189,라브4_5세대_2019_2024,일본/프랑스,일본/프랑스,True
TEST_02190,트래버스_2020_2023,미국,미국,True
TEST_02191,레니게이드_2019_2023,미국,미국,True
TEST_02192,A5_F5_2019_2024,기타 독일차,기타 독일차,True
TEST_02193,718_박스터_2017_2024,기타 독일차,기타 독일차,True
TEST_02194,컨티넨탈_GT_3세대_2018_2023,유럽 프리미엄,유럽 프리미엄,True
TEST_02195,GLC_클래스_X253_2017_2019,벤츠,벤츠,True
TEST_02196,2시리즈_그란쿠페_F44_2020_2024,BMW,BMW,True
TEST_02197,골프_7세대_2013_2016,기타 독일차,기타 독일차,True
TEST_02198,더_뉴_기아_레이_2022_2025,기아,기아,True
TEST_02199,뉴_GV80_2024_2025,제네시스,제네시스,True
TEST_02200,올_뉴_쏘렌토_2015_2017,기아,기아,True
TEST_02201,아베오_2012_2016,미국,미국,True
TEST_02202,X1_U11_2023_2024,BMW,BMW,True
TEST_02203,EQS_V297_2022_2023,벤츠,벤츠,True
TEST_02204,캐스퍼_2022_2024,현대,현대,True
TEST_02205,싼타페_TM_2019_2020,현대,현대,True
TEST_02206,K5_2세대_2016_2018,기아,기아,True
TEST_02207,트랙스_2013_2016,미국,미국,True
TEST_02208,콜로라도_2020_2020,미국,미국,True
TEST_02209,컨티넨탈_10세대_2017_2019,미국,미국,True
TEST_02210,뉴_QM5_2012_2014,현대,일본/프랑스,False
TEST_02211,스토닉_2018_2020,기아,기아,True
TEST_02212,V60_크로스컨트리_2세대_2020_2025,유럽 프리미엄,유럽 프리미엄,True
TEST_02213,올_뉴_K7_2016_2019,기아,기아,True
TEST_02214,X4_G02_2019_2021,BMW,BMW,True
TEST_02215,X6_F16_2015_2019,BMW,BMW,True
TEST_02216,6시리즈_GT_G32_2018_2020,BMW,BMW,True
TEST_02217,B_클래스_W246_2013_2018,벤츠,벤츠,True
TEST_02218,M5_F90_2018_2023,BMW,BMW,True
TEST_02219,X1_F48_2016_2019,BMW,BMW,True
TEST_02220,MKC_2015_2018,미국,미국,True
TEST_02221,EQS_V297_2022_2023,벤츠,벤츠,True
TEST_02222,알티마_2017_2018,일본/프랑스,일본/프랑스,True
TEST_02223,익스플로러_2016_2017,미국,미국,True
TEST_02224,팰리세이드_2019_2022,현대,현대,True
TEST_02225,A8_D5_2018_2023,기타 독일차,기타 독일차,True
TEST_02226,더_뉴_K5_하이브리드_3세대_2023_2025,기아,기아,True
TEST_02227,레이_2012_2017,기아,기아,True
TEST_02228,Q5_FY_2021_2024,기타 독일차,기타 독일차,True
TEST_02229,G90_2019_2022,제네시스,제네시스,True
TEST_02230,G4_렉스턴_2018_2020,기타,기타,True
TEST_02231,더_뉴_그랜저_IG_2020_2023,현대,현대,True
TEST_02232,엑센트_신형_2011_2019,현대,현대,True
TEST_02233,S_클래스_W221_2006_2013,벤츠,벤츠,True
TEST_02234,팰리세이드_LX3_2025,현대,현대,True
TEST_02235,스팅어_마이스터_2021_2023,기아,기아,True
TEST_02236,K5_하이브리드_3세대_2020_2023,기아,기아,True
TEST_02237,팰리세이드_2019_2022,현대,현대,True
TEST_02238,글래디에이터_JT_2020_2023,미국,미국,True
TEST_02239,뉴_카이엔_2011_2018,기타 독일차,기타 독일차,True
TEST_02240,체로키_KL_2019_2023,미국,미국,True
TEST_02241,2시리즈_액티브_투어러_U06_2022_2024,BMW,BMW,True
TEST_02242,니로_2017_2019,기아,기아,True
TEST_02243,싼타페_TM_2019_2020,현대,현대,True
TEST_02244,GLA_클래스_H247_2020_2025,벤츠,벤츠,True
TEST_02245,트레일블레이저_2021_2022,미국,미국,True
TEST_02246,5시리즈_F10_2010_2016,BMW,BMW,True
TEST_02247,뉴_SM5_임프레션_2008_2010,일본/프랑스,일본/프랑스,True
TEST_02248,G_클래스_W463_2009_2017,벤츠,벤츠,True
TEST_02249,5008_2세대_2018_2019,기타,기타,True
TEST_02250,디스커버리_5_2017_2020,유럽 프리미엄,유럽 프리미엄,True
TEST_02251,더_뉴_모하비_2017_2019,기아,기아,True
TEST_02252,쏘렌토_4세대_2021_2023,현대,현대,True
TEST_02253,레인지로버_5세대_2023_2024,유럽 프리미엄,유럽 프리미엄,True
TEST_02254,718_카이맨_2017_2024,기타 독일차,기타 독일차,True
TEST_02255,G90_2019_2022,제네시스,제네시스,True
TEST_02256,3008_2세대_2018_2023,기타,기타,True
TEST_02257,GLC_클래스_X254_2023_2025,벤츠,벤츠,True
TEST_02258,EQS_V297_2022_2023,벤츠,벤츠,True
TEST_02259,1시리즈_F40_2020_2024,BMW,BMW,True
TEST_02260,M5_F90_2018_2023,BMW,BMW,True
TEST_02261,레인지로버_벨라_2018_2019,유럽 프리미엄,유럽 프리미엄,True
TEST_02262,CLS_클래스_C257_2019_2023,벤츠,벤츠,True
TEST_02263,뉴_SM5_플래티넘_2013_2014,일본/프랑스,일본/프랑스,True
TEST_02264,X4_G02_2019_2021,BMW,BMW,True
TEST_02265,뉴_스타일_코란도_C_2017_2019,기타,기타,True
TEST_02266,5008_2세대_2018_2019,기타,기타,True
TEST_02267,2시리즈_액티브_투어러_F45_2019_2021,BMW,BMW,True
TEST_02268,S90_2021_2025,유럽 프리미엄,유럽 프리미엄,True
TEST_02269,디_올뉴코나_2023_2025,현대,현대,True
TEST_02270,스팅어_2018_2020,기아,기아,True
TEST_02271,골프_7세대_2013_2016,기타 독일차,기타 독일차,True
TEST_02272,타이칸_2021_2025,기타 독일차,기타 독일차,True
TEST_02273,라브4_5세대_2019_2024,일본/프랑스,일본/프랑스,True
TEST_02274,그랜드_체로키_2014_2020,미국,미국,True
TEST_02275,LF_쏘나타_2015_2017,현대,현대,True
TEST_02276,디펜더_L663_2020_2025,유럽 프리미엄,유럽 프리미엄,True
TEST_02277,쏘나타_뉴_라이즈_2018_2019,현대,현대,True
TEST_02278,아베오_2012_2016,미국,미국,True
TEST_02279,X6_G06_2020_2023,BMW,BMW,True
TEST_02280,더_뉴_아이오닉_하이브리드_2020,현대,현대,True
TEST_02281,에쿠스_신형_2010_2015,현대,현대,True
TEST_02282,에스컬레이드_5세대_2021_2024,미국,미국,True
TEST_02283,UX250h_2019_2024,일본/프랑스,일본/프랑스,True
TEST_02284,S60_3세대_2020_2024,유럽 프리미엄,유럽 프리미엄,True
TEST_02285,그랜저TG_2007_2008,현대,현대,True
TEST_02286,Q7_4M_2020_2023,기타 독일차,기타 독일차,True
TEST_02287,4시리즈_F32_2014_2020,BMW,BMW,True
TEST_02288,올_뉴_K3_2019_2021,기아,기아,True
TEST_02289,8시리즈_G15_2020_2024,BMW,BMW,True
TEST_02290,XC60_2세대_2018_2021,유럽 프리미엄,유럽 프리미엄,True
TEST_02291,K7_프리미어_하이브리드_2020_2021,기아,기아,True
TEST_02292,레인지로버_스포츠_2세대_2013_2017,유럽 프리미엄,유럽 프리미엄,True
TEST_02293,레인지로버_4세대_2014_2017,유럽 프리미엄,유럽 프리미엄,True
TEST_02294,코나_SX2_2023_2025,현대,현대,True
TEST_02295,i30_PD_2017_2018,현대,현대,True
TEST_02296,더_뉴_셀토스_2023_2025,기아,기아,True
TEST_02297,B_클래스_W246_2013_2018,벤츠,벤츠,True
TEST_02298,YF쏘나타_하이브리드_2011_2015,현대,현대,True
TEST_02299,3시리즈_G20_2019_2022,BMW,BMW,True
TEST_02300,GV80_2020_2022,제네시스,제네시스,True
TEST_02301,더_기아_레이_EV_2024_2025,기아,기아,True
TEST_02302,G80_RG3_2021_2023,제네시스,제네시스,True
TEST_02303,Q5_FY_2020,기타 독일차,기타 독일차,True
TEST_02304,Q5_FY_2020,기타 독일차,기타 독일차,True
TEST_02305,익스플로러_2016_2017,미국,미국,True
TEST_02306,아반떼_하이브리드_CN7_2021_2023,현대,현대,True
TEST_02307,아반떼_하이브리드_CN7_2021_2023,현대,현대,True
TEST_02308,모닝_어반_JA_2021_2023,기아,기아,True
TEST_02309,스포티지_5세대_2022_2024,기아,기아,True
TEST_02310,올_뉴_쏘렌토_2015_2017,기아,기아,True
TEST_02311,CLA_클래스_C117_2014_2019,벤츠,벤츠,True
TEST_02312,뉴_QM5_2012_2014,일본/프랑스,일본/프랑스,True
TEST_02313,쿠퍼_클럽맨_2016_2024,기타 독일차,기타 독일차,True
TEST_02314,Q5_FY_2021_2024,기타 독일차,기타 독일차,True
TEST_02315,그랜저TG_2007_2008,현대,현대,True
TEST_02316,더_뉴_카니발_4세대_2024_2025,기아,기아,True
TEST_02317,XC90_2세대_2017_2019,유럽 프리미엄,유럽 프리미엄,True
TEST_02318,아반떼_CN7_2021_2023,현대,현대,True
TEST_02319,더_기아_레이_EV_2024_2025,기아,기아,True
TEST_02320,2시리즈_그란쿠페_F44_2020_2024,BMW,BMW,True
TEST_02321,프리우스_4세대_2019_2022,일본/프랑스,일본/프랑스,True
TEST_02322,E_클래스_W213_2017_2020,벤츠,벤츠,True
TEST_02323,더_뉴_모닝_JA_2024_2025,기아,기아,True
TEST_02324,V40_2015_2018,유럽 프리미엄,유럽 프리미엄,True
TEST_02325,프리우스_C_2018_2020,일본/프랑스,일본/프랑스,True
TEST_02326,더_뉴_셀토스_2023_2025,기아,기아,True
TEST_02327,익스플로러_2016_2017,미국,미국,True
TEST_02328,올_뉴_K7_하이브리드_2017_2019,기아,기아,True
TEST_02329,더_뉴_K7_2013_2016,기아,기아,True
TEST_02330,GLE_클래스_W167_2019_2024,벤츠,벤츠,True
TEST_02331,뉴_MKZ_2017_2020,미국,미국,True
TEST_02332,뉴_체어맨_W_2012_2016,기타,기타,True
TEST_02333,디스커버리_스포츠_2015_2019,유럽 프리미엄,유럽 프리미엄,True
TEST_02334,콰트로포르테_2017_2022,유럽 프리미엄,유럽 프리미엄,True
TEST_02335,SM7_뉴아트_2008_2011,일본/프랑스,일본/프랑스,True
TEST_02336,Q3_F3_2020_2024,기타 독일차,기타 독일차,True
TEST_02337,몬데오_4세대_2015_2020,미국,미국,True
TEST_02338,3008_2세대_2018_2023,기타,기타,True
TEST_02339,5시리즈_G60_2024_2025,BMW,BMW,True
TEST_02340,캐스퍼_2022_2024,현대,현대,True
TEST_02341,말리부_2012_2016,미국,미국,True
TEST_02342,EQS_V297_2022_2023,벤츠,벤츠,True
TEST_02343,New_XF_2012_2015,유럽 프리미엄,유럽 프리미엄,True
TEST_02344,E_클래스_W213_2017_2020,벤츠,벤츠,True
TEST_02345,더_뉴_쏘렌토_4세대_2024_2025,기아,기아,True
TEST_02346,A8_D5_2018_2023,기타 독일차,기타 독일차,True
TEST_02347,쏘나타_DN8_2020_2023,현대,현대,True
TEST_02348,그랜저_HG_2011_2014,현대,현대,True
TEST_02349,익스플로러_2016_2017,미국,미국,True
TEST_02350,더_뉴_아반떼_CN7_2023_2025,현대,현대,True
TEST_02351,리얼_뉴_콜로라도_2021_2022,미국,미국,True
TEST_02352,모하비_더_마스터_2020_2024,기아,기아,True
TEST_02353,8시리즈_G15_2020_2024,BMW,BMW,True
TEST_02354,그랜드_체로키_2014_2020,미국,미국,True
TEST_02355,G70_2018_2020,제네시스,제네시스,True
TEST_02356,올_뉴_렉스턴_2021_2025,기타,기타,True
TEST_02357,SM5_노바_2015_2019,일본/프랑스,일본/프랑스,True
TEST_02358,EV9_2024_2025,기아,기아,True
TEST_02359,레인지로버_4세대_2018_2022,유럽 프리미엄,유럽 프리미엄,True
TEST_02360,액티언_2세대_2025,기타,기타,True
TEST_02361,G4_렉스턴_2018_2020,기타,기타,True
TEST_02362,3008_2세대_2018_2023,기타,기타,True
TEST_02363,캠리_XV70_2018_2024,일본/프랑스,일본/프랑스,True
TEST_02364,718_카이맨_2017_2024,기타 독일차,기타 독일차,True
TEST_02365,E_클래스_W213_2021_2023,벤츠,벤츠,True
TEST_02366,올_뉴_렉스턴_2021_2025,기타,기타,True
TEST_02367,GLA_클래스_X156_2015_2019,벤츠,벤츠,True
TEST_02368,A5_F5_2019_2024,기타 독일차,기타 독일차,True
TEST_02369,GV80_2020_2022,제네시스,제네시스,True
TEST_02370,에비에이터_2세대_2020_2025,미국,미국,True
TEST_02371,더_뉴스포티지R_2014_2016,기아,기아,True
TEST_02372,익스플로러_2018_2019,미국,미국,True
TEST_02373,올란도_2012_2018,미국,미국,True
TEST_02374,액티언_2세대_2025,기타,기타,True
TEST_02375,A4_B9_2016_2019,기타 독일차,기타 독일차,True
TEST_02376,M5_F90_2018_2023,BMW,BMW,True
TEST_02377,V60_크로스컨트리_2세대_2020_2025,유럽 프리미엄,유럽 프리미엄,True
TEST_02378,더_뉴_쏘렌토_4세대_2024_2025,기아,기아,True
TEST_02379,E_클래스_W212_2010_2016,벤츠,벤츠,True
TEST_02380,A8_D5_2018_2023,기타 독일차,기타 독일차,True
TEST_02381,8시리즈_G15_2020_2024,BMW,BMW,True
TEST_02382,S_클래스_W222_2014_2020,벤츠,벤츠,True
TEST_02383,라브4_5세대_2019_2024,일본/프랑스,일본/프랑스,True
TEST_02384,4시리즈_G22_2021_2023,BMW,BMW,True
TEST_02385,에쿠스_신형_2010_2015,현대,현대,True
TEST_02386,넥쏘_2018_2024,현대,현대,True
TEST_02387,어코드_10세대_2018_2022,일본/프랑스,일본/프랑스,True
TEST_02388,벨로스터_JS_2018_2020,현대,현대,True
TEST_02389,4시리즈_G22_2024_2025,BMW,BMW,True
TEST_02390,트레일블레이저_2023,미국,미국,True
TEST_02391,디스커버리_스포츠_2015_2019,유럽 프리미엄,유럽 프리미엄,True
TEST_02392,E_PACE_2018_2020,유럽 프리미엄,유럽 프리미엄,True
TEST_02393,X4_F26_2015_2018,BMW,BMW,True
TEST_02394,3008_2세대_2018_2023,기타,기타,True
TEST_02395,올_뉴_투싼_TL_2016_2018,현대,현대,True
TEST_02396,그랜저_IG_2017_2019,제네시스,현대,False
TEST_02397,르반떼_2017_2022,유럽 프리미엄,유럽 프리미엄,True
TEST_02398,GLC_클래스_X253_2017_2019,벤츠,벤츠,True
TEST_02399,에스컬레이드_5세대_2021_2024,미국,미국,True
TEST_02400,V40_2015_2018,유럽 프리미엄,유럽 프리미엄,True
TEST_02401,GLC_클래스_X253_2020_2022,벤츠,벤츠,True
TEST_02402,올_뉴_카마로_2017_2018,미국,미국,True
TEST_02403,뉴_GV80_2024_2025,제네시스,제네시스,True
TEST_02404,어코드_10세대_2018_2022,일본/프랑스,일본/프랑스,True
TEST_02405,SM6_2016_2020,일본/프랑스,일본/프랑스,True
TEST_02406,스포티지_5세대_2022_2024,기아,기아,True
TEST_02407,All_New_XJ_2016_2019,유럽 프리미엄,유럽 프리미엄,True
TEST_02408,911_2003_2019,기타 독일차,기타 독일차,True
TEST_02409,더_뉴_QM6_2020_2023,일본/프랑스,일본/프랑스,True
TEST_02410,익스플로러_2016_2017,미국,미국,True
TEST_02411,콰트로포르테_2014_2016,유럽 프리미엄,유럽 프리미엄,True
TEST_02412,파사트_GT_B8_2018_2022,기타 독일차,기타 독일차,True
TEST_02413,1시리즈_F20_2013_2015,BMW,BMW,True
TEST_02414,올_뉴_쏘렌토_2015_2017,기아,기아,True
TEST_02415,더_뉴_코나_2021_2023,현대,현대,True
TEST_02416,XC60_2세대_2022_2025,유럽 프리미엄,유럽 프리미엄,True
TEST_02417,쿠퍼_컨트리맨_2016_2024,기타 독일차,기타 독일차,True
TEST_02418,YF쏘나타_2009_2012,현대,현대,True
TEST_02419,디스커버리_스포츠_2015_2019,유럽 프리미엄,유럽 프리미엄,True
TEST_02420,그랜저TG_2007_2008,현대,현대,True
TEST_02421,X5_G05_2019_2023,BMW,BMW,True
TEST_02422,2시리즈_그란쿠페_F44_2020_2024,BMW,BMW,True
TEST_02423,티구안_올스페이스_2018_2023,기타 독일차,기타 독일차,True
TEST_02424,Q3_F3_2020_2024,기타 독일차,기타 독일차,True
TEST_02425,더_올뉴G80_2021_2024,현대,현대,True
TEST_02426,S90_2017_2020,유럽 프리미엄,유럽 프리미엄,True
TEST_02427,니로_2017_2019,기아,기아,True
TEST_02428,K8_2022_2024,기아,기아,True
TEST_02429,마칸_2014_2018,기타 독일차,기타 독일차,True
TEST_02430,더_뉴_렉스턴_스포츠_칸_2021_2025,기타,기타,True
TEST_02431,S_클래스_W223_2021_2025,벤츠,벤츠,True
TEST_02432,더_뉴_카니발_2019_2020,기아,기아,True
TEST_02433,모델_Y_2021_2025,미국,미국,True
TEST_02434,더_뉴_K3_2세대_2022_2024,기아,기아,True
TEST_02435,디스커버리_4_2010_2016,유럽 프리미엄,유럽 프리미엄,True
TEST_02436,쏘렌토_4세대_2021_2023,현대,현대,True
TEST_02437,GLC_클래스_X253_2020_2022,벤츠,벤츠,True
TEST_02438,투싼_NX4_2021_2023,현대,현대,True
TEST_02439,글래디에이터_JT_2020_2023,미국,미국,True
TEST_02440,그랜드_체로키_WL_2021_2023,미국,미국,True
TEST_02441,X1_U11_2023_2024,BMW,BMW,True
TEST_02442,더_뉴_렉스턴_스포츠_2021_2025,기타,기타,True
TEST_02443,K5_하이브리드_3세대_2020_2023,기아,기아,True
TEST_02444,2시리즈_액티브_투어러_U06_2022_2024,BMW,BMW,True
TEST_02445,에스컬레이드_5세대_2021_2024,미국,미국,True
TEST_02446,콜로라도_2020_2020,미국,미국,True
TEST_02447,GLE_클래스_W167_2019_2024,벤츠,벤츠,True
TEST_02448,X7_G07_2019_2022,BMW,BMW,True
TEST_02449,레인지로버_스포츠_2세대_2013_2017,유럽 프리미엄,유럽 프리미엄,True
TEST_02450,레인지로버_이보크_2016_2019,유럽 프리미엄,유럽 프리미엄,True
TEST_02451,K7_프리미어_하이브리드_2020_2021,기아,기아,True
TEST_02452,아테온_2018_2023,기타 독일차,기타 독일차,True
TEST_02453,뉴_GV80_2024_2025,제네시스,제네시스,True
TEST_02454,GLE_클래스_W166_2016_2018,벤츠,벤츠,True
TEST_02455,디_올뉴니로EV_2023_2024,기아,기아,True
TEST_02456,디스커버리_5_2017_2020,유럽 프리미엄,유럽 프리미엄,True
TEST_02457,스포티지_더_볼드_2019_2022,기아,기아,True
TEST_02458,5008_2세대_2021_2024,기타,기타,True
TEST_02459,디스커버리_스포츠_2세대_2020_2025,유럽 프리미엄,유럽 프리미엄,True
TEST_02460,쏘렌토_4세대_2021_2023,현대,현대,True
TEST_02461,718_카이맨_2017_2024,기타 독일차,기타 독일차,True
TEST_02462,E_클래스_W213_2021_2023,벤츠,벤츠,True
TEST_02463,GLB_클래스_X247_2020_2023,벤츠,벤츠,True
TEST_02464,레인지로버_4세대_2018_2022,유럽 프리미엄,유럽 프리미엄,True
TEST_02465,프리우스_4세대_2019_2022,일본/프랑스,일본/프랑스,True
TEST_02466,뉴_ES300h_2016_2018,일본/프랑스,일본/프랑스,True
TEST_02467,올_뉴_모닝_2012_2015,기아,기아,True
TEST_02468,X1_U11_2023_2024,BMW,BMW,True
TEST_02469,모하비_더_마스터_2020_2024,기아,기아,True
TEST_02470,더_뉴_렉스턴_스포츠_2021_2025,기타,기타,True
TEST_02471,6시리즈_GT_G32_2018_2020,BMW,BMW,True
TEST_02472,뉴_SM5_임프레션_2008_2010,일본/프랑스,일본/프랑스,True
TEST_02473,X4_G02_2022_2025,BMW,BMW,True
TEST_02474,에비에이터_2세대_2020_2025,미국,미국,True
TEST_02475,일렉트리파이드_GV70_2022_2024,제네시스,제네시스,True
TEST_02476,GLS_클래스_X166_2017_2019,벤츠,벤츠,True
TEST_02477,트래버스_2020_2023,미국,미국,True
TEST_02478,718_박스터_2017_2024,기타 독일차,기타 독일차,True
TEST_02479,베리_뉴_티볼리_2020_2023,기타,기타,True
TEST_02480,더_뉴_모닝_JA_2024_2025,기아,기아,True
TEST_02481,코세어_2020_2022,미국,미국,True
TEST_02482,티볼리_아머_2018_2019,기타,기타,True
TEST_02483,디스커버리_5_2022_2024,유럽 프리미엄,유럽 프리미엄,True
TEST_02484,익스플로러_2018_2019,미국,미국,True
TEST_02485,718_카이맨_2017_2024,기타 독일차,기타 독일차,True
TEST_02486,레인지로버_5세대_2023_2024,유럽 프리미엄,유럽 프리미엄,True
TEST_02487,스팅어_마이스터_2021_2023,기아,기아,True
TEST_02488,A7_4K_2020_2024,기타 독일차,기타 독일차,True
TEST_02489,올_뉴_카마로_2017_2018,미국,미국,True
TEST_02490,제네시스_DH_2014_2016,제네시스,제네시스,True
TEST_02491,X7_G07_2023_2025,BMW,BMW,True
TEST_02492,X5_F15_2014_2018,BMW,BMW,True
TEST_02493,파사트_GT_B8_2018_2022,기타 독일차,기타 독일차,True
TEST_02494,718_카이맨_2017_2024,기타 독일차,기타 독일차,True
TEST_02495,V40_2015_2018,유럽 프리미엄,유럽 프리미엄,True
TEST_02496,디_올뉴니로EV_2023_2024,미국,기아,False
TEST_02497,레니게이드_2015_2017,미국,미국,True
TEST_02498,익스플로러_6세대_2020_2025,미국,미국,True
TEST_02499,3시리즈_G20_2023_2025,BMW,BMW,True
TEST_02500,5008_2세대_2018_2019,기타,기타,True
TEST_02501,Q5_FY_2021_2024,기타 독일차,기타 독일차,True
TEST_02502,더_뉴_모하비_2017_2019,기아,기아,True
TEST_02503,K8_하이브리드_2022_2024,기아,기아,True
TEST_02504,S_클래스_W223_2021_2025,벤츠,벤츠,True
TEST_02505,S60_3세대_2020_2024,유럽 프리미엄,유럽 프리미엄,True
TEST_02506,RAV4_5세대_2019_2024,일본/프랑스,일본/프랑스,True
TEST_02507,그랜저_HG_2015_2017,현대,현대,True
TEST_02508,더_뉴_니로_2020_2022,기아,기아,True
TEST_02509,XJ_8세대_2010_2019,유럽 프리미엄,유럽 프리미엄,True
TEST_02510,코나_SX2_2023_2025,현대,현대,True
TEST_02511,5008_2세대_2018_2019,기타,기타,True
TEST_02512,콜로라도_2020_2020,미국,미국,True
TEST_02513,그랜드_체로키_WL_2021_2023,미국,미국,True
TEST_02514,올_뉴_쏘렌토_2015_2017,기아,기아,True
TEST_02515,임팔라_2016_2019,미국,미국,True
TEST_02516,티볼리_에어_2016_2019,기타,기타,True
TEST_02517,3시리즈_E90_2005_2012,BMW,BMW,True
TEST_02518,6시리즈_GT_G32_2018_2020,BMW,BMW,True
TEST_02519,컨티넨탈_10세대_2017_2019,미국,미국,True
TEST_02520,더_뉴_트랙스_2017_2022,미국,미국,True
TEST_02521,레인지로버_벨라_2018_2019,유럽 프리미엄,유럽 프리미엄,True
TEST_02522,더_올뉴투싼_하이브리드_2021_2023,현대,현대,True
TEST_02523,아반떼_MD_2011_2014,현대,현대,True
TEST_02524,GV80_2024_2025,제네시스,제네시스,True
TEST_02525,뉴_CC_2012_2016,기타 독일차,기타 독일차,True
TEST_02526,팰리세이드_LX3_2025,현대,현대,True
TEST_02527,더_뉴_카니발_4세대_2024_2025,기아,기아,True
TEST_02528,더_뉴_카니발_4세대_2024_2025,기아,기아,True
TEST_02529,X7_G07_2023_2025,BMW,BMW,True
TEST_02530,디스커버리_5_2017_2020,유럽 프리미엄,유럽 프리미엄,True
TEST_02531,ES300h_7세대_2019_2026,일본/프랑스,일본/프랑스,True
TEST_02532,7시리즈_F01_2009_2015,BMW,BMW,True
TEST_02533,아반떼_하이브리드_CN7_2021_2023,현대,현대,True
TEST_02534,GV80_2024_2025,제네시스,제네시스,True
TEST_02535,올_뉴_모닝_2012_2015,기아,기아,True
TEST_02536,박스터_718_2017_2024,기타 독일차,기타 독일차,True
TEST_02537,Z4_G29_2019_2025,BMW,BMW,True
TEST_02538,기블리_2014_2023,유럽 프리미엄,유럽 프리미엄,True
TEST_02539,더_뉴_카니발_4세대_2024_2025,기아,기아,True
TEST_02540,EV9_2024_2025,기아,기아,True
TEST_02541,뉴_제타_2011_2016,기타 독일차,기타 독일차,True
TEST_02542,iX_2022_2024,BMW,BMW,True
TEST_02543,뉴_제타_2011_2016,기타 독일차,기타 독일차,True
TEST_02544,K7_프리미어_2020_2021,기아,기아,True
TEST_02545,더_뉴_QM6_2020_2023,일본/프랑스,일본/프랑스,True
TEST_02546,올_뉴_말리부_2017_2018,미국,미국,True
TEST_02547,스팅어_마이스터_2021_2023,기아,기아,True
TEST_02548,모델_3_2019_2022,미국,미국,True
TEST_02549,EQA_H243_2021_2024,벤츠,벤츠,True
TEST_02550,더_뉴_아반떼_2014_2016,현대,현대,True
TEST_02551,K5_3세대_하이브리드_2020_2022,기아,기아,True
TEST_02552,넥쏘_2018_2024,현대,현대,True
TEST_02553,5시리즈_G30_2017_2023,BMW,BMW,True
TEST_02554,레니게이드_2015_2017,미국,미국,True
TEST_02555,MKC_2015_2018,미국,미국,True
TEST_02556,팰리세이드_LX3_2025,현대,현대,True
TEST_02557,3시리즈_G20_2023_2025,BMW,BMW,True
TEST_02558,렉스턴_스포츠_칸_2019_2020,기타,기타,True
TEST_02559,뉴_SM5_임프레션_2008_2010,일본/프랑스,일본/프랑스,True
TEST_02560,C_클래스_W206_2022_2024,벤츠,벤츠,True
TEST_02561,3시리즈_G20_2019_2022,BMW,BMW,True
TEST_02562,2시리즈_액티브_투어러_U06_2022_2024,BMW,BMW,True
TEST_02563,XC60_2세대_2022_2025,유럽 프리미엄,유럽 프리미엄,True
TEST_02564,익스플로러_6세대_2020_2025,미국,미국,True
TEST_02565,어코드_10세대_2018_2022,일본/프랑스,일본/프랑스,True
TEST_02566,더_뉴_스파크_2019_2022,미국,미국,True
TEST_02567,파나메라_2010_2016,기타 독일차,기타 독일차,True
TEST_02568,스포티지_5세대_2022_2024,기아,기아,True
TEST_02569,올_뉴_카마로_2017_2018,미국,미국,True
TEST_02570,더_뉴_QM6_2020_2023,일본/프랑스,일본/프랑스,True
TEST_02571,캐스퍼_2022_2024,현대,현대,True
TEST_02572,S_클래스_W223_2021_2025,벤츠,벤츠,True
TEST_02573,골프_7세대_2013_2016,기타 독일차,기타 독일차,True
TEST_02574,1시리즈_F40_2020_2024,BMW,BMW,True
TEST_02575,스팅어_마이스터_2021_2023,기아,기아,True
TEST_02576,3시리즈_GT_F34_2014_2021,BMW,BMW,True
TEST_02577,6시리즈_GT_G32_2021_2024,BMW,BMW,True
TEST_02578,타이칸_2021_2025,현대,기타 독일차,False
TEST_02579,파나메라_971_2017_2023,기타 독일차,기타 독일차,True
TEST_02580,더_올뉴투싼_하이브리드_2021_2023,현대,현대,True
TEST_02581,G80_RG3_2025,제네시스,제네시스,True
TEST_02582,All_New_XJ_2016_2019,유럽 프리미엄,유럽 프리미엄,True
TEST_02583,CT6_2016_2018,미국,미국,True
TEST_02584,K5_3세대_2020_2023,기아,기아,True
TEST_02585,더_뉴_맥스크루즈_2016_2018,현대,현대,True
TEST_02586,K7_프리미어_2020_2021,기아,기아,True
TEST_02587,QX60_2016_2018,일본/프랑스,일본/프랑스,True
TEST_02588,더_뉴_K5_하이브리드_3세대_2023_2025,기아,기아,True
TEST_02589,B_클래스_W246_2013_2018,벤츠,벤츠,True
TEST_02590,파나메라_971_2017_2023,기타 독일차,기타 독일차,True
TEST_02591,더_뉴_QM6_2024_2025,일본/프랑스,일본/프랑스,True
TEST_02592,더_뉴스포티지R_2014_2016,기아,기아,True
TEST_02593,더_뉴_QM6_2020_2023,일본/프랑스,일본/프랑스,True
TEST_02594,S_클래스_W222_2014_2020,벤츠,벤츠,True
TEST_02595,QM3_2014_2017,일본/프랑스,일본/프랑스,True
TEST_02596,디스커버리_스포츠_2세대_2020_2025,유럽 프리미엄,유럽 프리미엄,True
TEST_02597,XC60_2세대_2018_2021,유럽 프리미엄,유럽 프리미엄,True
TEST_02598,M5_F90_2018_2023,BMW,BMW,True
TEST_02599,E_PACE_2018_2020,유럽 프리미엄,유럽 프리미엄,True
TEST_02600,S60_3세대_2020_2024,유럽 프리미엄,유럽 프리미엄,True
TEST_02601,7시리즈_F01_2009_2015,BMW,BMW,True
TEST_02602,GV80_2020_2022,제네시스,제네시스,True
TEST_02603,5008_2세대_2021_2024,기타,기타,True
TEST_02604,일렉트리파이드_GV70_2022_2024,제네시스,제네시스,True
TEST_02605,쏘나타_뉴_라이즈_2018_2019,현대,현대,True
TEST_02606,스포티지_5세대_2022_2024,기아,기아,True
TEST_02607,뉴_SM5_임프레션_2008_2010,일본/프랑스,일본/프랑스,True
TEST_02608,뉴_제타_2011_2016,기타 독일차,기타 독일차,True
TEST_02609,Q5_FY_2020,기타 독일차,기타 독일차,True
TEST_02610,E_클래스_W214_2024_2025,벤츠,벤츠,True
TEST_02611,XJ_8세대_2010_2019,유럽 프리미엄,유럽 프리미엄,True
TEST_02612,X6_F16_2015_2019,BMW,BMW,True
TEST_02613,718_카이맨_2017_2024,기타 독일차,기타 독일차,True
TEST_02614,콜로라도_2020_2020,미국,미국,True
TEST_02615,XJ_8세대_2010_2019,유럽 프리미엄,유럽 프리미엄,True
TEST_02616,에스컬레이드_5세대_2021_2024,미국,미국,True
TEST_02617,XC60_2세대_2018_2021,유럽 프리미엄,유럽 프리미엄,True
TEST_02618,더_뉴_K9_2세대_2022_2025,기아,기아,True
TEST_02619,CLA_클래스_C117_2014_2019,벤츠,벤츠,True
TEST_02620,V60_크로스컨트리_2세대_2020_2025,유럽 프리미엄,유럽 프리미엄,True
TEST_02621,2시리즈_액티브_투어러_U06_2022_2024,BMW,BMW,True
TEST_02622,3시리즈_E90_2005_2012,BMW,BMW,True
TEST_02623,5008_2세대_2018_2019,기타,기타,True
TEST_02624,Q30_2017_2019,일본/프랑스,일본/프랑스,True
TEST_02625,SM7_뉴아트_2008_2011,일본/프랑스,일본/프랑스,True
TEST_02626,A4_B9_2016_2019,기타 독일차,기타 독일차,True
TEST_02627,3시리즈_E90_2005_2012,BMW,BMW,True
TEST_02628,718_카이맨_2017_2024,기타 독일차,기타 독일차,True
TEST_02629,더_뉴_아반떼_AD_2019_2020,현대,현대,True
TEST_02630,5008_2세대_2018_2019,기타,기타,True
TEST_02631,G80_2017_2020,제네시스,제네시스,True
TEST_02632,QX60_2016_2018,일본/프랑스,일본/프랑스,True
TEST_02633,디스커버리_스포츠_2세대_2020_2025,유럽 프리미엄,유럽 프리미엄,True
TEST_02634,RAV4_2016_2018,일본/프랑스,일본/프랑스,True
TEST_02635,뉴QM3_2018_2019,일본/프랑스,일본/프랑스,True
TEST_02636,시에나_4세대_2021_2024,일본/프랑스,일본/프랑스,True
TEST_02637,S_클래스_W222_2014_2020,벤츠,벤츠,True
TEST_02638,GV70_2021_2023,제네시스,제네시스,True
TEST_02639,더_뉴_카니발_4세대_2024_2025,기아,기아,True
TEST_02640,올_뉴_카니발_2015_2019,기아,기아,True
TEST_02641,디_올뉴니로EV_2023_2024,기아,기아,True
TEST_02642,K5_2세대_2016_2018,기아,기아,True
TEST_02643,익스플로러_2018_2019,미국,미국,True
TEST_02644,뉴_티구안_2012_2016,기타 독일차,기타 독일차,True
TEST_02645,EV9_2024_2025,기아,기아,True
TEST_02646,쿠퍼_클럽맨_2016_2024,기타 독일차,기타 독일차,True
TEST_02647,아베오_2012_2016,미국,미국,True
TEST_02648,베리_뉴_티볼리_2020_2023,기타,기타,True
TEST_02649,V60_크로스컨트리_2세대_2020_2025,유럽 프리미엄,유럽 프리미엄,True
TEST_02650,C_클래스_W205_2015_2021,벤츠,벤츠,True
TEST_02651,박스터_718_2017_2024,기타 독일차,기타 독일차,True
TEST_02652,Q30_2017_2019,일본/프랑스,일본/프랑스,True
TEST_02653,K8_2022_2024,기아,기아,True
TEST_02654,레인지로버_이보크_2세대_2020_2022,유럽 프리미엄,유럽 프리미엄,True
TEST_02655,QX60_2016_2018,일본/프랑스,일본/프랑스,True
TEST_02656,르반떼_2017_2022,유럽 프리미엄,유럽 프리미엄,True
TEST_02657,더_뉴_K5_하이브리드_3세대_2023_2025,기아,기아,True
TEST_02658,M2_F87_2016_2021,BMW,BMW,True
TEST_02659,컨티넨탈_GT_3세대_2018_2023,유럽 프리미엄,유럽 프리미엄,True
TEST_02660,더_뉴_모닝_JA_2024_2025,기아,기아,True
TEST_02661,더_뉴_코나_2021_2023,현대,현대,True
TEST_02662,트레일블레이저_2021_2022,미국,미국,True
TEST_02663,더_뉴스포티지R_2014_2016,기아,기아,True
TEST_02664,말리부_2012_2016,미국,미국,True
TEST_02665,1시리즈_F40_2020_2024,BMW,BMW,True
TEST_02666,더_뉴_쏘렌토_2018_2020,기아,기아,True
TEST_02667,A7_4K_2020_2024,기타 독일차,기타 독일차,True
TEST_02668,더_뉴_K5_하이브리드_3세대_2023_2025,기아,기아,True
TEST_02669,EQE_V295_2022_2024,벤츠,벤츠,True
TEST_02670,Q7_4M_2016_2019,기타 독일차,기타 독일차,True
TEST_02671,7시리즈_G11_2019_2022,BMW,BMW,True
TEST_02672,Q7_4M_2016_2019,기타 독일차,기타 독일차,True
TEST_02673,V40_2015_2018,유럽 프리미엄,유럽 프리미엄,True
TEST_02674,프리우스_C_2018_2020,일본/프랑스,일본/프랑스,True
TEST_02675,올_뉴_K3_2019_2021,기아,기아,True
TEST_02676,GLC_클래스_X253_2020_2022,벤츠,벤츠,True
TEST_02677,마칸_2014_2018,기타 독일차,기타 독일차,True
TEST_02678,캠리_XV70_2018_2024,일본/프랑스,일본/프랑스,True
TEST_02679,5시리즈_GT_F07_2010_2017,BMW,BMW,True
TEST_02680,그랜저_HG_2015_2017,현대,현대,True
TEST_02681,벨로스터_JS_2018_2020,현대,현대,True
TEST_02682,에쿠스_신형_2010_2015,현대,현대,True
TEST_02683,티볼리_에어_2016_2019,기타,기타,True
TEST_02684,레인지로버_4세대_2014_2017,유럽 프리미엄,유럽 프리미엄,True
TEST_02685,뉴쏘렌토_R_2013_2014,기아,기아,True
TEST_02686,C_클래스_W204_2008_2015,벤츠,벤츠,True
TEST_02687,XC90_2세대_2020_2025,유럽 프리미엄,유럽 프리미엄,True
TEST_02688,911_2003_2019,기타 독일차,기타 독일차,True
TEST_02689,XM3_2020_2023,일본/프랑스,일본/프랑스,True
TEST_02690,더_뉴_아반떼_2014_2016,현대,현대,True
TEST_02691,스파크_2012_2015,미국,미국,True
TEST_02692,XJ_8세대_2010_2019,유럽 프리미엄,유럽 프리미엄,True
TEST_02693,iX_2022_2024,BMW,BMW,True
TEST_02694,K3_2013_2015,기아,기아,True
TEST_02695,더_뉴_렉스턴_스포츠_2021_2025,기타,기타,True
TEST_02696,아이오닉6_2023_2025,현대,현대,True
TEST_02697,G_클래스_W463b_2019_2025,벤츠,벤츠,True
TEST_02698,티볼리_2015_2018,기타,기타,True
TEST_02699,몬데오_4세대_2015_2020,미국,미국,True
TEST_02700,더_기아_레이_EV_2024_2025,기아,기아,True
TEST_02701,아슬란_2015_2018,현대,현대,True
TEST_02702,K5_하이브리드_3세대_2020_2023,기아,기아,True
TEST_02703,콜로라도_2020_2020,미국,미국,True
TEST_02704,모델_Y_2021_2025,미국,미국,True
TEST_02705,Q3_F3_2020_2024,기타 독일차,기타 독일차,True
TEST_02706,New_XF_2012_2015,유럽 프리미엄,유럽 프리미엄,True
TEST_02707,뉴_MKZ_2017_2020,미국,미국,True
TEST_02708,토레스_2023_2025,기타,기타,True
TEST_02709,EQS_V297_2022_2023,벤츠,벤츠,True
TEST_02710,올_뉴_K7_하이브리드_2017_2019,기아,기아,True
TEST_02711,뉴_G80_2025_2026,제네시스,제네시스,True
TEST_02712,GLC_클래스_X253_2017_2019,벤츠,벤츠,True
TEST_02713,2시리즈_그란쿠페_F44_2020_2024,BMW,BMW,True
TEST_02714,모닝_어반_JA_2021_2023,기아,기아,True
TEST_02715,넥쏘_2018_2024,현대,현대,True
TEST_02716,레니게이드_2019_2023,미국,미국,True
TEST_02717,X2_F39_2018_2023,BMW,BMW,True
TEST_02718,911_2003_2019,기타 독일차,기타 독일차,True
TEST_02719,올_뉴_K7_하이브리드_2017_2019,기아,기아,True
TEST_02720,쏘나타_디_엣지_DN8_2024_2025,현대,현대,True
TEST_02721,골프_7세대_2013_2016,기타 독일차,기타 독일차,True
TEST_02722,콜로라도_2020_2020,미국,미국,True
TEST_02723,X6_G06_2020_2023,BMW,BMW,True
TEST_02724,XC40_2019_2022,유럽 프리미엄,유럽 프리미엄,True
TEST_02725,Q8_4M_2020_2025,기타 독일차,기타 독일차,True
TEST_02726,프리우스_4세대_2019_2022,일본/프랑스,일본/프랑스,True
TEST_02727,디펜더_L663_2020_2025,유럽 프리미엄,유럽 프리미엄,True
TEST_02728,더_뉴_SM6_2021_2024,일본/프랑스,일본/프랑스,True
TEST_02729,뉴_스타일_코란도_C_2017_2019,기타,기타,True
TEST_02730,Q7_4M_2020_2023,기타 독일차,기타 독일차,True
TEST_02731,V90_크로스컨트리_2018_2024,유럽 프리미엄,유럽 프리미엄,True
TEST_02732,아베오_2012_2016,미국,미국,True
TEST_02733,뉴_A6_2015_2018,기타 독일차,기타 독일차,True
TEST_02734,1시리즈_F20_2016_2019,BMW,BMW,True
TEST_02735,GLB_클래스_X247_2020_2023,벤츠,벤츠,True
TEST_02736,르반떼_2017_2022,유럽 프리미엄,유럽 프리미엄,True
TEST_02737,GLC_클래스_X254_2023_2025,벤츠,벤츠,True
TEST_02738,CLS_클래스_W218_2012_2017,벤츠,벤츠,True
TEST_02739,뉴_티구안_2012_2016,기타 독일차,기타 독일차,True
TEST_02740,아반떼_하이브리드_CN7_2021_2023,현대,현대,True
TEST_02741,2008_2015_2017,기타,기타,True
TEST_02742,A5_F5_2019_2024,기타 독일차,기타 독일차,True
TEST_02743,F150_2004_2021,미국,미국,True
TEST_02744,A8_D5_2018_2023,기타 독일차,기타 독일차,True
TEST_02745,X4_G02_2022_2025,BMW,BMW,True
TEST_02746,알티마_2017_2018,일본/프랑스,일본/프랑스,True
TEST_02747,스타리아_2022_2025,현대,현대,True
TEST_02748,XC60_2세대_2018_2021,유럽 프리미엄,유럽 프리미엄,True
TEST_02749,Q8_4M_2020_2025,기타 독일차,기타 독일차,True
TEST_02750,뉴QM3_2018_2019,일본/프랑스,일본/프랑스,True
TEST_02751,5008_2세대_2018_2019,기타,기타,True
TEST_02752,더_뉴_쏘렌토_2018_2020,기아,기아,True
TEST_02753,EQ900_2016_2018,제네시스,제네시스,True
TEST_02754,티볼리_아머_2018_2019,기타,기타,True
TEST_02755,A6_C8_2019_2025,기타 독일차,기타 독일차,True
TEST_02756,컨티넨탈_GT_3세대_2018_2023,일본/프랑스,유럽 프리미엄,False
TEST_02757,G_클래스_W463_2009_2017,벤츠,벤츠,True
TEST_02758,M5_F90_2018_2023,BMW,BMW,True
TEST_02759,뉴_ES300h_2016_2018,일본/프랑스,일본/프랑스,True
TEST_02760,XC90_2세대_2017_2019,유럽 프리미엄,유럽 프리미엄,True
TEST_02761,4시리즈_G22_2024_2025,BMW,BMW,True
TEST_02762,4시리즈_F32_2014_2020,BMW,BMW,True
TEST_02763,제네시스_DH_2014_2016,제네시스,제네시스,True
TEST_02764,K7_프리미어_하이브리드_2020_2021,기아,기아,True
TEST_02765,올_뉴_렉스턴_2021_2025,기타,기타,True
TEST_02766,레인지로버_스포츠_2세대_2018_2022,유럽 프리미엄,유럽 프리미엄,True
TEST_02767,컴패스_2세대_2018_2022,미국,미국,True
TEST_02768,XM3_2024,일본/프랑스,일본/프랑스,True
TEST_02769,5시리즈_G60_2024_2025,BMW,BMW,True
TEST_02770,디_올뉴니로_2022_2025,기아,기아,True
TEST_02771,6시리즈_F12_2011_2018,BMW,BMW,True
TEST_02772,XM3_2024,일본/프랑스,일본/프랑스,True
TEST_02773,올_뉴_K7_하이브리드_2017_2019,기아,기아,True
TEST_02774,K5_하이브리드_3세대_2020_2023,기아,기아,True
TEST_02775,5시리즈_G60_2024_2025,BMW,BMW,True
TEST_02776,쏘나타_디_엣지_DN8_2024_2025,현대,현대,True
TEST_02777,체로키_KL_2019_2023,미국,미국,True
TEST_02778,7시리즈_F01_2009_2015,BMW,BMW,True
TEST_02779,911_2003_2019,기타 독일차,기타 독일차,True
TEST_02780,더_뉴_그랜저_IG_2020_2023,현대,현대,True
TEST_02781,SM6_2016_2020,일본/프랑스,일본/프랑스,True
TEST_02782,XM3_2020_2023,일본/프랑스,일본/프랑스,True
TEST_02783,캠리_XV70_2018_2024,일본/프랑스,일본/프랑스,True
TEST_02784,3시리즈_G20_2023_2025,BMW,BMW,True
TEST_02785,쏘렌토_4세대_2021_2023,현대,현대,True
TEST_02786,뉴_A6_2015_2018,기타 독일차,기타 독일차,True
TEST_02787,쏘렌토_4세대_2021_2023,현대,현대,True
TEST_02788,E_클래스_W214_2024_2025,벤츠,벤츠,True
TEST_02789,X1_F48_2020_2022,BMW,BMW,True
TEST_02790,말리부_2012_2016,미국,미국,True
TEST_02791,더_뉴_K7_2013_2016,기아,기아,True
TEST_02792,K7_프리미어_2020_2021,기아,기아,True
TEST_02793,더_뉴_K5_하이브리드_3세대_2023_2025,기아,기아,True
TEST_02794,아반떼_N_2022_2023,현대,현대,True
TEST_02795,파나메라_971_2017_2023,기타 독일차,기타 독일차,True
TEST_02796,프리우스_4세대_2016_2018,일본/프랑스,일본/프랑스,True
TEST_02797,트레일블레이저_2023,미국,미국,True
TEST_02798,그랜저_HG_2011_2014,현대,현대,True
TEST_02799,S_클래스_W222_2014_2020,벤츠,벤츠,True
TEST_02800,트레일블레이저_2023,미국,미국,True
TEST_02801,레인지로버_이보크_2세대_2023_2024,유럽 프리미엄,유럽 프리미엄,True
TEST_02802,4시리즈_F32_2014_2020,BMW,BMW,True
TEST_02803,아반떼_AD_2016_2018,현대,현대,True
TEST_02804,뉴_SM5_임프레션_2008_2010,일본/프랑스,일본/프랑스,True
TEST_02805,QM3_2014_2017,일본/프랑스,일본/프랑스,True
TEST_02806,더_뉴_파사트_2012_2019,기타 독일차,기타 독일차,True
TEST_02807,콰트로포르테_2017_2022,유럽 프리미엄,유럽 프리미엄,True
TEST_02808,E_PACE_2018_2020,유럽 프리미엄,유럽 프리미엄,True
TEST_02809,e_트론_2020_2023,기타 독일차,기타 독일차,True
TEST_02810,A7_2012_2016,기타 독일차,기타 독일차,True
TEST_02811,GLE_클래스_W166_2016_2018,벤츠,벤츠,True
TEST_02812,뉴_카이엔_2011_2018,기타 독일차,기타 독일차,True
TEST_02813,XM3_2020_2023,일본/프랑스,일본/프랑스,True
TEST_02814,X4_F26_2015_2018,BMW,BMW,True
TEST_02815,익스플로러_2016_2017,미국,미국,True
TEST_02816,트레일블레이저_2023,미국,미국,True
TEST_02817,카니발_4세대_2022_2023,기아,기아,True
TEST_02818,랭글러_JL_2018_2024,미국,미국,True
TEST_02819,더_뉴_파사트_2012_2019,기타 독일차,기타 독일차,True
TEST_02820,GV70_2021_2023,제네시스,제네시스,True
TEST_02821,더_뉴_투싼_NX4_2023_2025,현대,현대,True
TEST_02822,시에나_4세대_2021_2024,일본/프랑스,일본/프랑스,True
TEST_02823,GV70_2021_2023,제네시스,제네시스,True
TEST_02824,모델_Y_2021_2025,미국,미국,True
TEST_02825,익스플로러_6세대_2020_2025,미국,미국,True
TEST_02826,X6_G06_2020_2023,BMW,BMW,True
TEST_02827,랭글러_JK_2009_2017,미국,미국,True
TEST_02828,X1_F48_2020_2022,BMW,BMW,True
TEST_02829,B_클래스_W246_2013_2018,벤츠,벤츠,True
TEST_02830,더_뉴_렉스턴_스포츠_2021_2025,기타,기타,True
TEST_02831,더_뉴_쏘렌토_2018_2020,기아,기아,True
TEST_02832,파나메라_971_2017_2023,기타 독일차,기타 독일차,True
TEST_02833,GLA_클래스_H247_2020_2025,벤츠,벤츠,True
TEST_02834,에비에이터_2세대_2020_2025,미국,미국,True
TEST_02835,익스플로러_6세대_2020_2025,미국,미국,True
TEST_02836,머스탱_2015_2023,미국,미국,True
TEST_02837,뉴_체어맨_W_2012_2016,기타,기타,True
TEST_02838,M2_F87_2016_2021,BMW,BMW,True
TEST_02839,말리부_2012_2016,미국,미국,True
TEST_02840,X5_G05_2019_2023,BMW,BMW,True
TEST_02841,라브4_5세대_2019_2024,일본/프랑스,일본/프랑스,True
TEST_02842,X4_G02_2019_2021,BMW,BMW,True
TEST_02843,더_뉴_아반떼_CN7_2023_2025,기아,현대,False
TEST_02844,디펜더_L663_2020_2025,유럽 프리미엄,유럽 프리미엄,True
TEST_02845,뉴_스타일_코란도_C_2017_2019,기타,기타,True
TEST_02846,쿠퍼_클럽맨_2016_2024,기타 독일차,기타 독일차,True
TEST_02847,QM3_2014_2017,일본/프랑스,일본/프랑스,True
TEST_02848,X6_F16_2015_2019,BMW,BMW,True
TEST_02849,X7_G07_2019_2022,BMW,BMW,True
TEST_02850,컨티넨탈_10세대_2017_2019,미국,미국,True
TEST_02851,New_XF_2012_2015,유럽 프리미엄,유럽 프리미엄,True
TEST_02852,르반떼_2017_2022,유럽 프리미엄,유럽 프리미엄,True
TEST_02853,뉴_카이엔_2011_2018,기타 독일차,기타 독일차,True
TEST_02854,AMG_GT_2016_2024,벤츠,벤츠,True
TEST_02855,컴패스_2세대_2018_2022,미국,미국,True
TEST_02856,시에나_4세대_2021_2024,일본/프랑스,일본/프랑스,True
TEST_02857,뉴_A6_2012_2014,기타 독일차,기타 독일차,True
TEST_02858,더_올뉴G80_2021_2024,현대,현대,True
TEST_02859,더_뉴_카니발_4세대_2024_2025,기아,기아,True
TEST_02860,더_K9_2019_2021,기아,기아,True
TEST_02861,E_클래스_W213_2021_2023,벤츠,벤츠,True
TEST_02862,CLS_클래스_W218_2012_2017,벤츠,벤츠,True
TEST_02863,말리부_2012_2016,미국,미국,True
TEST_02864,렉스턴_스포츠_칸_2019_2020,기타,기타,True
TEST_02865,머스탱_2015_2023,미국,미국,True
TEST_02866,팰리세이드_2019_2022,현대,현대,True
TEST_02867,Q5_FY_2020,기타 독일차,기타 독일차,True
TEST_02868,그랜드_체로키_2014_2020,미국,미국,True
TEST_02869,기블리_2014_2023,유럽 프리미엄,유럽 프리미엄,True
TEST_02870,4시리즈_G22_2021_2023,BMW,BMW,True
TEST_02871,싼타페_더_프라임_2016_2018,현대,현대,True
TEST_02872,파나메라_2010_2016,기타 독일차,기타 독일차,True
TEST_02873,더_뉴_아반떼_CN7_2023_2025,현대,현대,True
TEST_02874,디_올뉴그랜저_2023_2025,현대,현대,True
TEST_02875,A5_F5_2019_2024,기타 독일차,기타 독일차,True
TEST_02876,Q8_4M_2020_2025,기타 독일차,기타 독일차,True
TEST_02877,모델_Y_2021_2025,미국,미국,True
TEST_02878,티구안_올스페이스_2018_2023,기타 독일차,기타 독일차,True
TEST_02879,액티언_2세대_2025,기타,기타,True
TEST_02880,5시리즈_G30_2017_2023,BMW,BMW,True
TEST_02881,K5_하이브리드_3세대_2020_2023,기아,기아,True
TEST_02882,GLA_클래스_X156_2015_2019,벤츠,벤츠,True
TEST_02883,G4_렉스턴_2018_2020,기타,기타,True
TEST_02884,캠리_XV70_2018_2024,일본/프랑스,일본/프랑스,True
TEST_02885,카니발_4세대_2021,기아,기아,True
TEST_02886,Q5_FY_2021_2024,기타 독일차,기타 독일차,True
TEST_02887,XM3_2024,일본/프랑스,일본/프랑스,True
TEST_02888,1시리즈_F40_2020_2024,BMW,BMW,True
TEST_02889,에스컬레이드_2015_2020,미국,미국,True
TEST_02890,A4_B9_2016_2019,기타 독일차,기타 독일차,True
TEST_02891,올_뉴_쏘렌토_2015_2017,기아,기아,True
TEST_02892,G80_RG3_2025,제네시스,제네시스,True
TEST_02893,SM6_2016_2020,일본/프랑스,일본/프랑스,True
TEST_02894,더_뉴_QM6_2024_2025,일본/프랑스,일본/프랑스,True
TEST_02895,E_클래스_W213_2021_2023,벤츠,벤츠,True
TEST_02896,쏘나타_DN8_2020_2023,현대,현대,True
TEST_02897,트래버스_2020_2023,미국,미국,True
TEST_02898,EV9_2024_2025,기아,기아,True
TEST_02899,A6_C8_2019_2025,기타 독일차,기타 독일차,True
TEST_02900,쿠퍼_클럽맨_2016_2024,기타 독일차,기타 독일차,True
TEST_02901,A8_D5_2018_2023,기타 독일차,기타 독일차,True
TEST_02902,EQS_V297_2022_2023,벤츠,벤츠,True
TEST_02903,더_뉴_K7_2013_2016,기아,기아,True
TEST_02904,E_클래스_W213_2017_2020,벤츠,벤츠,True
TEST_02905,XM3_2024,일본/프랑스,일본/프랑스,True
TEST_02906,팰리세이드_2019_2022,현대,현대,True
TEST_02907,더_뉴_그랜저_IG_2020_2023,현대,현대,True
TEST_02908,3시리즈_GT_F34_2014_2021,BMW,BMW,True
TEST_02909,체로키_KL_2019_2023,미국,미국,True
TEST_02910,더_기아_레이_EV_2024_2025,제네시스,기아,False
TEST_02911,GLA_클래스_H247_2020_2025,벤츠,벤츠,True
TEST_02912,뉴_SM5_임프레션_2008_2010,일본/프랑스,일본/프랑스,True
TEST_02913,더_뉴_투싼_NX4_2023_2025,현대,현대,True
TEST_02914,더_뉴_아반떼_2014_2016,현대,현대,True
TEST_02915,3008_2세대_2018_2023,기타,기타,True
TEST_02916,스파크_2012_2015,미국,미국,True
TEST_02917,쿠퍼_클럽맨_2016_2024,기타 독일차,기타 독일차,True
TEST_02918,넥쏘_2018_2024,현대,현대,True
TEST_02919,5시리즈_F10_2010_2016,BMW,BMW,True
TEST_02920,글래디에이터_JT_2020_2023,미국,미국,True
TEST_02921,G90_2019_2022,제네시스,제네시스,True
TEST_02922,911_2003_2019,기타 독일차,기타 독일차,True
TEST_02923,더_뉴_QM6_2020_2023,일본/프랑스,일본/프랑스,True
TEST_02924,2008_2015_2017,기타,기타,True
TEST_02925,모하비_더_마스터_2020_2024,기아,기아,True
TEST_02926,그랜드_체로키_2014_2020,미국,미국,True
TEST_02927,티볼리_에어_2016_2019,기타,기타,True
TEST_02928,레인지로버_4세대_2018_2022,유럽 프리미엄,유럽 프리미엄,True
TEST_02929,SM7_노바_2015_2019,일본/프랑스,일본/프랑스,True
TEST_02930,그랜드_체로키_WL_2021_2023,미국,미국,True
TEST_02931,더_뉴_말리부_2019_2022,미국,미국,True
TEST_02932,프리우스_4세대_2019_2022,일본/프랑스,일본/프랑스,True
TEST_02933,더_뉴_렉스턴_스포츠_칸_2021_2025,기타,기타,True
TEST_02934,더_뉴_맥스크루즈_2016_2018,현대,현대,True
TEST_02935,B_클래스_W246_2013_2018,벤츠,벤츠,True
TEST_02936,더_뉴_스파크_2019_2022,미국,미국,True
TEST_02937,SM7_노바_2015_2019,일본/프랑스,일본/프랑스,True
TEST_02938,5시리즈_F10_2010_2016,BMW,BMW,True
TEST_02939,더_뉴_스파크_2019_2022,미국,미국,True
TEST_02940,익스플로러_6세대_2020_2025,미국,미국,True
TEST_02941,넥쏘_2018_2024,현대,현대,True
TEST_02942,아반떼_N_2022_2023,현대,현대,True
TEST_02943,Q50_2014_2017,일본/프랑스,일본/프랑스,True
TEST_02944,E_PACE_2018_2020,유럽 프리미엄,유럽 프리미엄,True
TEST_02945,올_뉴_K7_하이브리드_2017_2019,기아,기아,True
TEST_02946,디스커버리_4_2010_2016,유럽 프리미엄,유럽 프리미엄,True
TEST_02947,투싼_NX4_2021_2023,현대,현대,True
TEST_02948,더_뉴_셀토스_2023_2025,기아,기아,True
TEST_02949,M4_F82_2015_2020,BMW,BMW,True
TEST_02950,일렉트리파이드_GV70_2022_2024,제네시스,제네시스,True
TEST_02951,카이엔_PO536_2019_2023,기타 독일차,기타 독일차,True
TEST_02952,LF_쏘나타_2015_2017,현대,현대,True
TEST_02953,모델_3_2019_2022,미국,미국,True
TEST_02954,XC90_2세대_2017_2019,유럽 프리미엄,유럽 프리미엄,True
TEST_02955,더_뉴_그랜드_스타렉스_2018_2021,현대,현대,True
TEST_02956,라브4_5세대_2019_2024,일본/프랑스,일본/프랑스,True
TEST_02957,셀토스_2020_2023,기아,기아,True
TEST_02958,K7_프리미어_하이브리드_2020_2021,기아,기아,True
TEST_02959,K7_프리미어_하이브리드_2020_2021,기아,기아,True
TEST_02960,어코드_10세대_2018_2022,일본/프랑스,일본/프랑스,True
TEST_02961,아슬란_2015_2018,현대,현대,True
TEST_02962,타이칸_2021_2025,기타 독일차,기타 독일차,True
TEST_02963,더_뉴_SM6_2021_2024,일본/프랑스,일본/프랑스,True
TEST_02964,B_클래스_W246_2013_2018,벤츠,벤츠,True
TEST_02965,레니게이드_2015_2017,미국,미국,True
TEST_02966,XJ_8세대_2010_2019,유럽 프리미엄,유럽 프리미엄,True
TEST_02967,X3_G01_2018_2021,BMW,BMW,True
TEST_02968,XE_2016_2019,유럽 프리미엄,유럽 프리미엄,True
TEST_02969,쏘나타_디_엣지_DN8_2024_2025,현대,현대,True
TEST_02970,RAV4_2016_2018,일본/프랑스,일본/프랑스,True
TEST_02971,1시리즈_F40_2020_2024,BMW,BMW,True
TEST_02972,모델_Y_2021_2025,미국,미국,True
TEST_02973,7시리즈_G11_2016_2018,BMW,BMW,True
TEST_02974,6시리즈_GT_G32_2021_2024,BMW,BMW,True
TEST_02975,V60_크로스컨트리_2세대_2020_2025,유럽 프리미엄,유럽 프리미엄,True
TEST_02976,트랙스_크로스오버_2024_2025,미국,미국,True
TEST_02977,스팅어_마이스터_2021_2023,기아,기아,True
TEST_02978,B_클래스_W246_2013_2018,벤츠,벤츠,True
TEST_02979,시에나_4세대_2021_2024,일본/프랑스,일본/프랑스,True
TEST_02980,3시리즈_F30_2013_2018,BMW,BMW,True
TEST_02981,XE_2016_2019,유럽 프리미엄,유럽 프리미엄,True
TEST_02982,싼타페_TM_2019_2020,현대,현대,True
TEST_02983,YF쏘나타_2009_2012,현대,현대,True
TEST_02984,5시리즈_G30_2017_2023,BMW,BMW,True
TEST_02985,A7_4K_2020_2024,기타 독일차,기타 독일차,True
TEST_02986,Z4_G29_2019_2025,BMW,BMW,True
TEST_02987,3시리즈_G20_2019_2022,BMW,BMW,True
TEST_02988,V40_2015_2018,유럽 프리미엄,유럽 프리미엄,True
TEST_02989,더_뉴_쏘렌토_4세대_2024_2025,기아,기아,True
TEST_02990,S60_3세대_2020_2024,유럽 프리미엄,유럽 프리미엄,True
TEST_02991,디_올뉴싼타페_2024_2025,현대,현대,True
TEST_02992,4시리즈_G22_2024_2025,BMW,BMW,True
TEST_02993,쿠퍼_클럽맨_2016_2024,기타 독일차,기타 독일차,True
TEST_02994,알티마_2017_2018,일본/프랑스,일본/프랑스,True
TEST_02995,익스플로러_2016_2017,미국,미국,True
TEST_02996,리얼_뉴_콜로라도_2021_2022,미국,미국,True
TEST_02997,XC60_2세대_2022_2025,유럽 프리미엄,유럽 프리미엄,True
TEST_02998,X6_G06_2020_2023,BMW,BMW,True
TEST_02999,더_뉴_SM6_2021_2024,일본/프랑스,일본/프랑스,True
TEST_03000,그랜드_체로키_2014_2020,미국,미국,True
TEST_03001,라브4_5세대_2019_2024,일본/프랑스,일본/프랑스,True
TEST_03002,베뉴_2020_2024,현대,현대,True
TEST_03003,C_클래스_W205_2015_2021,벤츠,벤츠,True
TEST_03004,F_PACE_2017_2019,유럽 프리미엄,유럽 프리미엄,True
TEST_03005,G70_2018_2020,제네시스,제네시스,True
TEST_03006,마칸_2022_2024,기타 독일차,기타 독일차,True
TEST_03007,디_올뉴그랜저_2023_2025,현대,현대,True
TEST_03008,디_올_뉴_니로_2022_2025,기아,기아,True
TEST_03009,F_PACE_2017_2019,유럽 프리미엄,유럽 프리미엄,True
TEST_03010,E_PACE_2018_2020,유럽 프리미엄,유럽 프리미엄,True
TEST_03011,레인지로버_4세대_2018_2022,유럽 프리미엄,유럽 프리미엄,True
TEST_03012,콜로라도_2020_2020,미국,미국,True
TEST_03013,E_PACE_2018_2020,유럽 프리미엄,유럽 프리미엄,True
TEST_03014,뉴_A6_2015_2018,기타 독일차,기타 독일차,True
TEST_03015,더_올뉴G80_2021_2024,현대,현대,True
TEST_03016,더_뉴_스파크_2019_2022,미국,미국,True
TEST_03017,GLE_클래스_W167_2019_2024,벤츠,벤츠,True
TEST_03018,SM7_뉴아트_2008_2011,일본/프랑스,일본/프랑스,True
TEST_03019,라브4_4세대_2013_2018,일본/프랑스,일본/프랑스,True
TEST_03020,올_뉴_카마로_2017_2018,미국,미국,True
TEST_03021,2시리즈_그란쿠페_F44_2020_2024,BMW,BMW,True
TEST_03022,올_뉴_투싼_TL_2019_2020,현대,현대,True
TEST_03023,6시리즈_F12_2011_2018,BMW,BMW,True
TEST_03024,Q7_4M_2020_2023,기타 독일차,기타 독일차,True
TEST_03025,체로키_KL_2019_2023,미국,미국,True
TEST_03026,718_카이맨_2017_2024,기타 독일차,기타 독일차,True
TEST_03027,모닝_어반_JA_2021_2023,기아,기아,True
TEST_03028,M2_F87_2016_2021,BMW,BMW,True
TEST_03029,F150_2004_2021,미국,미국,True
TEST_03030,AMG_GT_2016_2024,벤츠,벤츠,True
TEST_03031,더_뉴_셀토스_2023_2025,기아,기아,True
TEST_03032,Q7_4M_2016_2019,기타 독일차,기타 독일차,True
TEST_03033,코나_SX2_2023_2025,현대,현대,True
TEST_03034,X4_F26_2015_2018,BMW,BMW,True
TEST_03035,넥쏘_2018_2024,현대,현대,True
TEST_03036,CT6_2016_2018,미국,미국,True
TEST_03037,디_올_뉴_니로_2022_2025,기아,기아,True
TEST_03038,그랜저_HG_2011_2014,현대,현대,True
TEST_03039,레인지로버_이보크_2세대_2020_2022,유럽 프리미엄,유럽 프리미엄,True
TEST_03040,모델_3_2024_2025,벤츠,미국,False
TEST_03041,레니게이드_2015_2017,미국,미국,True
TEST_03042,아이오닉6_2023_2025,현대,현대,True
TEST_03043,니로_2017_2019,기아,기아,True
TEST_03044,레인지로버_이보크_2016_2019,유럽 프리미엄,유럽 프리미엄,True
TEST_03045,프리우스_C_2018_2020,일본/프랑스,일본/프랑스,True
TEST_03046,에비에이터_2세대_2020_2025,미국,미국,True
TEST_03047,싼타페_TM_2019_2020,현대,현대,True
TEST_03048,QM6_2017_2019,일본/프랑스,일본/프랑스,True
TEST_03049,더_뉴_그랜저_IG_2020_2023,현대,현대,True
TEST_03050,아베오_2012_2016,미국,미국,True
TEST_03051,GLA_클래스_X156_2015_2019,벤츠,벤츠,True
TEST_03052,뉴_G80_2025_2026,제네시스,제네시스,True
TEST_03053,K8_2022_2024,기아,기아,True
TEST_03054,더_뉴_맥스크루즈_2016_2018,현대,현대,True
TEST_03055,7시리즈_G11_2019_2022,BMW,BMW,True
TEST_03056,레인지로버_5세대_2023_2024,유럽 프리미엄,유럽 프리미엄,True
TEST_03057,SM7_뉴아트_2008_2011,일본/프랑스,일본/프랑스,True
TEST_03058,그랜드_체로키_WL_2021_2023,미국,미국,True
TEST_03059,뉴_CC_2012_2016,기타 독일차,기타 독일차,True
TEST_03060,스포티지_5세대_2022_2024,기아,기아,True
TEST_03061,GLA_클래스_X156_2015_2019,벤츠,벤츠,True
TEST_03062,모델_3_2024_2025,미국,미국,True
TEST_03063,K8_2022_2024,기아,기아,True
TEST_03064,레인지로버_스포츠_2세대_2018_2022,유럽 프리미엄,유럽 프리미엄,True
TEST_03065,코세어_2020_2022,미국,미국,True
TEST_03066,뉴_GV80_2024_2025,제네시스,제네시스,True
TEST_03067,6시리즈_GT_G32_2021_2024,BMW,BMW,True
TEST_03068,랭글러_JK_2009_2017,미국,미국,True
TEST_03069,파나메라_2010_2016,기타 독일차,기타 독일차,True
TEST_03070,싼타페_MX5_2024_2025,현대,현대,True
TEST_03071,더_뉴_기아_레이_2022_2025,기아,기아,True
TEST_03072,CLA_클래스_C117_2014_2019,벤츠,벤츠,True
TEST_03073,코나_SX2_2023_2025,현대,현대,True
TEST_03074,넥쏘_2018_2024,현대,현대,True
TEST_03075,E_클래스_W213_2017_2020,벤츠,벤츠,True
TEST_03076,X5_G05_2024_2025,BMW,BMW,True
TEST_03077,제네시스_DH_2014_2016,제네시스,제네시스,True
TEST_03078,아이오닉5_2022_2023,현대,현대,True
TEST_03079,라브4_5세대_2019_2024,일본/프랑스,일본/프랑스,True
TEST_03080,3시리즈_E90_2005_2012,BMW,BMW,True
TEST_03081,익스플로러_6세대_2020_2025,미국,미국,True
TEST_03082,니로_2017_2019,기아,기아,True
TEST_03083,몬데오_4세대_2015_2020,미국,미국,True
TEST_03084,Q30_2017_2019,일본/프랑스,일본/프랑스,True
TEST_03085,XC60_2세대_2018_2021,유럽 프리미엄,유럽 프리미엄,True
TEST_03086,그랜드_스타렉스_2016_2018,현대,현대,True
TEST_03087,쿠퍼_컨트리맨_2016_2024,기타 독일차,기타 독일차,True
TEST_03088,스파크_2012_2015,미국,미국,True
TEST_03089,올_뉴_K7_하이브리드_2017_2019,기아,기아,True
TEST_03090,스파크_2012_2015,미국,미국,True
TEST_03091,스팅어_2018_2020,기아,기아,True
TEST_03092,M2_F87_2016_2021,BMW,BMW,True
TEST_03093,더_뉴_그랜저_IG_2020_2023,현대,현대,True
TEST_03094,더_뉴_코란도_스포츠_2016_2018,기타,기타,True
TEST_03095,마칸_2019_2021,기타 독일차,기타 독일차,True
TEST_03096,올_뉴_K7_하이브리드_2017_2019,기아,기아,True
TEST_03097,6시리즈_F12_2011_2018,BMW,BMW,True
TEST_03098,더_뉴_기아_레이_2022_2025,기아,기아,True
TEST_03099,티구안_올스페이스_2018_2023,기타 독일차,기타 독일차,True
TEST_03100,티볼리_에어_2016_2019,기타,기타,True
TEST_03101,911_992_2020_2024,기타 독일차,기타 독일차,True
TEST_03102,랭글러_JK_2009_2017,미국,미국,True
TEST_03103,컴패스_2세대_2018_2022,미국,미국,True
TEST_03104,그랜저_GN7_2023_2025,벤츠,현대,False
TEST_03105,골프_7세대_2013_2016,기타 독일차,기타 독일차,True
TEST_03106,스포티지_더_볼드_2019_2022,기아,기아,True
TEST_03107,스포티지_4세대_2016_2018,기아,기아,True
TEST_03108,익스플로러_6세대_2020_2025,미국,미국,True
TEST_03109,쏘렌토_4세대_2021_2023,현대,현대,True
TEST_03110,RAV4_5세대_2019_2024,일본/프랑스,일본/프랑스,True
TEST_03111,718_카이맨_2017_2024,기타 독일차,기타 독일차,True
TEST_03112,레인지로버_벨라_2018_2019,유럽 프리미엄,유럽 프리미엄,True
TEST_03113,X4_F26_2015_2018,벤츠,BMW,False
TEST_03114,베뉴_2020_2024,현대,현대,True
TEST_03115,스팅어_2018_2020,기아,기아,True
TEST_03116,더_뉴_K3_2016_2018,기아,기아,True
TEST_03117,G90_RS4_2022_2025,제네시스,제네시스,True
TEST_03118,그랜드_스타렉스_2016_2018,현대,현대,True
TEST_03119,X1_F48_2020_2022,BMW,BMW,True
TEST_03120,더_뉴_SM6_2021_2024,일본/프랑스,일본/프랑스,True
TEST_03121,아반떼_MD_2011_2014,현대,현대,True
TEST_03122,K5_하이브리드_3세대_2020_2023,기아,기아,True
TEST_03123,2008_2015_2017,기타,기타,True
TEST_03124,베리_뉴_티볼리_2020_2023,기타,기타,True
TEST_03125,올_뉴_말리부_2017_2018,미국,미국,True
TEST_03126,4시리즈_G22_2021_2023,BMW,BMW,True
TEST_03127,파나메라_2010_2016,기타 독일차,기타 독일차,True
TEST_03128,K3_2013_2015,기아,기아,True
TEST_03129,더_뉴_기아_레이_2022_2025,기아,기아,True
TEST_03130,레이_2012_2017,기아,기아,True
TEST_03131,X1_U11_2023_2024,BMW,BMW,True
TEST_03132,Q3_F3_2020_2024,기타 독일차,기타 독일차,True
TEST_03133,그랜드카니발_2006_2010,기아,기아,True
TEST_03134,6시리즈_GT_G32_2018_2020,BMW,BMW,True
TEST_03135,Q5_FY_2021_2024,기타 독일차,기타 독일차,True
TEST_03136,2시리즈_그란쿠페_F44_2020_2024,BMW,BMW,True
TEST_03137,GLC_클래스_X253_2020_2022,벤츠,벤츠,True
TEST_03138,코나_2018_2020,현대,현대,True
TEST_03139,캠리_XV70_2018_2024,일본/프랑스,일본/프랑스,True
TEST_03140,XF_X260_2016_2020,유럽 프리미엄,유럽 프리미엄,True
TEST_03141,트랙스_2013_2016,미국,미국,True
TEST_03142,K7_프리미어_하이브리드_2020_2021,기아,기아,True
TEST_03143,EV9_2024_2025,기아,기아,True
TEST_03144,911_992_2020_2024,기타 독일차,기타 독일차,True
TEST_03145,A4_B9_2020_2024,기타 독일차,기타 독일차,True
TEST_03146,쿠퍼_클럽맨_2016_2024,기타 독일차,기타 독일차,True
TEST_03147,GV70_2021_2023,제네시스,제네시스,True
TEST_03148,라브4_4세대_2013_2018,일본/프랑스,일본/프랑스,True
TEST_03149,i30_PD_2017_2018,현대,현대,True
TEST_03150,GV80_2020_2022,제네시스,제네시스,True
TEST_03151,더_뉴_K3_2세대_2022_2024,기아,기아,True
TEST_03152,CLS_클래스_W218_2012_2017,벤츠,벤츠,True
TEST_03153,911_992_2020_2024,기타 독일차,기타 독일차,True
TEST_03154,알티마_2017_2018,일본/프랑스,일본/프랑스,True
TEST_03155,뉴_CC_2012_2016,기타 독일차,기타 독일차,True
TEST_03156,투싼_NX4_2021_2023,현대,현대,True
TEST_03157,C_클래스_W206_2022_2024,벤츠,벤츠,True
TEST_03158,티볼리_에어_2016_2019,기타,기타,True
TEST_03159,그랜저_HG_2011_2014,현대,현대,True
TEST_03160,더_뉴_K5_하이브리드_3세대_2023_2025,기아,기아,True
TEST_03161,K8_하이브리드_2022_2024,기아,기아,True
TEST_03162,Q50_2014_2017,일본/프랑스,일본/프랑스,True
TEST_03163,스팅어_2018_2020,기아,기아,True
TEST_03164,올_뉴_카마로_2017_2018,미국,미국,True
TEST_03165,CLS_클래스_W218_2012_2017,벤츠,벤츠,True
TEST_03166,UX250h_2019_2024,일본/프랑스,일본/프랑스,True
TEST_03167,5시리즈_F10_2010_2016,BMW,BMW,True
TEST_03168,EV6_2022_2024,기아,기아,True
TEST_03169,뉴_SM5_플래티넘_2013_2014,일본/프랑스,일본/프랑스,True
TEST_03170,7시리즈_G11_2016_2018,BMW,BMW,True
TEST_03171,Q5_FY_2021_2024,기타 독일차,기타 독일차,True
TEST_03172,스파크_2012_2015,미국,미국,True
TEST_03173,E_클래스_W212_2010_2016,벤츠,벤츠,True
TEST_03174,2시리즈_액티브_투어러_F45_2019_2021,BMW,BMW,True
TEST_03175,더_뉴_코란도_스포츠_2016_2018,기타,기타,True
TEST_03176,몬데오_4세대_2015_2020,미국,미국,True
TEST_03177,7시리즈_F01_2009_2015,BMW,BMW,True
TEST_03178,그랜저_GN7_2023_2025,현대,현대,True
TEST_03179,GLB_클래스_X247_2020_2023,벤츠,벤츠,True
TEST_03180,A4_B9_2016_2019,기타 독일차,기타 독일차,True
TEST_03181,그랜저TG_2007_2008,현대,현대,True
TEST_03182,Q5_FY_2020,기타 독일차,기타 독일차,True
TEST_03183,더_뉴_QM6_2020_2023,일본/프랑스,일본/프랑스,True
TEST_03184,5시리즈_G60_2024_2025,BMW,BMW,True
TEST_03185,A_클래스_W176_2015_2018,벤츠,벤츠,True
TEST_03186,EQA_H243_2021_2024,벤츠,벤츠,True
TEST_03187,익스플로러_2016_2017,미국,미국,True
TEST_03188,YF쏘나타_하이브리드_2011_2015,현대,현대,True
TEST_03189,XM3_2024,일본/프랑스,일본/프랑스,True
TEST_03190,CT6_2016_2018,미국,미국,True
TEST_03191,레인지로버_스포츠_2세대_2013_2017,유럽 프리미엄,유럽 프리미엄,True
TEST_03192,GLE_클래스_W166_2016_2018,벤츠,벤츠,True
TEST_03193,올_뉴_렉스턴_2021_2025,기타,기타,True
TEST_03194,i4_2022_2024,BMW,BMW,True
TEST_03195,박스터_718_2017_2024,기타 독일차,기타 독일차,True
TEST_03196,6시리즈_GT_G32_2021_2024,BMW,BMW,True
TEST_03197,그랜드_체로키_2014_2020,미국,미국,True
TEST_03198,GLB_클래스_X247_2020_2023,벤츠,벤츠,True
TEST_03199,더_뉴_아반떼_AD_2019_2020,현대,현대,True
TEST_03200,쿠퍼_컨트리맨_2012_2015,기타 독일차,기타 독일차,True
TEST_03201,더_뉴_싼타페_2021_2023,현대,현대,True
TEST_03202,5시리즈_F10_2010_2016,BMW,BMW,True
TEST_03203,X5_G05_2019_2023,BMW,BMW,True
TEST_03204,아이오닉6_2023_2025,현대,현대,True
TEST_03205,어코드_10세대_2018_2022,일본/프랑스,일본/프랑스,True
TEST_03206,베뉴_2020_2024,현대,현대,True
TEST_03207,A5_F5_2019_2024,기타 독일차,기타 독일차,True
TEST_03208,뉴_QM5_2012_2014,일본/프랑스,일본/프랑스,True
TEST_03209,그랜저_IG_2017_2019,현대,현대,True
TEST_03210,F150_2004_2021,미국,미국,True
TEST_03211,5008_2세대_2018_2019,기타,기타,True
TEST_03212,그랜저_IG_2017_2019,현대,현대,True
TEST_03213,더_뉴_카니발_2019_2020,기아,기아,True
TEST_03214,X3_G01_2018_2021,BMW,BMW,True
TEST_03215,컨티넨탈_GT_2세대_2012_2017,유럽 프리미엄,유럽 프리미엄,True
TEST_03216,더_기아_레이_EV_2024_2025,기아,기아,True
TEST_03217,아이오닉6_2023_2025,현대,현대,True
TEST_03218,3시리즈_GT_F34_2014_2021,BMW,BMW,True
TEST_03219,X6_G06_2024_2025,BMW,BMW,True
TEST_03220,컴패스_2세대_2018_2022,미국,미국,True
TEST_03221,그랜드카니발_2006_2010,기아,기아,True
TEST_03222,파나메라_2010_2016,기타 독일차,기타 독일차,True
TEST_03223,레인지로버_이보크_2세대_2020_2022,유럽 프리미엄,유럽 프리미엄,True
TEST_03224,타이칸_2021_2025,기타 독일차,기타 독일차,True
TEST_03225,마칸_2014_2018,기타 독일차,기타 독일차,True
TEST_03226,A6_C8_2019_2025,기타 독일차,기타 독일차,True
TEST_03227,GLE_클래스_W167_2019_2024,벤츠,벤츠,True
TEST_03228,그랜드_체로키_2014_2020,미국,미국,True
TEST_03229,XC60_2세대_2018_2021,유럽 프리미엄,유럽 프리미엄,True
TEST_03230,X1_U11_2023_2024,BMW,BMW,True
TEST_03231,베뉴_2020_2024,현대,현대,True
TEST_03232,더_뉴_카니발_4세대_2024_2025,기아,기아,True
TEST_03233,더_뉴_K5_하이브리드_3세대_2023_2025,기아,기아,True
TEST_03234,더_뉴_기아_레이_2022_2025,기아,기아,True
TEST_03235,올_뉴_K7_하이브리드_2017_2019,기아,기아,True
TEST_03236,3008_2세대_2018_2023,기타,기타,True
TEST_03237,G70_2018_2020,제네시스,제네시스,True
TEST_03238,더_뉴_쏘렌토_4세대_2024_2025,기아,기아,True
TEST_03239,F150_2004_2021,기타 독일차,미국,False
TEST_03240,더_K9_2019_2021,기아,기아,True
TEST_03241,XM3_2020_2023,일본/프랑스,일본/프랑스,True
TEST_03242,올_뉴_모닝_JA_2017_2020,기아,기아,True
TEST_03243,EQS_V297_2022_2023,벤츠,벤츠,True
TEST_03244,뉴QM3_2018_2019,일본/프랑스,일본/프랑스,True
TEST_03245,벨로스터_JS_2018_2020,현대,현대,True
TEST_03246,E_클래스_W213_2017_2020,벤츠,벤츠,True
TEST_03247,쏘나타_뉴_라이즈_2018_2019,현대,현대,True
TEST_03248,트레일블레이저_2021_2022,미국,미국,True
TEST_03249,XM3_2024,일본/프랑스,일본/프랑스,True
TEST_03250,GV80_2024_2025,제네시스,제네시스,True
TEST_03251,5시리즈_G60_2024_2025,BMW,BMW,True
TEST_03252,올_뉴_투싼_TL_2016_2018,현대,현대,True
TEST_03253,아반떼_하이브리드_CN7_2021_2023,현대,현대,True
TEST_03254,그랜저_GN7_2023_2025,현대,현대,True
TEST_03255,X4_G02_2019_2021,BMW,BMW,True
TEST_03256,리얼_뉴_콜로라도_2021_2022,미국,미국,True
TEST_03257,디스커버리_4_2010_2016,유럽 프리미엄,유럽 프리미엄,True
TEST_03258,디_올_뉴_니로_2022_2025,기아,기아,True
TEST_03259,X2_F39_2018_2023,BMW,BMW,True
TEST_03260,X7_G07_2019_2022,BMW,BMW,True
TEST_03261,모델_3_2019_2022,미국,미국,True
TEST_03262,New_XF_2012_2015,유럽 프리미엄,유럽 프리미엄,True
TEST_03263,뉴_MKZ_2017_2020,미국,미국,True
TEST_03264,UX250h_2019_2024,일본/프랑스,일본/프랑스,True
TEST_03265,K8_2022_2024,기아,기아,True
TEST_03266,그랜저_IG_2017_2019,현대,현대,True
TEST_03267,더_뉴_싼타페_2021_2023,현대,현대,True
TEST_03268,스포티지_4세대_2016_2018,기아,기아,True
TEST_03269,GLC_클래스_X253_2017_2019,벤츠,벤츠,True
TEST_03270,X5_F15_2014_2018,BMW,BMW,True
TEST_03271,911_992_2020_2024,기타 독일차,기타 독일차,True
TEST_03272,베리_뉴_티볼리_2020_2023,기타,기타,True
TEST_03273,렉스턴_스포츠_칸_2019_2020,기타,기타,True
TEST_03274,쏘나타_디_엣지_DN8_2024_2025,현대,현대,True
TEST_03275,아베오_2012_2016,미국,미국,True
TEST_03276,싼타페_MX5_2024_2025,현대,현대,True
TEST_03277,더_뉴_니로_2020_2022,기아,기아,True
TEST_03278,1시리즈_F20_2016_2019,BMW,BMW,True
TEST_03279,더_뉴_K3_2세대_2022_2024,기아,기아,True
TEST_03280,M5_F90_2018_2023,BMW,BMW,True
TEST_03281,1시리즈_F40_2020_2024,BMW,BMW,True
TEST_03282,X5_F15_2014_2018,BMW,BMW,True
TEST_03283,스포티지_5세대_2022_2024,기아,기아,True
TEST_03284,XC60_2세대_2022_2025,유럽 프리미엄,유럽 프리미엄,True
TEST_03285,쿠퍼_컨버터블_2016_2024,기타 독일차,기타 독일차,True
TEST_03286,일렉트리파이드_GV70_2022_2024,제네시스,제네시스,True
TEST_03287,XC60_2세대_2022_2025,유럽 프리미엄,유럽 프리미엄,True
TEST_03288,마칸_2014_2018,기타 독일차,기타 독일차,True
TEST_03289,모델_Y_2021_2025,기아,미국,False
TEST_03290,K5_2세대_2016_2018,기아,기아,True
TEST_03291,아이오닉_하이브리드_2016_2019,현대,현대,True
TEST_03292,5시리즈_G60_2024_2025,BMW,BMW,True
TEST_03293,GLC_클래스_X253_2023,벤츠,벤츠,True
TEST_03294,리얼_뉴_콜로라도_2021_2022,미국,미국,True
TEST_03295,F150_2004_2021,미국,미국,True
TEST_03296,더_뉴_맥스크루즈_2016_2018,현대,현대,True
TEST_03297,X7_G07_2023_2025,BMW,BMW,True
TEST_03298,올_뉴_카니발_2015_2019,기아,기아,True
TEST_03299,어코드_10세대_2018_2022,일본/프랑스,일본/프랑스,True
TEST_03300,쏘나타_뉴_라이즈_2018_2019,현대,현대,True
TEST_03301,레인지로버_이보크_2세대_2020_2022,유럽 프리미엄,유럽 프리미엄,True
TEST_03302,K8_2022_2024,기아,기아,True
TEST_03303,디스커버리_스포츠_2015_2019,유럽 프리미엄,유럽 프리미엄,True
TEST_03304,뉴_SM5_임프레션_2008_2010,일본/프랑스,일본/프랑스,True
TEST_03305,GLC_클래스_X253_2023,벤츠,벤츠,True
TEST_03306,더_뉴_렉스턴_스포츠_2021_2025,기타,기타,True
TEST_03307,뉴_ES300h_2013_2015,일본/프랑스,일본/프랑스,True
TEST_03308,올란도_2012_2018,미국,미국,True
TEST_03309,X5_G05_2019_2023,BMW,BMW,True
TEST_03310,SM3_네오_2015_2019,일본/프랑스,일본/프랑스,True
TEST_03311,X5_G05_2024_2025,BMW,BMW,True
TEST_03312,더_뉴_카니발_4세대_2024_2025,기아,기아,True
TEST_03313,G90_2019_2022,제네시스,제네시스,True
TEST_03314,그랜저_HG_2011_2014,현대,현대,True
TEST_03315,G80_RG3_2025,제네시스,제네시스,True
TEST_03316,스파크_2012_2015,미국,미국,True
TEST_03317,Q50_2014_2017,일본/프랑스,일본/프랑스,True
TEST_03318,글래디에이터_JT_2020_2023,미국,미국,True
TEST_03319,M2_F87_2016_2021,BMW,BMW,True
TEST_03320,스포티지_5세대_2022_2024,기아,기아,True
TEST_03321,알티마_2017_2018,일본/프랑스,일본/프랑스,True
TEST_03322,7시리즈_F01_2009_2015,BMW,BMW,True
TEST_03323,스포티지_더_볼드_2019_2022,기아,기아,True
TEST_03324,뉴_ES300h_2013_2015,일본/프랑스,일본/프랑스,True
TEST_03325,아반떼_하이브리드_CN7_2021_2023,현대,현대,True
TEST_03326,올_뉴_투싼_TL_2016_2018,현대,현대,True
TEST_03327,더_뉴_아반떼_AD_2019_2020,현대,현대,True
TEST_03328,i30_PD_2017_2018,현대,현대,True
TEST_03329,몬데오_4세대_2015_2020,미국,미국,True
TEST_03330,에스컬레이드_5세대_2021_2024,미국,미국,True
TEST_03331,GLE_클래스_W166_2016_2018,벤츠,벤츠,True
TEST_03332,더_뉴_팰리세이드_2023_2024,현대,현대,True
TEST_03333,레니게이드_2015_2017,미국,미국,True
TEST_03334,트레일블레이저_2021_2022,미국,미국,True
TEST_03335,G_클래스_W463_2009_2017,벤츠,벤츠,True
TEST_03336,더_뉴_모하비_2017_2019,기아,기아,True
TEST_03337,티볼리_2015_2018,기타,기타,True
TEST_03338,아이오닉5_2022_2023,현대,현대,True
TEST_03339,ES300h_7세대_2019_2026,일본/프랑스,일본/프랑스,True
TEST_03340,1시리즈_F20_2013_2015,BMW,BMW,True
TEST_03341,싼타페_더_프라임_2016_2018,현대,현대,True
TEST_03342,티볼리_아머_2018_2019,기타,기타,True
TEST_03343,캠리_XV70_2018_2024,일본/프랑스,일본/프랑스,True
TEST_03344,GLB_클래스_X247_2020_2023,벤츠,벤츠,True
TEST_03345,QM6_2017_2019,일본/프랑스,일본/프랑스,True
TEST_03346,GLC_클래스_X253_2017_2019,벤츠,벤츠,True
TEST_03347,Q5_FY_2020,기타 독일차,기타 독일차,True
TEST_03348,CLS_클래스_C257_2019_2023,벤츠,벤츠,True
TEST_03349,V90_크로스컨트리_2018_2024,유럽 프리미엄,유럽 프리미엄,True
TEST_03350,그랑_콜레오스_2025,일본/프랑스,일본/프랑스,True
TEST_03351,SM7_노바_2015_2019,일본/프랑스,일본/프랑스,True
TEST_03352,M2_F87_2016_2021,BMW,BMW,True
TEST_03353,A5_F5_2019_2024,기타 독일차,기타 독일차,True
TEST_03354,티볼리_에어_2021_2022,기타,기타,True
TEST_03355,뉴_체어맨_W_2012_2016,기타,기타,True
TEST_03356,트레일블레이저_2021_2022,미국,미국,True
TEST_03357,EV6_2022_2024,기아,기아,True
TEST_03358,프리우스_4세대_2016_2018,일본/프랑스,일본/프랑스,True
TEST_03359,뉴_ES300h_2016_2018,일본/프랑스,일본/프랑스,True
TEST_03360,쿠퍼_컨버터블_2016_2024,기타 독일차,기타 독일차,True
TEST_03361,그랜저TG_2007_2008,현대,현대,True
TEST_03362,3008_2세대_2018_2023,기타,기타,True
TEST_03363,S_클래스_W221_2006_2013,벤츠,벤츠,True
TEST_03364,라브4_4세대_2013_2018,일본/프랑스,일본/프랑스,True
TEST_03365,스파크_2012_2015,미국,미국,True
TEST_03366,모하비_더_마스터_2020_2024,기아,기아,True
TEST_03367,더_뉴_팰리세이드_2023_2024,현대,현대,True
TEST_03368,GV80_2020_2022,제네시스,제네시스,True
TEST_03369,아슬란_2015_2018,현대,현대,True
TEST_03370,New_XF_2012_2015,유럽 프리미엄,유럽 프리미엄,True
TEST_03371,아반떼_하이브리드_CN7_2021_2023,현대,현대,True
TEST_03372,A4_B9_2016_2019,기타 독일차,기타 독일차,True
TEST_03373,AMG_GT_2016_2024,벤츠,벤츠,True
TEST_03374,EQS_V297_2022_2023,벤츠,벤츠,True
TEST_03375,스포티지_4세대_2016_2018,기아,기아,True
TEST_03376,올_뉴_카니발_2015_2019,기아,기아,True
TEST_03377,SM3_네오_2015_2019,일본/프랑스,일본/프랑스,True
TEST_03378,그랜저_HG_2011_2014,현대,현대,True
TEST_03379,파사트_GT_B8_2018_2022,기타 독일차,기타 독일차,True
TEST_03380,그랑_콜레오스_2025,일본/프랑스,일본/프랑스,True
TEST_03381,K5_2세대_2016_2018,기아,기아,True
TEST_03382,GLA_클래스_H247_2020_2025,벤츠,벤츠,True
TEST_03383,V40_2015_2018,유럽 프리미엄,유럽 프리미엄,True
TEST_03384,3시리즈_G20_2023_2025,BMW,BMW,True
TEST_03385,더_뉴_렉스턴_스포츠_칸_2021_2025,기타,기타,True
TEST_03386,XC60_2세대_2022_2025,유럽 프리미엄,유럽 프리미엄,True
TEST_03387,디_올_뉴_스포티지_2022_2024,기아,기아,True
TEST_03388,G90_2019_2022,제네시스,제네시스,True
TEST_03389,컨티넨탈_10세대_2017_2019,미국,미국,True
TEST_03390,C_클래스_W204_2008_2015,벤츠,벤츠,True
TEST_03391,레니게이드_2019_2023,미국,미국,True
TEST_03392,G80_RG3_2025,제네시스,제네시스,True
TEST_03393,카이엔_PO536_2019_2023,기타 독일차,기타 독일차,True
TEST_03394,S90_2017_2020,유럽 프리미엄,유럽 프리미엄,True
TEST_03395,CLS_클래스_C257_2019_2023,벤츠,벤츠,True
TEST_03396,CLA_클래스_C118_2020_2025,벤츠,벤츠,True
TEST_03397,E_클래스_W213_2017_2020,벤츠,벤츠,True
TEST_03398,더_뉴_모닝_2015_2016,기아,기아,True
TEST_03399,파나메라_971_2017_2023,기타 독일차,기타 독일차,True
TEST_03400,뉴_티구안_2012_2016,기타 독일차,기타 독일차,True
TEST_03401,5시리즈_G30_2017_2023,BMW,BMW,True
TEST_03402,SM5_노바_2015_2019,일본/프랑스,일본/프랑스,True
TEST_03403,프리우스_4세대_2016_2018,일본/프랑스,일본/프랑스,True
TEST_03404,더_뉴_아반떼_2014_2016,현대,현대,True
TEST_03405,더_뉴_코나_2021_2023,현대,현대,True
TEST_03406,투아렉_3세대_2020_2023,기타 독일차,기타 독일차,True
TEST_03407,1시리즈_F20_2013_2015,BMW,BMW,True
TEST_03408,카니발_4세대_2021,기아,기아,True
TEST_03409,컨티넨탈_GT_2세대_2012_2017,유럽 프리미엄,유럽 프리미엄,True
TEST_03410,더_뉴스포티지R_2014_2016,기아,기아,True
TEST_03411,벨로스터_JS_2018_2020,현대,현대,True
TEST_03412,V40_2015_2018,유럽 프리미엄,유럽 프리미엄,True
TEST_03413,더_뉴_코란도_스포츠_2016_2018,기타,기타,True
TEST_03414,뉴_A6_2012_2014,기타 독일차,기타 독일차,True
TEST_03415,글래디에이터_JT_2020_2023,미국,미국,True
TEST_03416,아이오닉_하이브리드_2016_2019,현대,현대,True
TEST_03417,시에나_4세대_2021_2024,일본/프랑스,일본/프랑스,True
TEST_03418,XC60_2세대_2022_2025,유럽 프리미엄,유럽 프리미엄,True
TEST_03419,넥쏘_2018_2024,현대,현대,True
TEST_03420,뉴_카이엔_2011_2018,기타 독일차,기타 독일차,True
TEST_03421,더_뉴_K5_하이브리드_3세대_2023_2025,기아,기아,True
TEST_03422,더_뉴_투싼_NX4_2023_2025,현대,현대,True
TEST_03423,X6_G06_2020_2023,BMW,BMW,True
TEST_03424,니로_2017_2019,기아,기아,True
TEST_03425,RAV4_5세대_2019_2024,일본/프랑스,일본/프랑스,True
TEST_03426,모델_3_2024_2025,미국,미국,True
TEST_03427,X3_G01_2018_2021,BMW,BMW,True
TEST_03428,E_클래스_W214_2024_2025,벤츠,벤츠,True
TEST_03429,올란도_2012_2018,미국,미국,True
TEST_03430,더_뉴_K7_2013_2016,기아,기아,True
TEST_03431,리얼_뉴_콜로라도_2021_2022,미국,미국,True
TEST_03432,레인지로버_스포츠_2세대_2013_2017,유럽 프리미엄,유럽 프리미엄,True
TEST_03433,E_클래스_W214_2024_2025,벤츠,벤츠,True
TEST_03434,더_넥스트_스파크_2016_2018,미국,미국,True
TEST_03435,S_클래스_W223_2021_2025,벤츠,벤츠,True
TEST_03436,스포티지_4세대_2016_2018,기아,기아,True
TEST_03437,더_뉴_K3_2세대_2022_2024,기아,기아,True
TEST_03438,뉴QM3_2018_2019,일본/프랑스,일본/프랑스,True
TEST_03439,올_뉴_쏘렌토_2015_2017,기아,기아,True
TEST_03440,더_뉴_파사트_2012_2019,기타 독일차,기타 독일차,True
TEST_03441,X5_G05_2024_2025,BMW,BMW,True
TEST_03442,iX_2022_2024,BMW,BMW,True
TEST_03443,뉴_CC_2012_2016,기타 독일차,기타 독일차,True
TEST_03444,레인지로버_스포츠_2세대_2013_2017,유럽 프리미엄,유럽 프리미엄,True
TEST_03445,3시리즈_GT_F34_2014_2021,BMW,BMW,True
TEST_03446,어코드_10세대_2018_2022,일본/프랑스,일본/프랑스,True
TEST_03447,투아렉_3세대_2020_2023,기타 독일차,기타 독일차,True
TEST_03448,더_뉴_카니발_2019_2020,기아,기아,True
TEST_03449,레인지로버_이보크_2세대_2023_2024,유럽 프리미엄,유럽 프리미엄,True
TEST_03450,RAV4_5세대_2019_2024,일본/프랑스,일본/프랑스,True
TEST_03451,X7_G07_2023_2025,BMW,BMW,True
TEST_03452,GLE_클래스_W167_2019_2024,벤츠,벤츠,True
TEST_03453,더_뉴_아반떼_CN7_2023_2025,벤츠,현대,False
TEST_03454,K7_프리미어_2020_2021,기아,기아,True
TEST_03455,CLA_클래스_C117_2014_2019,벤츠,벤츠,True
TEST_03456,X4_F26_2015_2018,BMW,BMW,True
TEST_03457,XC90_2세대_2020_2025,유럽 프리미엄,유럽 프리미엄,True
TEST_03458,K3_2013_2015,기아,기아,True
TEST_03459,더_뉴_QM6_2020_2023,일본/프랑스,일본/프랑스,True
TEST_03460,디_올_뉴_니로_2022_2025,기아,기아,True
TEST_03461,쏘나타_뉴_라이즈_2018_2019,현대,현대,True
TEST_03462,X5_G05_2024_2025,BMW,BMW,True
TEST_03463,싼타페_더_프라임_2016_2018,현대,현대,True
TEST_03464,티볼리_아머_2018_2019,기타,기타,True
TEST_03465,QM6_2017_2019,일본/프랑스,일본/프랑스,True
TEST_03466,베리_뉴_티볼리_2020_2023,기타,기타,True
TEST_03467,디_올뉴니로EV_2023_2024,기아,기아,True
TEST_03468,더_뉴_카니발_4세대_2024_2025,기아,기아,True
TEST_03469,RAV4_2016_2018,일본/프랑스,일본/프랑스,True
TEST_03470,그랜저_HG_2011_2014,현대,현대,True
TEST_03471,아슬란_2015_2018,현대,현대,True
TEST_03472,G80_RG3_2025,제네시스,제네시스,True
TEST_03473,뉴_티구안_2012_2016,기타 독일차,기타 독일차,True
TEST_03474,캠리_XV70_2018_2024,일본/프랑스,일본/프랑스,True
TEST_03475,S_클래스_W221_2006_2013,벤츠,벤츠,True
TEST_03476,더_뉴_코란도_스포츠_2016_2018,기타,기타,True
TEST_03477,X2_F39_2018_2023,BMW,BMW,True
TEST_03478,레니게이드_2015_2017,미국,미국,True
TEST_03479,팰리세이드_LX3_2025,현대,현대,True
TEST_03480,M5_F90_2018_2023,BMW,BMW,True
TEST_03481,AMG_GT_2016_2024,벤츠,벤츠,True
TEST_03482,더_뉴_스파크_2019_2022,미국,미국,True
TEST_03483,티볼리_2015_2018,기타,기타,True
TEST_03484,모델_3_2019_2022,미국,미국,True
TEST_03485,올_뉴_투싼_TL_2016_2018,현대,현대,True
TEST_03486,모델_3_2019_2022,미국,미국,True
TEST_03487,S90_2017_2020,유럽 프리미엄,유럽 프리미엄,True
TEST_03488,뉴_G80_2025_2026,제네시스,제네시스,True
TEST_03489,A5_F5_2019_2024,기타 독일차,기타 독일차,True
TEST_03490,골프_7세대_2013_2016,기타 독일차,기타 독일차,True
TEST_03491,RAV4_2016_2018,일본/프랑스,일본/프랑스,True
TEST_03492,일렉트리파이드_GV70_2022_2024,제네시스,제네시스,True
TEST_03493,더_뉴_카니발_4세대_2024_2025,기아,기아,True
TEST_03494,A_클래스_W176_2015_2018,벤츠,벤츠,True
TEST_03495,E_클래스_W213_2021_2023,벤츠,벤츠,True
TEST_03496,X3_G01_2022_2024,BMW,BMW,True
TEST_03497,티볼리_에어_2016_2019,기타,기타,True
TEST_03498,GLB_클래스_X247_2020_2023,벤츠,벤츠,True
TEST_03499,XF_X260_2016_2020,유럽 프리미엄,유럽 프리미엄,True
TEST_03500,디_올뉴니로EV_2023_2024,기아,기아,True
TEST_03501,7시리즈_G11_2016_2018,BMW,BMW,True
TEST_03502,뉴_ES300h_2013_2015,일본/프랑스,일본/프랑스,True
TEST_03503,X6_G06_2024_2025,BMW,BMW,True
TEST_03504,XE_2016_2019,유럽 프리미엄,유럽 프리미엄,True
TEST_03505,쏘렌토_4세대_2021_2023,현대,현대,True
TEST_03506,EV6_2022_2024,기아,기아,True
TEST_03507,뉴_SM5_플래티넘_2013_2014,일본/프랑스,일본/프랑스,True
TEST_03508,G90_RS4_2022_2025,제네시스,제네시스,True
TEST_03509,더_뉴_K9_2세대_2022_2025,기아,기아,True
TEST_03510,V40_2015_2018,유럽 프리미엄,유럽 프리미엄,True
TEST_03511,Q30_2017_2019,일본/프랑스,일본/프랑스,True
TEST_03512,스포티지_5세대_2022_2024,기아,기아,True
TEST_03513,모닝_어반_JA_2021_2023,기아,기아,True
TEST_03514,S_클래스_W223_2021_2025,벤츠,벤츠,True
TEST_03515,V90_크로스컨트리_2018_2024,유럽 프리미엄,유럽 프리미엄,True
TEST_03516,스포티지_4세대_2016_2018,기아,기아,True
TEST_03517,6시리즈_GT_G32_2021_2024,BMW,BMW,True
TEST_03518,XF_X260_2016_2020,유럽 프리미엄,유럽 프리미엄,True
TEST_03519,뉴_GV80_2024_2025,제네시스,제네시스,True
TEST_03520,E_클래스_W213_2017_2020,벤츠,벤츠,True
TEST_03521,CT6_2016_2018,미국,미국,True
TEST_03522,제네시스_DH_2014_2016,제네시스,제네시스,True
TEST_03523,A4_B9_2020_2024,기타 독일차,기타 독일차,True
TEST_03524,7시리즈_F01_2009_2015,BMW,BMW,True
TEST_03525,SM6_2016_2020,일본/프랑스,일본/프랑스,True
TEST_03526,SM7_노바_2015_2019,일본/프랑스,일본/프랑스,True
TEST_03527,마칸_2019_2021,기타 독일차,기타 독일차,True
TEST_03528,카니발_4세대_2021,기아,기아,True
TEST_03529,레인지로버_벨라_2018_2019,유럽 프리미엄,유럽 프리미엄,True
TEST_03530,어코드_10세대_2018_2022,일본/프랑스,일본/프랑스,True
TEST_03531,디_올_뉴_스포티지_2022_2024,기아,기아,True
TEST_03532,YF쏘나타_하이브리드_2011_2015,현대,현대,True
TEST_03533,모닝_어반_JA_2021_2023,기아,기아,True
TEST_03534,더_뉴_팰리세이드_2023_2024,현대,현대,True
TEST_03535,그랜저_IG_2017_2019,현대,현대,True
TEST_03536,투아렉_3세대_2020_2023,기타 독일차,기타 독일차,True
TEST_03537,골프_7세대_2013_2016,기타 독일차,기타 독일차,True
TEST_03538,뉴_A6_2015_2018,기타 독일차,기타 독일차,True
TEST_03539,더_넥스트_스파크_2016_2018,미국,미국,True
TEST_03540,X4_G02_2019_2021,BMW,BMW,True
TEST_03541,YF쏘나타_2009_2012,현대,현대,True
TEST_03542,콜로라도_2020_2020,미국,미국,True
TEST_03543,XC40_2019_2022,유럽 프리미엄,유럽 프리미엄,True
TEST_03544,스토닉_2018_2020,기아,기아,True
TEST_03545,컨티넨탈_10세대_2017_2019,미국,미국,True
TEST_03546,더_뉴_카니발_2019_2020,기아,기아,True
TEST_03547,K5_2세대_2016_2018,기아,기아,True
TEST_03548,올_뉴_K7_하이브리드_2017_2019,기아,기아,True
TEST_03549,GLC_클래스_X253_2023,벤츠,벤츠,True
TEST_03550,라브4_4세대_2013_2018,일본/프랑스,일본/프랑스,True
TEST_03551,싼타페_TM_2019_2020,현대,현대,True
TEST_03552,스파크_2012_2015,미국,미국,True
TEST_03553,X4_G02_2022_2025,BMW,BMW,True
TEST_03554,X5_G05_2024_2025,BMW,BMW,True
TEST_03555,카니발_4세대_2021,기아,기아,True
TEST_03556,몬데오_4세대_2015_2020,미국,미국,True
TEST_03557,K8_2022_2024,기아,기아,True
TEST_03558,마칸_2019_2021,기타 독일차,기타 독일차,True
TEST_03559,911_992_2020_2024,기타 독일차,기타 독일차,True
TEST_03560,체로키_KL_2019_2023,미국,미국,True
TEST_03561,K5_하이브리드_3세대_2020_2023,기아,기아,True
TEST_03562,르반떼_2017_2022,유럽 프리미엄,유럽 프리미엄,True
TEST_03563,뉴_GV80_2024_2025,제네시스,제네시스,True
TEST_03564,더_K9_2019_2021,기아,기아,True
TEST_03565,ES300h_7세대_2019_2026,일본/프랑스,일본/프랑스,True
TEST_03566,뉴_A6_2015_2018,기타 독일차,기타 독일차,True
TEST_03567,뉴_G80_2025_2026,제네시스,제네시스,True
TEST_03568,EQE_V295_2022_2024,벤츠,벤츠,True
TEST_03569,파일럿_3세대_2016_2018,일본/프랑스,일본/프랑스,True
TEST_03570,랭글러_JK_2009_2017,미국,미국,True
TEST_03571,G90_RS4_2022_2025,제네시스,제네시스,True
TEST_03572,E_클래스_W212_2010_2016,벤츠,벤츠,True
TEST_03573,더_뉴_기아_레이_2022_2025,기아,기아,True
TEST_03574,올_뉴_K3_2019_2021,기아,기아,True
TEST_03575,더_올뉴투싼_하이브리드_2021_2023,현대,현대,True
TEST_03576,티볼리_아머_2018_2019,기타,기타,True
TEST_03577,올_뉴_말리부_2017_2018,미국,미국,True
TEST_03578,아테온_2018_2023,기타 독일차,기타 독일차,True
TEST_03579,에쿠스_신형_2010_2015,현대,현대,True
TEST_03580,EQ900_2016_2018,제네시스,제네시스,True
TEST_03581,7시리즈_F01_2009_2015,BMW,BMW,True
TEST_03582,파나메라_2010_2016,기타 독일차,기타 독일차,True
TEST_03583,아테온_2018_2023,기타 독일차,기타 독일차,True
TEST_03584,M4_F82_2015_2020,BMW,BMW,True
TEST_03585,M2_F87_2016_2021,BMW,BMW,True
TEST_03586,K7_프리미어_하이브리드_2020_2021,기아,기아,True
TEST_03587,iX_2022_2024,BMW,BMW,True
TEST_03588,파나메라_971_2017_2023,기타 독일차,기타 독일차,True
TEST_03589,골프_7세대_2013_2016,기타 독일차,기타 독일차,True
TEST_03590,올_뉴_K3_2019_2021,기아,기아,True
TEST_03591,G90_2019_2022,제네시스,제네시스,True
TEST_03592,A4_B9_2016_2019,기타 독일차,기타 독일차,True
TEST_03593,몬데오_4세대_2015_2020,미국,미국,True
TEST_03594,GLS_클래스_X166_2017_2019,벤츠,벤츠,True
TEST_03595,X3_G01_2022_2024,BMW,BMW,True
TEST_03596,더_올뉴G80_2021_2024,현대,현대,True
TEST_03597,뷰티풀_코란도_2019_2024,기타,기타,True
TEST_03598,V90_크로스컨트리_2018_2024,유럽 프리미엄,유럽 프리미엄,True
TEST_03599,8시리즈_G15_2020_2024,BMW,BMW,True
TEST_03600,A7_2012_2016,기타 독일차,기타 독일차,True
TEST_03601,레인지로버_5세대_2023_2024,유럽 프리미엄,유럽 프리미엄,True
TEST_03602,3시리즈_G20_2019_2022,BMW,BMW,True
TEST_03603,718_카이맨_2017_2024,기타 독일차,기타 독일차,True
TEST_03604,RAV4_2016_2018,일본/프랑스,일본/프랑스,True
TEST_03605,올란도_2012_2018,미국,미국,True
TEST_03606,아반떼_하이브리드_CN7_2021_2023,현대,현대,True
TEST_03607,GLA_클래스_X156_2015_2019,벤츠,벤츠,True
TEST_03608,올_뉴_투싼_TL_2019_2020,현대,현대,True
TEST_03609,3시리즈_G20_2023_2025,BMW,BMW,True
TEST_03610,뉴_MKZ_2017_2020,미국,미국,True
TEST_03611,EQA_H243_2021_2024,벤츠,벤츠,True
TEST_03612,올_뉴_말리부_2017_2018,미국,미국,True
TEST_03613,디스커버리_4_2010_2016,유럽 프리미엄,유럽 프리미엄,True
TEST_03614,GLA_클래스_H247_2020_2025,벤츠,벤츠,True
TEST_03615,S_클래스_W221_2006_2013,벤츠,벤츠,True
TEST_03616,XC60_2세대_2018_2021,유럽 프리미엄,유럽 프리미엄,True
TEST_03617,마칸_2019_2021,기타 독일차,기타 독일차,True
TEST_03618,2시리즈_그란쿠페_F44_2020_2024,BMW,BMW,True
TEST_03619,모델_Y_2021_2025,미국,미국,True
TEST_03620,X1_F48_2016_2019,BMW,BMW,True
TEST_03621,X6_F16_2015_2019,BMW,BMW,True
TEST_03622,카이엔_PO536_2019_2023,기타 독일차,기타 독일차,True
TEST_03623,더_기아_레이_EV_2024_2025,기아,기아,True
TEST_03624,랭글러_JK_2009_2017,미국,미국,True
TEST_03625,GLC_클래스_X253_2017_2019,벤츠,벤츠,True
TEST_03626,Q5_FY_2020,기타 독일차,기타 독일차,True
TEST_03627,C_클래스_W206_2022_2024,벤츠,벤츠,True
TEST_03628,모델_Y_2021_2025,미국,미국,True
TEST_03629,모델_3_2019_2022,미국,미국,True
TEST_03630,Q5_FY_2020,기타 독일차,기타 독일차,True
TEST_03631,말리부_2012_2016,미국,미국,True
TEST_03632,레인지로버_벨라_2018_2019,유럽 프리미엄,유럽 프리미엄,True
TEST_03633,C_클래스_W204_2008_2015,벤츠,벤츠,True
TEST_03634,파나메라_971_2017_2023,기타 독일차,기타 독일차,True
TEST_03635,EQ900_2016_2018,제네시스,제네시스,True
TEST_03636,i30_PD_2017_2018,현대,현대,True
TEST_03637,더_K9_2019_2021,기아,기아,True
TEST_03638,컨티넨탈_GT_3세대_2018_2023,유럽 프리미엄,유럽 프리미엄,True
TEST_03639,G80_RG3_2021_2023,제네시스,제네시스,True
TEST_03640,타이칸_2021_2025,기타 독일차,기타 독일차,True
TEST_03641,코세어_2020_2022,미국,미국,True
TEST_03642,올_뉴_쏘렌토_2015_2017,기아,기아,True
TEST_03643,더_뉴_SM6_2021_2024,일본/프랑스,일본/프랑스,True
TEST_03644,S90_2021_2025,유럽 프리미엄,유럽 프리미엄,True
TEST_03645,K8_2022_2024,기아,기아,True
TEST_03646,티볼리_에어_2021_2022,기타,기타,True
TEST_03647,7시리즈_G11_2019_2022,BMW,BMW,True
TEST_03648,GLC_클래스_X254_2023_2025,벤츠,벤츠,True
TEST_03649,트레일블레이저_2021_2022,미국,미국,True
TEST_03650,Q8_4M_2020_2025,기타 독일차,기타 독일차,True
TEST_03651,2시리즈_액티브_투어러_U06_2022_2024,BMW,BMW,True
TEST_03652,M5_F90_2018_2023,BMW,BMW,True
TEST_03653,프리우스_4세대_2016_2018,일본/프랑스,일본/프랑스,True
TEST_03654,디스커버리_스포츠_2세대_2020_2025,유럽 프리미엄,유럽 프리미엄,True
TEST_03655,2시리즈_그란쿠페_F44_2020_2024,BMW,BMW,True
TEST_03656,카니발_4세대_2021,기아,기아,True
TEST_03657,모델_Y_2021_2025,미국,미국,True
TEST_03658,르반떼_2017_2022,유럽 프리미엄,유럽 프리미엄,True
TEST_03659,GLC_클래스_X253_2023,벤츠,벤츠,True
TEST_03660,뉴_GV80_2024_2025,제네시스,제네시스,True
TEST_03661,더_뉴_투싼_NX4_2023_2025,현대,현대,True
TEST_03662,GV80_2024_2025,제네시스,제네시스,True
TEST_03663,XC60_2세대_2022_2025,유럽 프리미엄,유럽 프리미엄,True
TEST_03664,SM6_2016_2020,일본/프랑스,일본/프랑스,True
TEST_03665,7시리즈_G70_2023_2025,BMW,BMW,True
TEST_03666,올_뉴_K7_하이브리드_2017_2019,기아,기아,True
TEST_03667,3008_2세대_2018_2023,기타,기타,True
TEST_03668,트레일블레이저_2023,미국,미국,True
TEST_03669,올_뉴_렉스턴_2021_2025,기타,기타,True
TEST_03670,마칸_2014_2018,기타 독일차,기타 독일차,True
TEST_03671,티볼리_에어_2016_2019,기타,기타,True
TEST_03672,2시리즈_액티브_투어러_F45_2019_2021,BMW,BMW,True
TEST_03673,디_올뉴싼타페_2024_2025,현대,현대,True
TEST_03674,SM6_2016_2020,일본/프랑스,일본/프랑스,True
TEST_03675,베리_뉴_티볼리_2020_2023,기타,기타,True
TEST_03676,뉴_MKZ_2017_2020,미국,미국,True
TEST_03677,투아렉_3세대_2020_2023,기타 독일차,기타 독일차,True
TEST_03678,뉴_SM5_플래티넘_2013_2014,일본/프랑스,일본/프랑스,True
TEST_03679,718_박스터_2017_2024,기타 독일차,기타 독일차,True
TEST_03680,M5_F90_2018_2023,BMW,BMW,True
TEST_03681,더_뉴_그랜드_스타렉스_2018_2021,현대,현대,True
TEST_03682,B_클래스_W246_2013_2018,벤츠,벤츠,True
TEST_03683,아이오닉6_2023_2025,현대,현대,True
TEST_03684,CLS_클래스_C257_2019_2023,벤츠,벤츠,True
TEST_03685,더_뉴_K5_하이브리드_3세대_2023_2025,기아,기아,True
TEST_03686,프리우스_4세대_2019_2022,일본/프랑스,일본/프랑스,True
TEST_03687,EV6_2022_2024,기아,기아,True
TEST_03688,토레스_2023_2025,기타,기타,True
TEST_03689,트래버스_2020_2023,미국,미국,True
TEST_03690,에스컬레이드_5세대_2021_2024,미국,미국,True
TEST_03691,XC60_2세대_2022_2025,유럽 프리미엄,유럽 프리미엄,True
TEST_03692,X5_F15_2014_2018,BMW,BMW,True
TEST_03693,디스커버리_5_2017_2020,유럽 프리미엄,유럽 프리미엄,True
TEST_03694,더_뉴_K7_2013_2016,기아,기아,True
TEST_03695,RAV4_5세대_2019_2024,일본/프랑스,일본/프랑스,True
TEST_03696,더_뉴_기아_레이_2022_2025,기아,기아,True
TEST_03697,SM5_노바_2015_2019,일본/프랑스,일본/프랑스,True
TEST_03698,쏘나타_DN8_2020_2023,현대,현대,True
TEST_03699,B_클래스_W246_2013_2018,벤츠,벤츠,True
TEST_03700,올_뉴_쏘렌토_2015_2017,기아,기아,True
TEST_03701,7시리즈_G11_2016_2018,BMW,BMW,True
TEST_03702,더_뉴_QM6_2024_2025,일본/프랑스,일본/프랑스,True
TEST_03703,레인지로버_4세대_2014_2017,유럽 프리미엄,유럽 프리미엄,True
TEST_03704,YF쏘나타_2009_2012,현대,현대,True
TEST_03705,익스플로러_2016_2017,미국,미국,True
TEST_03706,X6_G06_2024_2025,BMW,BMW,True
TEST_03707,XC90_2세대_2017_2019,유럽 프리미엄,유럽 프리미엄,True
TEST_03708,셀토스_2020_2023,기아,기아,True
TEST_03709,5시리즈_G30_2017_2023,BMW,BMW,True
TEST_03710,Q7_4M_2020_2023,기타 독일차,기타 독일차,True
TEST_03711,7시리즈_F01_2009_2015,BMW,BMW,True
TEST_03712,8시리즈_G15_2020_2024,BMW,BMW,True
TEST_03713,스팅어_2018_2020,기아,기아,True
TEST_03714,올_뉴_말리부_2017_2018,미국,미국,True
TEST_03715,파나메라_2010_2016,기타 독일차,기타 독일차,True
TEST_03716,X7_G07_2019_2022,BMW,BMW,True
TEST_03717,쿠퍼_컨버터블_2016_2024,기타 독일차,기타 독일차,True
TEST_03718,올_뉴_렉스턴_2021_2025,기타,기타,True
TEST_03719,디스커버리_스포츠_2세대_2020_2025,유럽 프리미엄,유럽 프리미엄,True
TEST_03720,더_올뉴투싼_하이브리드_2021_2023,현대,현대,True
TEST_03721,트랙스_2013_2016,미국,미국,True
TEST_03722,All_New_XJ_2016_2019,유럽 프리미엄,유럽 프리미엄,True
TEST_03723,718_카이맨_2017_2024,기타 독일차,기타 독일차,True
TEST_03724,레인지로버_4세대_2014_2017,유럽 프리미엄,유럽 프리미엄,True
TEST_03725,G80_2017_2020,제네시스,제네시스,True
TEST_03726,뉴_A6_2015_2018,기타 독일차,기타 독일차,True
TEST_03727,XM3_2024,일본/프랑스,일본/프랑스,True
TEST_03728,E_클래스_W213_2017_2020,벤츠,벤츠,True
TEST_03729,S60_3세대_2020_2024,유럽 프리미엄,유럽 프리미엄,True
TEST_03730,레니게이드_2015_2017,미국,미국,True
TEST_03731,K3_2013_2015,기아,기아,True
TEST_03732,티볼리_에어_2016_2019,기타,기타,True
TEST_03733,YF쏘나타_하이브리드_2011_2015,현대,현대,True
TEST_03734,더_뉴_쏘렌토_2018_2020,기아,기아,True
TEST_03735,K8_2022_2024,기아,기아,True
TEST_03736,파일럿_3세대_2016_2018,일본/프랑스,일본/프랑스,True
TEST_03737,CLS_클래스_C257_2019_2023,벤츠,벤츠,True
TEST_03738,Q50_2014_2017,유럽 프리미엄,일본/프랑스,False
TEST_03739,EV9_2024_2025,기아,기아,True
TEST_03740,더_뉴_모하비_2017_2019,기아,기아,True
TEST_03741,싼타페_더_프라임_2016_2018,현대,현대,True
TEST_03742,G70_2018_2020,제네시스,제네시스,True
TEST_03743,아테온_2018_2023,기타 독일차,기타 독일차,True
TEST_03744,올_뉴_카마로_2017_2018,미국,미국,True
TEST_03745,S_클래스_W221_2006_2013,벤츠,벤츠,True
TEST_03746,아테온_2018_2023,기타 독일차,기타 독일차,True
TEST_03747,iX_2022_2024,BMW,BMW,True
TEST_03748,그랜저_HG_2011_2014,현대,현대,True
TEST_03749,트랙스_크로스오버_2024_2025,미국,미국,True
TEST_03750,더_뉴_그랜저_IG_2020_2023,현대,현대,True
TEST_03751,컴패스_2세대_2018_2022,미국,미국,True
TEST_03752,트랙스_2013_2016,미국,미국,True
TEST_03753,5시리즈_G60_2024_2025,BMW,BMW,True
TEST_03754,베리_뉴_티볼리_2020_2023,기타,기타,True
TEST_03755,알티마_2017_2018,일본/프랑스,일본/프랑스,True
TEST_03756,GLC_클래스_X253_2020_2022,벤츠,벤츠,True
TEST_03757,레인지로버_4세대_2018_2022,유럽 프리미엄,유럽 프리미엄,True
TEST_03758,쿠퍼_컨트리맨_2016_2024,기타 독일차,기타 독일차,True
TEST_03759,투아렉_3세대_2020_2023,기타 독일차,기타 독일차,True
TEST_03760,G80_RG3_2021_2023,제네시스,제네시스,True
TEST_03761,QX60_2016_2018,일본/프랑스,일본/프랑스,True
TEST_03762,올_뉴_K3_2019_2021,기아,기아,True
TEST_03763,GLA_클래스_H247_2020_2025,벤츠,벤츠,True
TEST_03764,알티마_2017_2018,일본/프랑스,일본/프랑스,True
TEST_03765,그랜저_IG_2017_2019,현대,현대,True
TEST_03766,싼타페_TM_2019_2020,현대,현대,True
TEST_03767,G80_2017_2020,제네시스,제네시스,True
TEST_03768,F_PACE_2017_2019,유럽 프리미엄,유럽 프리미엄,True
TEST_03769,i30_PD_2017_2018,현대,현대,True
TEST_03770,XC90_2세대_2020_2025,유럽 프리미엄,유럽 프리미엄,True
TEST_03771,CLS_클래스_W218_2012_2017,벤츠,벤츠,True
TEST_03772,스파크_2012_2015,미국,미국,True
TEST_03773,AMG_GT_2016_2024,벤츠,벤츠,True
TEST_03774,더_뉴_투싼_NX4_2023_2025,현대,현대,True
TEST_03775,레인지로버_4세대_2018_2022,유럽 프리미엄,유럽 프리미엄,True
TEST_03776,911_2003_2019,기타 독일차,기타 독일차,True
TEST_03777,더_뉴_카니발_2019_2020,기아,기아,True
TEST_03778,6시리즈_GT_G32_2021_2024,BMW,BMW,True
TEST_03779,뉴_G80_2025_2026,제네시스,제네시스,True
TEST_03780,X1_F48_2020_2022,BMW,BMW,True
TEST_03781,렉스턴_스포츠_2018_2021,기타,기타,True
TEST_03782,라브4_5세대_2019_2024,일본/프랑스,일본/프랑스,True
TEST_03783,기블리_2014_2023,유럽 프리미엄,유럽 프리미엄,True
TEST_03784,올_뉴_카마로_2017_2018,미국,미국,True
TEST_03785,XC90_2세대_2020_2025,유럽 프리미엄,유럽 프리미엄,True
TEST_03786,파나메라_971_2017_2023,기타 독일차,기타 독일차,True
TEST_03787,렉스턴_스포츠_칸_2019_2020,기타,기타,True
TEST_03788,G90_RS4_2022_2025,제네시스,제네시스,True
TEST_03789,GLS_클래스_X167_2020_2024,벤츠,벤츠,True
TEST_03790,더_뉴_QM6_2024_2025,일본/프랑스,일본/프랑스,True
TEST_03791,e_트론_2020_2023,기타 독일차,기타 독일차,True
TEST_03792,7시리즈_G11_2016_2018,BMW,BMW,True
TEST_03793,GV70_2021_2023,제네시스,제네시스,True
TEST_03794,5시리즈_F10_2010_2016,BMW,BMW,True
TEST_03795,아테온_2018_2023,기타 독일차,기타 독일차,True
TEST_03796,캐스퍼_2022_2024,현대,현대,True
TEST_03797,캐스퍼_2022_2024,현대,현대,True
TEST_03798,Q7_4M_2016_2019,기타 독일차,기타 독일차,True
TEST_03799,X2_F39_2018_2023,BMW,BMW,True
TEST_03800,SM6_2016_2020,일본/프랑스,일본/프랑스,True
TEST_03801,K5_2세대_2016_2018,기아,기아,True
TEST_03802,뉴_제타_2011_2016,기타 독일차,기타 독일차,True
TEST_03803,컨티넨탈_10세대_2017_2019,미국,미국,True
TEST_03804,뉴_카이엔_2011_2018,기타 독일차,기타 독일차,True
TEST_03805,GV80_2024_2025,제네시스,제네시스,True
TEST_03806,E_PACE_2018_2020,유럽 프리미엄,유럽 프리미엄,True
TEST_03807,G80_RG3_2025,제네시스,제네시스,True
TEST_03808,올_뉴_K7_하이브리드_2017_2019,기아,기아,True
TEST_03809,5시리즈_G60_2024_2025,BMW,BMW,True
TEST_03810,올란도_2012_2018,미국,미국,True
TEST_03811,모델_3_2019_2022,미국,미국,True
TEST_03812,골프_7세대_2013_2016,기타 독일차,기타 독일차,True
TEST_03813,CLA_클래스_C117_2014_2019,벤츠,벤츠,True
TEST_03814,프리우스_C_2018_2020,일본/프랑스,일본/프랑스,True
TEST_03815,A_클래스_W176_2015_2018,벤츠,벤츠,True
TEST_03816,그랜드_체로키_WL_2021_2023,미국,미국,True
TEST_03817,SM6_2016_2020,일본/프랑스,일본/프랑스,True
TEST_03818,디스커버리_스포츠_2세대_2020_2025,유럽 프리미엄,유럽 프리미엄,True
TEST_03819,익스플로러_2016_2017,미국,미국,True
TEST_03820,New_XF_2012_2015,유럽 프리미엄,유럽 프리미엄,True
TEST_03821,G90_2019_2022,제네시스,제네시스,True
TEST_03822,A8_D5_2018_2023,기타 독일차,기타 독일차,True
TEST_03823,G80_RG3_2025,제네시스,제네시스,True
TEST_03824,뉴_제타_2011_2016,기타 독일차,기타 독일차,True
TEST_03825,더_뉴_쏘렌토_4세대_2024_2025,기아,기아,True
TEST_03826,그랜저_GN7_2023_2025,현대,현대,True
TEST_03827,S_클래스_W221_2006_2013,벤츠,벤츠,True
TEST_03828,S90_2017_2020,유럽 프리미엄,유럽 프리미엄,True
TEST_03829,뉴QM3_2018_2019,일본/프랑스,일본/프랑스,True
TEST_03830,프리우스_4세대_2016_2018,일본/프랑스,일본/프랑스,True
TEST_03831,GV80_2020_2022,제네시스,제네시스,True
TEST_03832,아슬란_2015_2018,현대,현대,True
TEST_03833,G90_RS4_2022_2025,제네시스,제네시스,True
TEST_03834,베리_뉴_티볼리_2020_2023,기타,기타,True
TEST_03835,ES300h_7세대_2019_2026,일본/프랑스,일본/프랑스,True
TEST_03836,S_클래스_W223_2021_2025,벤츠,벤츠,True
TEST_03837,디스커버리_5_2017_2020,유럽 프리미엄,유럽 프리미엄,True
TEST_03838,올_뉴_K7_하이브리드_2017_2019,기아,기아,True
TEST_03839,아반떼_N_2022_2023,현대,현대,True
TEST_03840,X4_G02_2019_2021,BMW,BMW,True
TEST_03841,2시리즈_액티브_투어러_F45_2019_2021,BMW,BMW,True
TEST_03842,F_PACE_2017_2019,유럽 프리미엄,유럽 프리미엄,True
TEST_03843,그랜드_체로키_WL_2021_2023,미국,미국,True
TEST_03844,2008_2015_2017,기타,기타,True
TEST_03845,SM3_네오_2015_2019,일본/프랑스,일본/프랑스,True
TEST_03846,베뉴_2020_2024,현대,현대,True
TEST_03847,더_뉴_K9_2세대_2022_2025,기아,기아,True
TEST_03848,V90_크로스컨트리_2018_2024,유럽 프리미엄,유럽 프리미엄,True
TEST_03849,올_뉴_말리부_2017_2018,미국,미국,True
TEST_03850,SM7_노바_2015_2019,일본/프랑스,일본/프랑스,True
TEST_03851,E_클래스_W213_2021_2023,벤츠,벤츠,True
TEST_03852,트레일블레이저_2023,미국,미국,True
TEST_03853,올_뉴_K7_2016_2019,기아,기아,True
TEST_03854,718_박스터_2017_2024,기타 독일차,기타 독일차,True
TEST_03855,더_뉴_K5_2세대_2019_2020,기아,기아,True
TEST_03856,5008_2세대_2021_2024,기타,기타,True
TEST_03857,넥쏘_2018_2024,현대,현대,True
TEST_03858,X1_U11_2023_2024,BMW,BMW,True
TEST_03859,4시리즈_G22_2024_2025,BMW,BMW,True
TEST_03860,더_뉴_카니발_4세대_2024_2025,기아,기아,True
TEST_03861,넥쏘_2018_2024,현대,현대,True
TEST_03862,G80_RG3_2021_2023,제네시스,제네시스,True
TEST_03863,S_클래스_W221_2006_2013,벤츠,벤츠,True
TEST_03864,랭글러_JK_2009_2017,미국,미국,True
TEST_03865,올_뉴_투싼_TL_2019_2020,현대,현대,True
TEST_03866,X3_G01_2018_2021,BMW,BMW,True
TEST_03867,쏘나타_디_엣지_DN8_2024_2025,현대,현대,True
TEST_03868,GLA_클래스_H247_2020_2025,벤츠,벤츠,True
TEST_03869,A5_F5_2019_2024,기타 독일차,기타 독일차,True
TEST_03870,Q7_4M_2016_2019,기타 독일차,기타 독일차,True
TEST_03871,더_뉴_코나_2021_2023,현대,현대,True
TEST_03872,모델_3_2024_2025,미국,미국,True
TEST_03873,콜로라도_2020_2020,미국,미국,True
TEST_03874,E_클래스_W214_2024_2025,벤츠,벤츠,True
TEST_03875,SM7_노바_2015_2019,일본/프랑스,일본/프랑스,True
TEST_03876,뉴_CC_2012_2016,기타 독일차,기타 독일차,True
TEST_03877,911_992_2020_2024,기타 독일차,기타 독일차,True
TEST_03878,CLS_클래스_W218_2012_2017,벤츠,벤츠,True
TEST_03879,더_뉴_그랜저_IG_2020_2023,현대,현대,True
TEST_03880,디_올_뉴_니로_2022_2025,기아,기아,True
TEST_03881,익스플로러_6세대_2020_2025,미국,미국,True
TEST_03882,더_뉴_모닝_JA_2024_2025,기아,기아,True
TEST_03883,더_뉴_K5_하이브리드_3세대_2023_2025,기아,기아,True
TEST_03884,모델_3_2019_2022,미국,미국,True
TEST_03885,아이오닉_하이브리드_2016_2019,현대,현대,True
TEST_03886,에스컬레이드_5세대_2021_2024,미국,미국,True
TEST_03887,에쿠스_신형_2010_2015,현대,현대,True
TEST_03888,리얼_뉴_콜로라도_2021_2022,미국,미국,True
TEST_03889,어코드_10세대_2018_2022,일본/프랑스,일본/프랑스,True
TEST_03890,레인지로버_이보크_2세대_2023_2024,유럽 프리미엄,유럽 프리미엄,True
TEST_03891,트래버스_2020_2023,미국,미국,True
TEST_03892,X7_G07_2023_2025,BMW,BMW,True
TEST_03893,글래디에이터_JT_2020_2023,미국,미국,True
TEST_03894,GLB_클래스_X247_2020_2023,벤츠,벤츠,True
TEST_03895,셀토스_2020_2023,기아,기아,True
TEST_03896,GLC_클래스_X254_2023_2025,벤츠,벤츠,True
TEST_03897,레인지로버_4세대_2018_2022,유럽 프리미엄,유럽 프리미엄,True
TEST_03898,스타리아_2022_2025,현대,현대,True
TEST_03899,GLE_클래스_W166_2016_2018,벤츠,벤츠,True
TEST_03900,A7_4K_2020_2024,기타 독일차,기타 독일차,True
TEST_03901,i4_2022_2024,BMW,BMW,True
TEST_03902,Z4_G29_2019_2025,BMW,BMW,True
TEST_03903,E_클래스_W214_2024_2025,벤츠,벤츠,True
TEST_03904,Q7_4M_2020_2023,기타 독일차,기타 독일차,True
TEST_03905,더_뉴_아이오닉_하이브리드_2020,현대,현대,True
TEST_03906,뉴_ES300h_2016_2018,일본/프랑스,일본/프랑스,True
TEST_03907,파나메라_971_2017_2023,기타 독일차,기타 독일차,True
TEST_03908,G80_RG3_2025,제네시스,제네시스,True
TEST_03909,컨티넨탈_GT_3세대_2018_2023,유럽 프리미엄,유럽 프리미엄,True
TEST_03910,G90_2019_2022,제네시스,제네시스,True
TEST_03911,EQA_H243_2021_2024,벤츠,벤츠,True
TEST_03912,마칸_2022_2024,기타 독일차,기타 독일차,True
TEST_03913,그랜드카니발_2006_2010,기아,기아,True
TEST_03914,7시리즈_G11_2016_2018,BMW,BMW,True
TEST_03915,EQS_V297_2022_2023,벤츠,벤츠,True
TEST_03916,뉴_스타일_코란도_C_2017_2019,기타,기타,True
TEST_03917,아슬란_2015_2018,현대,현대,True
TEST_03918,A4_B9_2016_2019,기타 독일차,기타 독일차,True
TEST_03919,디펜더_L663_2020_2025,유럽 프리미엄,유럽 프리미엄,True
TEST_03920,1시리즈_F40_2020_2024,BMW,BMW,True
TEST_03921,올_뉴_K3_2019_2021,기아,기아,True
TEST_03922,렉스턴_스포츠_칸_2019_2020,기타,기타,True
TEST_03923,ES300h_7세대_2019_2026,일본/프랑스,일본/프랑스,True
TEST_03924,7시리즈_F01_2009_2015,BMW,BMW,True
TEST_03925,더_뉴_쏘렌토_4세대_2024_2025,기아,기아,True
TEST_03926,X4_G02_2022_2025,BMW,BMW,True
TEST_03927,더_뉴_QM6_2020_2023,일본/프랑스,일본/프랑스,True
TEST_03928,GLC_클래스_X254_2023_2025,벤츠,벤츠,True
TEST_03929,쏘나타_디_엣지_DN8_2024_2025,현대,현대,True
TEST_03930,아이오닉6_2023_2025,현대,현대,True
TEST_03931,익스플로러_6세대_2020_2025,미국,미국,True
TEST_03932,아반떼_MD_2011_2014,현대,현대,True
TEST_03933,E_PACE_2018_2020,유럽 프리미엄,유럽 프리미엄,True
TEST_03934,CLE_클래스_C236_2024_2025,벤츠,벤츠,True
TEST_03935,G80_RG3_2025,제네시스,제네시스,True
TEST_03936,더_뉴_모닝_2015_2016,기아,기아,True
TEST_03937,그랜드_체로키_2014_2020,미국,미국,True
TEST_03938,K8_하이브리드_2022_2024,기아,기아,True
TEST_03939,몬데오_4세대_2015_2020,미국,미국,True
TEST_03940,4시리즈_G22_2024_2025,BMW,BMW,True
TEST_03941,모닝_어반_JA_2021_2023,기아,기아,True
TEST_03942,더_뉴_그랜저_IG_2020_2023,현대,현대,True
TEST_03943,레인지로버_이보크_2세대_2020_2022,유럽 프리미엄,유럽 프리미엄,True
TEST_03944,더_뉴_투싼_NX4_2023_2025,현대,현대,True
TEST_03945,그랜저_HG_2011_2014,현대,현대,True
TEST_03946,컨티넨탈_GT_3세대_2018_2023,유럽 프리미엄,유럽 프리미엄,True
TEST_03947,랭글러_JL_2018_2024,미국,미국,True
TEST_03948,쿠퍼_클럽맨_2016_2024,기타 독일차,기타 독일차,True
TEST_03949,5시리즈_F10_2010_2016,BMW,BMW,True
TEST_03950,쏘나타_DN8_2020_2023,현대,현대,True
TEST_03951,올_뉴_카마로_2017_2018,미국,미국,True
TEST_03952,싼타페_더_프라임_2016_2018,현대,현대,True
TEST_03953,X6_G06_2020_2023,BMW,BMW,True
TEST_03954,MKC_2015_2018,미국,미국,True
TEST_03955,벨로스터_JS_2018_2020,현대,현대,True
TEST_03956,K5_3세대_2020_2023,기아,기아,True
TEST_03957,더_뉴_스파크_2019_2022,미국,미국,True
TEST_03958,더_뉴_니로_2020_2022,기아,기아,True
TEST_03959,XC40_2019_2022,유럽 프리미엄,유럽 프리미엄,True
TEST_03960,타이칸_2021_2025,현대,기타 독일차,False
TEST_03961,뉴_A6_2015_2018,기타 독일차,기타 독일차,True
TEST_03962,EV6_2022_2024,기아,기아,True
TEST_03963,4시리즈_G22_2021_2023,BMW,BMW,True
TEST_03964,랭글러_JL_2018_2024,미국,미국,True
TEST_03965,디스커버리_스포츠_2세대_2020_2025,유럽 프리미엄,유럽 프리미엄,True
TEST_03966,UX250h_2019_2024,일본/프랑스,일본/프랑스,True
TEST_03967,트래버스_2020_2023,미국,미국,True
TEST_03968,3시리즈_G20_2023_2025,BMW,BMW,True
TEST_03969,7시리즈_G70_2023_2025,BMW,BMW,True
TEST_03970,더_뉴_K5_하이브리드_3세대_2023_2025,기아,기아,True
TEST_03971,더_뉴_레이_2018_2022,기아,기아,True
TEST_03972,Q7_4M_2020_2023,기타 독일차,기타 독일차,True
TEST_03973,더_뉴_레이_2018_2022,기아,기아,True
TEST_03974,콜로라도_2020_2020,미국,미국,True
TEST_03975,X4_F26_2015_2018,BMW,BMW,True
TEST_03976,뉴쏘렌토_R_2013_2014,기아,기아,True
TEST_03977,EV9_2024_2025,기아,기아,True
TEST_03978,디스커버리_스포츠_2세대_2020_2025,유럽 프리미엄,유럽 프리미엄,True
TEST_03979,아반떼_N_2022_2023,현대,현대,True
TEST_03980,M4_F82_2015_2020,BMW,BMW,True
TEST_03981,GLS_클래스_X167_2020_2024,벤츠,벤츠,True
TEST_03982,스팅어_마이스터_2021_2023,기아,기아,True
TEST_03983,A_클래스_W176_2015_2018,벤츠,벤츠,True
TEST_03984,스팅어_2018_2020,기아,기아,True
TEST_03985,S_클래스_W222_2014_2020,현대,벤츠,False
TEST_03986,뉴_QM6_2021_2023,일본/프랑스,일본/프랑스,True
TEST_03987,더_뉴_파사트_2012_2019,기타 독일차,기타 독일차,True
TEST_03988,더_뉴_모닝_2015_2016,기아,기아,True
TEST_03989,S_클래스_W223_2021_2025,벤츠,벤츠,True
TEST_03990,레인지로버_스포츠_2세대_2013_2017,유럽 프리미엄,유럽 프리미엄,True
TEST_03991,더_뉴_QM6_2020_2023,일본/프랑스,일본/프랑스,True
TEST_03992,CT6_2016_2018,미국,미국,True
TEST_03993,A5_F5_2019_2024,기타 독일차,기타 독일차,True
TEST_03994,Q30_2017_2019,일본/프랑스,일본/프랑스,True
TEST_03995,K5_3세대_2020_2023,기아,기아,True
TEST_03996,아반떼_N_2022_2023,현대,현대,True
TEST_03997,Q50_2014_2017,일본/프랑스,일본/프랑스,True
TEST_03998,7시리즈_G70_2023_2025,BMW,BMW,True
TEST_03999,레인지로버_이보크_2세대_2020_2022,유럽 프리미엄,유럽 프리미엄,True
TEST_04000,GLC_클래스_X253_2023,벤츠,벤츠,True
TEST_04001,기블리_2014_2023,유럽 프리미엄,유럽 프리미엄,True
TEST_04002,UX250h_2019_2024,일본/프랑스,일본/프랑스,True
TEST_04003,그랜저_IG_2017_2019,현대,현대,True
TEST_04004,더_뉴_K5_하이브리드_3세대_2023_2025,기아,기아,True
TEST_04005,타이칸_2021_2025,벤츠,기타 독일차,False
TEST_04006,더_뉴_레이_2018_2022,기아,기아,True
TEST_04007,2008_2015_2017,기타,기타,True
TEST_04008,카니발_4세대_2021,기아,기아,True
TEST_04009,더_뉴_카니발_2019_2020,기아,기아,True
TEST_04010,디펜더_L663_2020_2025,유럽 프리미엄,유럽 프리미엄,True
TEST_04011,5시리즈_G60_2024_2025,BMW,BMW,True
TEST_04012,더_뉴_코나_2021_2023,현대,현대,True
TEST_04013,레이_2012_2017,기아,기아,True
TEST_04014,컨티넨탈_GT_2세대_2012_2017,유럽 프리미엄,유럽 프리미엄,True
TEST_04015,파사트_GT_B8_2018_2022,기타 독일차,기타 독일차,True
TEST_04016,XC40_2019_2022,유럽 프리미엄,유럽 프리미엄,True
TEST_04017,G70_2018_2020,제네시스,제네시스,True
TEST_04018,엑센트_신형_2011_2019,현대,현대,True
TEST_04019,컨티넨탈_10세대_2017_2019,미국,미국,True
TEST_04020,일렉트리파이드_GV70_2022_2024,제네시스,제네시스,True
TEST_04021,더_뉴_싼타페_2021_2023,현대,현대,True
TEST_04022,CLA_클래스_C118_2020_2025,벤츠,벤츠,True
TEST_04023,더_뉴_그랜드_스타렉스_2018_2021,현대,현대,True
TEST_04024,리얼_뉴_콜로라도_2021_2022,미국,미국,True
TEST_04025,911_2003_2019,기타 독일차,기타 독일차,True
TEST_04026,i4_2022_2024,BMW,BMW,True
TEST_04027,올_뉴_모닝_2012_2015,기아,기아,True
TEST_04028,티볼리_아머_2018_2019,기타,기타,True
TEST_04029,Q7_4M_2020_2023,기타 독일차,기타 독일차,True
TEST_04030,더_뉴_SM6_2021_2024,일본/프랑스,일본/프랑스,True
TEST_04031,트레일블레이저_2023,미국,미국,True
TEST_04032,디_올뉴니로EV_2023_2024,미국,기아,False
TEST_04033,더_뉴_아반떼_CN7_2023_2025,현대,현대,True
TEST_04034,iX_2022_2024,BMW,BMW,True
TEST_04035,S90_2017_2020,유럽 프리미엄,유럽 프리미엄,True
TEST_04036,5시리즈_G30_2017_2023,BMW,BMW,True
TEST_04037,디스커버리_스포츠_2015_2019,유럽 프리미엄,유럽 프리미엄,True
TEST_04038,디스커버리_5_2017_2020,유럽 프리미엄,유럽 프리미엄,True
TEST_04039,e_트론_2020_2023,유럽 프리미엄,기타 독일차,False
TEST_04040,3시리즈_G20_2019_2022,BMW,BMW,True
TEST_04041,아반떼_CN7_2021_2023,현대,현대,True
TEST_04042,아이오닉5_2022_2023,현대,현대,True
TEST_04043,X3_G01_2018_2021,BMW,BMW,True
TEST_04044,시에나_4세대_2021_2024,일본/프랑스,일본/프랑스,True
TEST_04045,Q3_F3_2020_2024,기타 독일차,기타 독일차,True
TEST_04046,S90_2017_2020,유럽 프리미엄,유럽 프리미엄,True
TEST_04047,3시리즈_GT_F34_2014_2021,BMW,BMW,True
TEST_04048,알티마_2017_2018,일본/프랑스,일본/프랑스,True
TEST_04049,AMG_GT_2016_2024,벤츠,벤츠,True
TEST_04050,트래버스_2020_2023,미국,미국,True
TEST_04051,더_뉴_맥스크루즈_2016_2018,현대,현대,True
TEST_04052,Q5_FY_2021_2024,기타 독일차,기타 독일차,True
TEST_04053,컨티넨탈_GT_2세대_2012_2017,유럽 프리미엄,유럽 프리미엄,True
TEST_04054,X6_G06_2024_2025,BMW,BMW,True
TEST_04055,SM7_뉴아트_2008_2011,일본/프랑스,일본/프랑스,True
TEST_04056,그랜드_스타렉스_2016_2018,현대,현대,True
TEST_04057,레이_2012_2017,기아,기아,True
TEST_04058,6시리즈_F12_2011_2018,BMW,BMW,True
TEST_04059,디_올뉴니로EV_2023_2024,기아,기아,True
TEST_04060,K7_프리미어_하이브리드_2020_2021,기아,기아,True
TEST_04061,프리우스_C_2018_2020,일본/프랑스,일본/프랑스,True
TEST_04062,디스커버리_4_2010_2016,유럽 프리미엄,유럽 프리미엄,True
TEST_04063,SM7_뉴아트_2008_2011,일본/프랑스,일본/프랑스,True
TEST_04064,쿠퍼_컨버터블_2016_2024,기타 독일차,기타 독일차,True
TEST_04065,에쿠스_신형_2010_2015,현대,현대,True
TEST_04066,더_넥스트_스파크_2016_2018,미국,미국,True
TEST_04067,GLE_클래스_W167_2019_2024,벤츠,벤츠,True
TEST_04068,C_클래스_W205_2015_2021,벤츠,벤츠,True
TEST_04069,더_뉴_K5_3세대_2024_2025,기아,기아,True
TEST_04070,올_뉴_K7_하이브리드_2017_2019,기아,기아,True
TEST_04071,더_뉴_SM6_2021_2024,일본/프랑스,일본/프랑스,True
TEST_04072,X1_F48_2020_2022,BMW,BMW,True
TEST_04073,X6_G06_2024_2025,BMW,BMW,True
TEST_04074,C_클래스_W204_2008_2015,벤츠,벤츠,True
TEST_04075,X1_U11_2023_2024,BMW,BMW,True
TEST_04076,Q5_FY_2020,기타 독일차,기타 독일차,True
TEST_04077,A5_F5_2019_2024,기타 독일차,기타 독일차,True
TEST_04078,A7_4K_2020_2024,기타 독일차,기타 독일차,True
TEST_04079,모델_Y_2021_2025,미국,미국,True
TEST_04080,A7_2012_2016,기타 독일차,기타 독일차,True
TEST_04081,넥쏘_2018_2024,현대,현대,True
TEST_04082,몬데오_4세대_2015_2020,미국,미국,True
TEST_04083,올_뉴_K7_2016_2019,기아,기아,True
TEST_04084,더_뉴_셀토스_2023_2025,기아,기아,True
TEST_04085,V60_크로스컨트리_2세대_2020_2025,유럽 프리미엄,유럽 프리미엄,True
TEST_04086,파사트_GT_B8_2018_2022,기타 독일차,기타 독일차,True
TEST_04087,SM3_네오_2015_2019,일본/프랑스,일본/프랑스,True
TEST_04088,뉴_QM6_2021_2023,일본/프랑스,일본/프랑스,True
TEST_04089,A7_2012_2016,기타 독일차,기타 독일차,True
TEST_04090,Q5_FY_2020,기타 독일차,기타 독일차,True
TEST_04091,뉴_티구안_2012_2016,기타 독일차,기타 독일차,True
TEST_04092,프리우스_4세대_2016_2018,일본/프랑스,일본/프랑스,True
TEST_04093,디_올뉴싼타페_2024_2025,현대,현대,True
TEST_04094,K7_프리미어_하이브리드_2020_2021,기아,기아,True
TEST_04095,EQA_H243_2021_2024,벤츠,벤츠,True
TEST_04096,RAV4_5세대_2019_2024,일본/프랑스,일본/프랑스,True
TEST_04097,스포티지_더_볼드_2019_2022,기아,기아,True
TEST_04098,X7_G07_2023_2025,BMW,BMW,True
TEST_04099,일렉트리파이드_GV70_2022_2024,제네시스,제네시스,True
TEST_04100,모델_Y_2021_2025,미국,미국,True
TEST_04101,A_클래스_W177_2020_2025,벤츠,벤츠,True
TEST_04102,쏘나타_DN8_2020_2023,현대,현대,True
TEST_04103,캐스퍼_2022_2024,현대,현대,True
TEST_04104,X7_G07_2019_2022,BMW,BMW,True
TEST_04105,팰리세이드_LX3_2025,현대,현대,True
TEST_04106,3시리즈_GT_F34_2014_2021,BMW,BMW,True
TEST_04107,X2_F39_2018_2023,BMW,BMW,True
TEST_04108,더_뉴_QM6_2024_2025,일본/프랑스,일본/프랑스,True
TEST_04109,디스커버리_스포츠_2015_2019,유럽 프리미엄,유럽 프리미엄,True
TEST_04110,뉴_체어맨_W_2012_2016,기타,기타,True
TEST_04111,더_뉴_셀토스_2023_2025,기아,기아,True
TEST_04112,1시리즈_F20_2016_2019,BMW,BMW,True
TEST_04113,K5_3세대_2020_2023,기아,기아,True
TEST_04114,올_뉴_투싼_TL_2016_2018,현대,현대,True
TEST_04115,베뉴_2020_2024,현대,현대,True
TEST_04116,에스컬레이드_2015_2020,미국,미국,True
TEST_04117,718_카이맨_2017_2024,기타 독일차,기타 독일차,True
TEST_04118,익스플로러_6세대_2020_2025,미국,미국,True
TEST_04119,5시리즈_G30_2017_2023,BMW,BMW,True
TEST_04120,그랜저_GN7_2023_2025,현대,현대,True
TEST_04121,골프_7세대_2013_2016,기타 독일차,기타 독일차,True
TEST_04122,GLB_클래스_X247_2020_2023,벤츠,벤츠,True
TEST_04123,렉스턴_스포츠_2018_2021,기타,기타,True
TEST_04124,GLA_클래스_X156_2015_2019,벤츠,벤츠,True
TEST_04125,쿠퍼_컨트리맨_2012_2015,기타 독일차,기타 독일차,True
TEST_04126,A5_F5_2019_2024,기타 독일차,기타 독일차,True
TEST_04127,뉴_티구안_2012_2016,기타 독일차,기타 독일차,True
TEST_04128,콰트로포르테_2017_2022,유럽 프리미엄,유럽 프리미엄,True
TEST_04129,코나_2018_2020,현대,현대,True
TEST_04130,일렉트리파이드_GV70_2022_2024,제네시스,제네시스,True
TEST_04131,6시리즈_GT_G32_2021_2024,BMW,BMW,True
TEST_04132,더_뉴_모하비_2017_2019,기아,기아,True
TEST_04133,X6_F16_2015_2019,BMW,BMW,True
TEST_04134,뉴_ES300h_2016_2018,일본/프랑스,일본/프랑스,True
TEST_04135,G80_RG3_2021_2023,제네시스,제네시스,True
TEST_04136,더_뉴_쏘렌토_2018_2020,기아,기아,True
TEST_04137,베뉴_2020_2024,현대,현대,True
TEST_04138,뉴_티구안_2012_2016,기타 독일차,기타 독일차,True
TEST_04139,티볼리_아머_2018_2019,기타,기타,True
TEST_04140,프리우스_4세대_2016_2018,일본/프랑스,일본/프랑스,True
TEST_04141,스포티지_4세대_2016_2018,기아,기아,True
TEST_04142,레인지로버_이보크_2세대_2023_2024,유럽 프리미엄,유럽 프리미엄,True
TEST_04143,체로키_KL_2019_2023,미국,미국,True
TEST_04144,아반떼_N_2022_2023,현대,현대,True
TEST_04145,프리우스_C_2018_2020,일본/프랑스,일본/프랑스,True
TEST_04146,뉴_ES300h_2013_2015,일본/프랑스,일본/프랑스,True
TEST_04147,New_XF_2012_2015,유럽 프리미엄,유럽 프리미엄,True
TEST_04148,더_뉴스포티지R_2014_2016,기아,기아,True
TEST_04149,XC60_2세대_2018_2021,유럽 프리미엄,유럽 프리미엄,True
TEST_04150,더_뉴_그랜드_스타렉스_2018_2021,현대,현대,True
TEST_04151,EQS_V297_2022_2023,벤츠,벤츠,True
TEST_04152,아이오닉_하이브리드_2016_2019,현대,현대,True
TEST_04153,더_뉴_아반떼_CN7_2023_2025,현대,현대,True
TEST_04154,S90_2021_2025,유럽 프리미엄,유럽 프리미엄,True
TEST_04155,MKC_2015_2018,미국,미국,True
TEST_04156,Q8_4M_2020_2025,기타 독일차,기타 독일차,True
TEST_04157,Z4_G29_2019_2025,BMW,BMW,True
TEST_04158,티볼리_에어_2021_2022,기타,기타,True
TEST_04159,CLA_클래스_C117_2014_2019,벤츠,벤츠,True
TEST_04160,XC40_2019_2022,유럽 프리미엄,유럽 프리미엄,True
TEST_04161,더_뉴_말리부_2019_2022,미국,미국,True
TEST_04162,뉴_체어맨_W_2012_2016,기타,기타,True
TEST_04163,2시리즈_액티브_투어러_F45_2019_2021,BMW,BMW,True
TEST_04164,C_클래스_W204_2008_2015,벤츠,벤츠,True
TEST_04165,G_클래스_W463b_2019_2025,벤츠,벤츠,True
TEST_04166,K7_프리미어_2020_2021,기아,기아,True
TEST_04167,K7_프리미어_2020_2021,기아,기아,True
TEST_04168,K8_2022_2024,기아,기아,True
TEST_04169,아베오_2012_2016,미국,미국,True
TEST_04170,7시리즈_G11_2016_2018,BMW,BMW,True
TEST_04171,3시리즈_GT_F34_2014_2021,BMW,BMW,True
TEST_04172,콜로라도_2020_2020,미국,미국,True
TEST_04173,5시리즈_GT_F07_2010_2017,BMW,BMW,True
TEST_04174,콰트로포르테_2017_2022,유럽 프리미엄,유럽 프리미엄,True
TEST_04175,뉴QM3_2018_2019,일본/프랑스,일본/프랑스,True
TEST_04176,K5_2세대_2016_2018,기아,기아,True
TEST_04177,SM7_노바_2015_2019,일본/프랑스,일본/프랑스,True
TEST_04178,더_뉴_투싼_NX4_2023_2025,현대,현대,True
TEST_04179,렉스턴_스포츠_칸_2019_2020,기타,기타,True
TEST_04180,CLE_클래스_C236_2024_2025,벤츠,벤츠,True
TEST_04181,K5_하이브리드_3세대_2020_2023,기아,기아,True
TEST_04182,투아렉_3세대_2020_2023,기타 독일차,기타 독일차,True
TEST_04183,더_뉴_아반떼_2014_2016,현대,현대,True
TEST_04184,뉴_ES300h_2016_2018,일본/프랑스,일본/프랑스,True
TEST_04185,더_뉴_카니발_2019_2020,기아,기아,True
TEST_04186,뉴_스타일_코란도_C_2017_2019,기타,기타,True
TEST_04187,아이오닉5_2022_2023,현대,현대,True
TEST_04188,CLA_클래스_C118_2020_2025,벤츠,벤츠,True
TEST_04189,C_클래스_W204_2008_2015,벤츠,벤츠,True
TEST_04190,그랜드_체로키_WL_2021_2023,미국,미국,True
TEST_04191,레니게이드_2019_2023,미국,미국,True
TEST_04192,X4_F26_2015_2018,BMW,BMW,True
TEST_04193,뷰티풀_코란도_2019_2024,기타,기타,True
TEST_04194,그랜드_체로키_2014_2020,미국,미국,True
TEST_04195,넥쏘_2018_2024,현대,현대,True
TEST_04196,더_뉴_트랙스_2017_2022,미국,미국,True
TEST_04197,콜로라도_2020_2020,미국,미국,True
TEST_04198,6시리즈_GT_G32_2021_2024,BMW,BMW,True
TEST_04199,레인지로버_이보크_2세대_2023_2024,유럽 프리미엄,유럽 프리미엄,True
TEST_04200,A8_D5_2018_2023,기타 독일차,기타 독일차,True
TEST_04201,올_뉴_투싼_TL_2019_2020,현대,현대,True
TEST_04202,그랜저_GN7_2023_2025,현대,현대,True
TEST_04203,더_뉴_트랙스_2017_2022,미국,미국,True
TEST_04204,i4_2022_2024,BMW,BMW,True
TEST_04205,컨티넨탈_GT_3세대_2018_2023,유럽 프리미엄,유럽 프리미엄,True
TEST_04206,컴패스_2세대_2018_2022,미국,미국,True
TEST_04207,스포티지_4세대_2016_2018,기아,기아,True
TEST_04208,GV80_2024_2025,제네시스,제네시스,True
TEST_04209,K8_2022_2024,기아,기아,True
TEST_04210,G_클래스_W463_2009_2017,벤츠,벤츠,True
TEST_04211,G_클래스_W463b_2019_2025,벤츠,벤츠,True
TEST_04212,YF쏘나타_2009_2012,현대,현대,True
TEST_04213,쿠퍼_컨트리맨_2012_2015,기타 독일차,기타 독일차,True
TEST_04214,뉴_ES300h_2013_2015,일본/프랑스,일본/프랑스,True
TEST_04215,라브4_5세대_2019_2024,일본/프랑스,일본/프랑스,True
TEST_04216,레인지로버_5세대_2023_2024,유럽 프리미엄,유럽 프리미엄,True
TEST_04217,더_뉴_그랜드_스타렉스_2018_2021,현대,현대,True
TEST_04218,EQ900_2016_2018,제네시스,제네시스,True
TEST_04219,C_클래스_W205_2015_2021,벤츠,벤츠,True
TEST_04220,벨로스터_JS_2018_2020,현대,현대,True
TEST_04221,M5_F90_2018_2023,BMW,BMW,True
TEST_04222,체로키_KL_2019_2023,미국,미국,True
TEST_04223,SM3_네오_2015_2019,일본/프랑스,일본/프랑스,True
TEST_04224,Q7_4M_2016_2019,기타 독일차,기타 독일차,True
TEST_04225,G4_렉스턴_2018_2020,기타,기타,True
TEST_04226,더_올뉴G80_2021_2024,제네시스,현대,False
TEST_04227,뉴_A6_2012_2014,기타 독일차,기타 독일차,True
TEST_04228,A7_2012_2016,기타 독일차,기타 독일차,True
TEST_04229,시에나_4세대_2021_2024,일본/프랑스,일본/프랑스,True
TEST_04230,Q7_4M_2016_2019,기타 독일차,기타 독일차,True
TEST_04231,3시리즈_G20_2023_2025,BMW,BMW,True
TEST_04232,M4_F82_2015_2020,BMW,BMW,True
TEST_04233,아이오닉5_2022_2023,현대,현대,True
TEST_04234,G_클래스_W463_2009_2017,벤츠,벤츠,True
TEST_04235,X5_G05_2019_2023,BMW,BMW,True
TEST_04236,2시리즈_액티브_투어러_U06_2022_2024,BMW,BMW,True
TEST_04237,더_뉴_모닝_JA_2024_2025,기아,기아,True
TEST_04238,레인지로버_벨라_2018_2019,유럽 프리미엄,유럽 프리미엄,True
TEST_04239,익스플로러_2016_2017,미국,미국,True
TEST_04240,XM3_2024,일본/프랑스,일본/프랑스,True
TEST_04241,더_뉴_모닝_2015_2016,기아,기아,True
TEST_04242,A4_B9_2016_2019,기타 독일차,기타 독일차,True
TEST_04243,뉴쏘렌토_R_2013_2014,기아,기아,True
TEST_04244,디_올뉴니로_2022_2025,기아,기아,True
TEST_04245,V90_크로스컨트리_2018_2024,유럽 프리미엄,유럽 프리미엄,True
TEST_04246,더_뉴_G70_2021_2025,제네시스,제네시스,True
TEST_04247,모델_3_2024_2025,미국,미국,True
TEST_04248,쿠퍼_컨버터블_2016_2024,기타 독일차,기타 독일차,True
TEST_04249,iX_2022_2024,BMW,BMW,True
TEST_04250,디_올뉴코나_2023_2025,현대,현대,True
TEST_04251,더_뉴_렉스턴_스포츠_칸_2021_2025,기타,기타,True
TEST_04252,베리_뉴_티볼리_2020_2023,기타,기타,True
TEST_04253,뉴QM3_2018_2019,일본/프랑스,일본/프랑스,True
TEST_04254,르반떼_2017_2022,유럽 프리미엄,유럽 프리미엄,True
TEST_04255,S_클래스_W221_2006_2013,벤츠,벤츠,True
TEST_04256,올란도_2012_2018,미국,미국,True
TEST_04257,프리우스_4세대_2016_2018,일본/프랑스,일본/프랑스,True
TEST_04258,더_뉴_K5_2세대_2019_2020,기아,기아,True
TEST_04259,GLE_클래스_W166_2016_2018,벤츠,벤츠,True
TEST_04260,레인지로버_스포츠_2세대_2018_2022,유럽 프리미엄,유럽 프리미엄,True
TEST_04261,쿠퍼_컨트리맨_2012_2015,기타 독일차,기타 독일차,True
TEST_04262,X1_F48_2020_2022,BMW,BMW,True
TEST_04263,SM5_노바_2015_2019,일본/프랑스,일본/프랑스,True
TEST_04264,LF_쏘나타_2015_2017,현대,현대,True
TEST_04265,에쿠스_신형_2010_2015,현대,현대,True
TEST_04266,아테온_2018_2023,기타 독일차,기타 독일차,True
TEST_04267,X5_G05_2019_2023,BMW,BMW,True
TEST_04268,올_뉴_렉스턴_2021_2025,기타,기타,True
TEST_04269,액티언_2세대_2025,기타,기타,True
TEST_04270,GLC_클래스_X254_2023_2025,벤츠,벤츠,True
TEST_04271,K5_하이브리드_3세대_2020_2023,기아,기아,True
TEST_04272,디스커버리_5_2022_2024,유럽 프리미엄,유럽 프리미엄,True
TEST_04273,뉴_ES300h_2016_2018,일본/프랑스,일본/프랑스,True
TEST_04274,뷰티풀_코란도_2019_2024,기타,기타,True
TEST_04275,7시리즈_G11_2019_2022,BMW,BMW,True
TEST_04276,V60_크로스컨트리_2세대_2020_2025,유럽 프리미엄,유럽 프리미엄,True
TEST_04277,타이칸_2021_2025,기타 독일차,기타 독일차,True
TEST_04278,더_뉴_아반떼_AD_2019_2020,현대,현대,True
TEST_04279,더_뉴_셀토스_2023_2025,기아,기아,True
TEST_04280,뉴_체어맨_W_2012_2016,기타,기타,True
TEST_04281,K8_2022_2024,기아,기아,True
TEST_04282,레니게이드_2019_2023,미국,미국,True
TEST_04283,X6_G06_2024_2025,BMW,BMW,True
TEST_04284,SM7_노바_2015_2019,일본/프랑스,일본/프랑스,True
TEST_04285,디펜더_L663_2020_2025,유럽 프리미엄,유럽 프리미엄,True
TEST_04286,익스플로러_6세대_2020_2025,미국,미국,True
TEST_04287,에스컬레이드_5세대_2021_2024,미국,미국,True
TEST_04288,더_뉴_QM6_2020_2023,일본/프랑스,일본/프랑스,True
TEST_04289,더_뉴_아반떼_2014_2016,현대,현대,True
TEST_04290,더_뉴_스파크_2019_2022,미국,미국,True
TEST_04291,더_뉴_K3_2016_2018,기아,기아,True
TEST_04292,트래버스_2020_2023,미국,미국,True
TEST_04293,쿠퍼_클럽맨_2016_2024,기타 독일차,기타 독일차,True
TEST_04294,그랜드카니발_2006_2010,기아,기아,True
TEST_04295,파나메라_2010_2016,기타 독일차,기타 독일차,True
TEST_04296,더_뉴_SM6_2021_2024,일본/프랑스,일본/프랑스,True
TEST_04297,S_클래스_W221_2006_2013,벤츠,벤츠,True
TEST_04298,디스커버리_4_2010_2016,유럽 프리미엄,유럽 프리미엄,True
TEST_04299,콰트로포르테_2017_2022,유럽 프리미엄,유럽 프리미엄,True
TEST_04300,7시리즈_G11_2019_2022,BMW,BMW,True
TEST_04301,YF쏘나타_2009_2012,현대,현대,True
TEST_04302,레인지로버_4세대_2014_2017,유럽 프리미엄,유럽 프리미엄,True
TEST_04303,그랜드_체로키_WL_2021_2023,미국,미국,True
TEST_04304,익스플로러_2016_2017,미국,미국,True
TEST_04305,콰트로포르테_2014_2016,유럽 프리미엄,유럽 프리미엄,True
TEST_04306,K3_2013_2015,기아,기아,True
TEST_04307,디스커버리_5_2022_2024,유럽 프리미엄,유럽 프리미엄,True
TEST_04308,SM7_노바_2015_2019,일본/프랑스,일본/프랑스,True
TEST_04309,3시리즈_F30_2013_2018,BMW,BMW,True
TEST_04310,G80_2017_2020,제네시스,제네시스,True
TEST_04311,트레일블레이저_2021_2022,미국,미국,True
TEST_04312,G4_렉스턴_2018_2020,기타,기타,True
TEST_04313,뉴_G80_2025_2026,제네시스,제네시스,True
TEST_04314,티볼리_에어_2021_2022,기타,기타,True
TEST_04315,더_뉴_아반떼_2014_2016,현대,현대,True
TEST_04316,레인지로버_벨라_2018_2019,유럽 프리미엄,유럽 프리미엄,True
TEST_04317,디_올_뉴_니로_2022_2025,기아,기아,True
TEST_04318,그랜드_스타렉스_2016_2018,현대,현대,True
TEST_04319,XC60_2세대_2022_2025,유럽 프리미엄,유럽 프리미엄,True
TEST_04320,티볼리_아머_2018_2019,기타,기타,True
TEST_04321,K5_3세대_2020_2023,일본/프랑스,기아,False
TEST_04322,3시리즈_G20_2019_2022,BMW,BMW,True
TEST_04323,코세어_2020_2022,미국,미국,True
TEST_04324,Q5_FY_2020,기타 독일차,기타 독일차,True
TEST_04325,디_올뉴싼타페_2024_2025,현대,현대,True
TEST_04326,그랜저_IG_2017_2019,현대,현대,True
TEST_04327,4시리즈_G22_2024_2025,BMW,BMW,True
TEST_04328,콰트로포르테_2017_2022,유럽 프리미엄,유럽 프리미엄,True
TEST_04329,티구안_올스페이스_2018_2023,기타 독일차,기타 독일차,True
TEST_04330,K7_프리미어_2020_2021,기아,기아,True
TEST_04331,말리부_2012_2016,미국,미국,True
TEST_04332,컴패스_2세대_2018_2022,미국,미국,True
TEST_04333,RAV4_5세대_2019_2024,일본/프랑스,일본/프랑스,True
TEST_04334,E_클래스_W213_2021_2023,벤츠,벤츠,True
TEST_04335,아반떼_AD_2016_2018,현대,현대,True
TEST_04336,뉴_A6_2015_2018,기타 독일차,기타 독일차,True
TEST_04337,스팅어_2018_2020,기아,기아,True
TEST_04338,넥쏘_2018_2024,현대,현대,True
TEST_04339,올_뉴_쏘렌토_2015_2017,기아,기아,True
TEST_04340,머스탱_2015_2023,기타 독일차,미국,False
TEST_04341,프리우스_4세대_2019_2022,일본/프랑스,일본/프랑스,True
TEST_04342,SM5_노바_2015_2019,일본/프랑스,일본/프랑스,True
TEST_04343,올_뉴_말리부_2017_2018,미국,미국,True
TEST_04344,YF쏘나타_2009_2012,현대,현대,True
TEST_04345,레니게이드_2015_2017,미국,미국,True
TEST_04346,CLA_클래스_C117_2014_2019,벤츠,벤츠,True
TEST_04347,S_클래스_W222_2014_2020,벤츠,벤츠,True
TEST_04348,X3_G01_2022_2024,BMW,BMW,True
TEST_04349,더_뉴_투싼_NX4_2023_2025,현대,현대,True
TEST_04350,올_뉴_말리부_2017_2018,미국,미국,True
TEST_04351,X4_F26_2015_2018,BMW,BMW,True
TEST_04352,뉴_QM5_2012_2014,일본/프랑스,일본/프랑스,True
TEST_04353,그랜저_HG_2011_2014,현대,현대,True
TEST_04354,스팅어_2018_2020,기아,기아,True
TEST_04355,X6_F16_2015_2019,BMW,BMW,True
TEST_04356,더_뉴_K5_2세대_2019_2020,기아,기아,True
TEST_04357,GLS_클래스_X167_2020_2024,벤츠,벤츠,True
TEST_04358,GLS_클래스_X167_2020_2024,벤츠,벤츠,True
TEST_04359,RAV4_5세대_2019_2024,일본/프랑스,일본/프랑스,True
TEST_04360,EV9_2024_2025,기아,기아,True
TEST_04361,에비에이터_2세대_2020_2025,미국,미국,True
TEST_04362,E_PACE_2018_2020,유럽 프리미엄,유럽 프리미엄,True
TEST_04363,디스커버리_5_2022_2024,유럽 프리미엄,유럽 프리미엄,True
TEST_04364,G_클래스_W463_2009_2017,벤츠,벤츠,True
TEST_04365,라브4_4세대_2013_2018,일본/프랑스,일본/프랑스,True
TEST_04366,랭글러_JL_2018_2024,미국,미국,True
TEST_04367,CLS_클래스_C257_2019_2023,벤츠,벤츠,True
TEST_04368,더_뉴_기아_레이_2022_2025,기아,기아,True
TEST_04369,더_뉴_맥스크루즈_2016_2018,현대,현대,True
TEST_04370,7시리즈_G11_2019_2022,BMW,BMW,True
TEST_04371,B_클래스_W246_2013_2018,벤츠,벤츠,True
TEST_04372,718_카이맨_2017_2024,기타 독일차,기타 독일차,True
TEST_04373,Q8_4M_2020_2025,기타 독일차,기타 독일차,True
TEST_04374,Z4_G29_2019_2025,BMW,BMW,True
TEST_04375,1시리즈_F20_2016_2019,BMW,BMW,True
TEST_04376,엑센트_신형_2011_2019,현대,현대,True
TEST_04377,베뉴_2020_2024,현대,현대,True
TEST_04378,더_뉴_QM6_2020_2023,일본/프랑스,일본/프랑스,True
TEST_04379,7시리즈_G70_2023_2025,BMW,BMW,True
TEST_04380,iX_2022_2024,BMW,BMW,True
TEST_04381,트레일블레이저_2021_2022,미국,미국,True
TEST_04382,Q7_4M_2016_2019,기타 독일차,기타 독일차,True
TEST_04383,AMG_GT_2016_2024,벤츠,벤츠,True
TEST_04384,3시리즈_G20_2023_2025,BMW,BMW,True
TEST_04385,더_뉴_모닝_JA_2024_2025,기아,기아,True
TEST_04386,프리우스_4세대_2019_2022,일본/프랑스,일본/프랑스,True
TEST_04387,베리_뉴_티볼리_2020_2023,기타,기타,True
TEST_04388,디_올뉴니로EV_2023_2024,기아,기아,True
TEST_04389,마칸_2019_2021,기타 독일차,기타 독일차,True
TEST_04390,액티언_2세대_2025,기타,기타,True
TEST_04391,뉴_G80_2025_2026,제네시스,제네시스,True
TEST_04392,더_뉴_쏘렌토_2018_2020,기아,기아,True
TEST_04393,G_클래스_W463_2009_2017,벤츠,벤츠,True
TEST_04394,더_뉴_말리부_2019_2022,미국,미국,True
TEST_04395,Q5_FY_2020,기타 독일차,기타 독일차,True
TEST_04396,GLS_클래스_X167_2020_2024,벤츠,벤츠,True
TEST_04397,X1_F48_2020_2022,BMW,BMW,True
TEST_04398,더_뉴_아이오닉_하이브리드_2020,현대,현대,True
TEST_04399,SM3_네오_2015_2019,일본/프랑스,일본/프랑스,True
TEST_04400,3시리즈_E90_2005_2012,BMW,BMW,True
TEST_04401,GLC_클래스_X253_2020_2022,벤츠,벤츠,True
TEST_04402,K5_3세대_2020_2023,기아,기아,True
TEST_04403,EV9_2024_2025,기아,기아,True
TEST_04404,4시리즈_F32_2014_2020,BMW,BMW,True
TEST_04405,E_클래스_W212_2010_2016,벤츠,벤츠,True
TEST_04406,X6_F16_2015_2019,BMW,BMW,True
TEST_04407,아이오닉5_2022_2023,현대,현대,True
TEST_04408,K5_3세대_하이브리드_2020_2022,기아,기아,True
TEST_04409,익스플로러_6세대_2020_2025,미국,미국,True
TEST_04410,더_뉴_K3_2세대_2022_2024,기아,기아,True
TEST_04411,G80_2017_2020,제네시스,제네시스,True
TEST_04412,더_뉴_K3_2세대_2022_2024,기아,기아,True
TEST_04413,X7_G07_2023_2025,BMW,BMW,True
TEST_04414,파나메라_971_2017_2023,기타 독일차,기타 독일차,True
TEST_04415,K7_프리미어_하이브리드_2020_2021,기아,기아,True
TEST_04416,렉스턴_스포츠_칸_2019_2020,기타,기타,True
TEST_04417,타이칸_2021_2025,기타 독일차,기타 독일차,True
TEST_04418,프리우스_4세대_2019_2022,일본/프랑스,일본/프랑스,True
TEST_04419,모델_3_2024_2025,벤츠,미국,False
TEST_04420,AMG_GT_2016_2024,벤츠,벤츠,True
TEST_04421,아반떼_MD_2011_2014,현대,현대,True
TEST_04422,더_뉴_K5_하이브리드_3세대_2023_2025,기아,기아,True
TEST_04423,올_뉴_투싼_TL_2016_2018,현대,현대,True
TEST_04424,3008_2세대_2018_2023,기타,기타,True
TEST_04425,뉴QM3_2018_2019,일본/프랑스,일본/프랑스,True
TEST_04426,레인지로버_이보크_2세대_2020_2022,유럽 프리미엄,유럽 프리미엄,True
TEST_04427,뉴QM3_2018_2019,일본/프랑스,일본/프랑스,True
TEST_04428,더_뉴_아반떼_AD_2019_2020,현대,현대,True
TEST_04429,콰트로포르테_2014_2016,유럽 프리미엄,유럽 프리미엄,True
TEST_04430,제네시스_DH_2014_2016,제네시스,제네시스,True
TEST_04431,디펜더_L663_2020_2025,유럽 프리미엄,유럽 프리미엄,True
TEST_04432,i4_2022_2024,BMW,BMW,True
TEST_04433,XC90_2세대_2017_2019,유럽 프리미엄,유럽 프리미엄,True
TEST_04434,C_클래스_W205_2015_2021,벤츠,벤츠,True
TEST_04435,더_뉴_그랜드_스타렉스_2018_2021,현대,현대,True
TEST_04436,모하비_더_마스터_2020_2024,기아,기아,True
TEST_04437,M5_F90_2018_2023,BMW,BMW,True
TEST_04438,스포티지_5세대_2022_2024,기아,기아,True
TEST_04439,G80_RG3_2025,제네시스,제네시스,True
TEST_04440,말리부_2012_2016,미국,미국,True
TEST_04441,말리부_2012_2016,미국,미국,True
TEST_04442,더_뉴_팰리세이드_2023_2024,현대,현대,True
TEST_04443,디_올_뉴_스포티지_2022_2024,기아,기아,True
TEST_04444,QM3_2014_2017,일본/프랑스,일본/프랑스,True
TEST_04445,컨티넨탈_GT_3세대_2018_2023,유럽 프리미엄,유럽 프리미엄,True
TEST_04446,뉴_A6_2012_2014,기타 독일차,기타 독일차,True
TEST_04447,디_올뉴니로EV_2023_2024,기아,기아,True
TEST_04448,액티언_2세대_2025,기타,기타,True
TEST_04449,더_뉴_K5_2세대_2019_2020,기아,기아,True
TEST_04450,X1_U11_2023_2024,BMW,BMW,True
TEST_04451,G_클래스_W463b_2019_2025,벤츠,벤츠,True
TEST_04452,싼타페_TM_2019_2020,현대,현대,True
TEST_04453,디_올뉴니로_2022_2025,기아,기아,True
TEST_04454,K8_2022_2024,기아,기아,True
TEST_04455,X6_G06_2020_2023,BMW,BMW,True
TEST_04456,SM5_노바_2015_2019,일본/프랑스,일본/프랑스,True
TEST_04457,A8_D5_2018_2023,기타 독일차,기타 독일차,True
TEST_04458,임팔라_2016_2019,미국,미국,True
TEST_04459,모델_3_2024_2025,미국,미국,True
TEST_04460,그랑_콜레오스_2025,일본/프랑스,일본/프랑스,True
TEST_04461,스타리아_2022_2025,현대,현대,True
TEST_04462,i4_2022_2024,BMW,BMW,True
TEST_04463,CLS_클래스_W218_2012_2017,벤츠,벤츠,True
TEST_04464,스타리아_2022_2025,현대,현대,True
TEST_04465,올_뉴_K7_하이브리드_2017_2019,기아,기아,True
TEST_04466,레인지로버_이보크_2세대_2023_2024,유럽 프리미엄,유럽 프리미엄,True
TEST_04467,더_뉴_아반떼_CN7_2023_2025,현대,현대,True
TEST_04468,디_올뉴코나_2023_2025,현대,현대,True
TEST_04469,더_뉴_스파크_2019_2022,미국,미국,True
TEST_04470,올_뉴_카니발_2015_2019,기아,기아,True
TEST_04471,컨티넨탈_GT_2세대_2012_2017,유럽 프리미엄,유럽 프리미엄,True
TEST_04472,싼타페_더_프라임_2016_2018,현대,현대,True
TEST_04473,6시리즈_GT_G32_2018_2020,BMW,BMW,True
TEST_04474,더_뉴_렉스턴_스포츠_칸_2021_2025,기타,기타,True
TEST_04475,올_뉴_카마로_2017_2018,미국,미국,True
TEST_04476,XC90_2세대_2017_2019,유럽 프리미엄,유럽 프리미엄,True
TEST_04477,코나_2018_2020,현대,현대,True
TEST_04478,베뉴_2020_2024,현대,현대,True
TEST_04479,아베오_2012_2016,미국,미국,True
TEST_04480,F150_2004_2021,미국,미국,True
TEST_04481,스팅어_마이스터_2021_2023,기아,기아,True
TEST_04482,더_올뉴G80_2021_2024,현대,현대,True
TEST_04483,랭글러_JK_2009_2017,미국,미국,True
TEST_04484,콰트로포르테_2014_2016,유럽 프리미엄,유럽 프리미엄,True
TEST_04485,아이오닉_하이브리드_2016_2019,현대,현대,True
TEST_04486,5008_2세대_2018_2019,기타,기타,True
TEST_04487,디스커버리_스포츠_2세대_2020_2025,유럽 프리미엄,유럽 프리미엄,True
TEST_04488,더_뉴_아반떼_CN7_2023_2025,현대,현대,True
TEST_04489,레인지로버_이보크_2016_2019,유럽 프리미엄,유럽 프리미엄,True
TEST_04490,말리부_2012_2016,미국,미국,True
TEST_04491,카니발_4세대_2021,기아,기아,True
TEST_04492,더_뉴_K7_2013_2016,기아,기아,True
TEST_04493,G_클래스_W463b_2019_2025,벤츠,벤츠,True
TEST_04494,GV80_2024_2025,제네시스,제네시스,True
TEST_04495,C_클래스_W204_2008_2015,벤츠,벤츠,True
TEST_04496,아슬란_2015_2018,현대,현대,True
TEST_04497,K8_2022_2024,기아,기아,True
TEST_04498,GLC_클래스_X254_2023_2025,벤츠,벤츠,True
TEST_04499,캐스퍼_2022_2024,현대,현대,True
TEST_04500,디_올뉴니로_2022_2025,기아,기아,True
TEST_04501,더_뉴_아반떼_AD_2019_2020,현대,현대,True
TEST_04502,팰리세이드_LX3_2025,현대,현대,True
TEST_04503,더_뉴_K5_2세대_2019_2020,기아,기아,True
TEST_04504,파사트_GT_B8_2018_2022,기타 독일차,기타 독일차,True
TEST_04505,Z4_G29_2019_2025,BMW,BMW,True
TEST_04506,2시리즈_그란쿠페_F44_2020_2024,BMW,BMW,True
TEST_04507,G_클래스_W463b_2019_2025,벤츠,벤츠,True
TEST_04508,에스컬레이드_5세대_2021_2024,미국,미국,True
TEST_04509,더_기아_레이_EV_2024_2025,기아,기아,True
TEST_04510,아반떼_AD_2016_2018,현대,현대,True
TEST_04511,E_클래스_W213_2017_2020,벤츠,벤츠,True
TEST_04512,에쿠스_신형_2010_2015,현대,현대,True
TEST_04513,K5_하이브리드_3세대_2020_2023,기아,기아,True
TEST_04514,쏘렌토_4세대_2021_2023,현대,현대,True
TEST_04515,5008_2세대_2018_2019,기타,기타,True
TEST_04516,5008_2세대_2018_2019,기타,기타,True
TEST_04517,올_뉴_카마로_2017_2018,미국,미국,True
TEST_04518,더_뉴_렉스턴_스포츠_2021_2025,기타,기타,True
TEST_04519,팰리세이드_2019_2022,현대,현대,True
TEST_04520,스토닉_2018_2020,기아,기아,True
TEST_04521,3시리즈_GT_F34_2014_2021,BMW,BMW,True
TEST_04522,아반떼_AD_2016_2018,현대,현대,True
TEST_04523,A6_C8_2019_2025,기타 독일차,기타 독일차,True
TEST_04524,코나_SX2_2023_2025,현대,현대,True
TEST_04525,CLA_클래스_C118_2020_2025,벤츠,벤츠,True
TEST_04526,모델_3_2019_2022,미국,미국,True
TEST_04527,타이칸_2021_2025,기타 독일차,기타 독일차,True
TEST_04528,더_올뉴투싼_하이브리드_2021_2023,현대,현대,True
TEST_04529,CLE_클래스_C236_2024_2025,벤츠,벤츠,True
TEST_04530,그랜저_IG_2017_2019,현대,현대,True
TEST_04531,SM6_2016_2020,일본/프랑스,일본/프랑스,True
TEST_04532,아반떼_MD_2011_2014,유럽 프리미엄,현대,False
TEST_04533,X7_G07_2019_2022,BMW,BMW,True
TEST_04534,랭글러_JK_2009_2017,미국,미국,True
TEST_04535,더_뉴_K5_하이브리드_3세대_2023_2025,기아,기아,True
TEST_04536,올_뉴_투싼_TL_2016_2018,현대,현대,True
TEST_04537,셀토스_2020_2023,기아,기아,True
TEST_04538,K7_프리미어_하이브리드_2020_2021,기아,기아,True
TEST_04539,뉴_스타일_코란도_C_2017_2019,기타,기타,True
TEST_04540,F150_2004_2021,미국,미국,True
TEST_04541,마칸_2022_2024,기타 독일차,기타 독일차,True
TEST_04542,카니발_4세대_2021,기아,기아,True
TEST_04543,아슬란_2015_2018,현대,현대,True
TEST_04544,아반떼_CN7_2021_2023,현대,현대,True
TEST_04545,올_뉴_투싼_TL_2019_2020,현대,현대,True
TEST_04546,알티마_2017_2018,일본/프랑스,일본/프랑스,True
TEST_04547,Q30_2017_2019,일본/프랑스,일본/프랑스,True
TEST_04548,더_뉴_코란도_스포츠_2016_2018,기타,기타,True
TEST_04549,뉴_제타_2011_2016,기타 독일차,기타 독일차,True
TEST_04550,뉴쏘렌토_R_2013_2014,기아,기아,True
TEST_04551,C_클래스_W206_2022_2024,벤츠,벤츠,True
TEST_04552,X4_G02_2019_2021,BMW,BMW,True
TEST_04553,스팅어_2018_2020,기아,기아,True
TEST_04554,GLB_클래스_X247_2020_2023,벤츠,벤츠,True
TEST_04555,스토닉_2018_2020,기아,기아,True
TEST_04556,기블리_2014_2023,유럽 프리미엄,유럽 프리미엄,True
TEST_04557,카니발_4세대_2022_2023,기아,기아,True
TEST_04558,아베오_2012_2016,미국,미국,True
TEST_04559,캠리_XV70_2018_2024,일본/프랑스,일본/프랑스,True
TEST_04560,3시리즈_G20_2023_2025,BMW,BMW,True
TEST_04561,뷰티풀_코란도_2019_2024,기타,기타,True
TEST_04562,K3_2013_2015,기아,기아,True
TEST_04563,리얼_뉴_콜로라도_2021_2022,미국,미국,True
TEST_04564,A_클래스_W177_2020_2025,벤츠,벤츠,True
TEST_04565,뉴_CC_2012_2016,기타 독일차,기타 독일차,True
TEST_04566,1시리즈_F20_2013_2015,BMW,BMW,True
TEST_04567,X1_F48_2016_2019,BMW,BMW,True
TEST_04568,콜로라도_2020_2020,미국,미국,True
TEST_04569,랭글러_JK_2009_2017,미국,미국,True
TEST_04570,아이오닉5_2022_2023,현대,현대,True
TEST_04571,더_뉴_쏘렌토_2018_2020,기아,기아,True
TEST_04572,베뉴_2020_2024,현대,현대,True
TEST_04573,프리우스_4세대_2016_2018,일본/프랑스,일본/프랑스,True
TEST_04574,마칸_2014_2018,기타 독일차,기타 독일차,True
TEST_04575,ES300h_7세대_2019_2026,일본/프랑스,일본/프랑스,True
TEST_04576,뉴_카이엔_2011_2018,기타 독일차,기타 독일차,True
TEST_04577,엑센트_신형_2011_2019,현대,현대,True
TEST_04578,임팔라_2016_2019,미국,미국,True
TEST_04579,7시리즈_G70_2023_2025,BMW,BMW,True
TEST_04580,더_뉴_파사트_2012_2019,기타 독일차,기타 독일차,True
TEST_04581,더_뉴_K3_2세대_2022_2024,기아,기아,True
TEST_04582,Q8_4M_2020_2025,기타 독일차,기타 독일차,True
TEST_04583,S_클래스_W221_2006_2013,벤츠,벤츠,True
TEST_04584,718_카이맨_2017_2024,기타 독일차,기타 독일차,True
TEST_04585,에스컬레이드_2015_2020,미국,미국,True
TEST_04586,F_PACE_2017_2019,유럽 프리미엄,유럽 프리미엄,True
TEST_04587,SM7_노바_2015_2019,일본/프랑스,일본/프랑스,True
TEST_04588,레인지로버_5세대_2023_2024,유럽 프리미엄,유럽 프리미엄,True
TEST_04589,718_박스터_2017_2024,기타 독일차,기타 독일차,True
TEST_04590,더_뉴_K9_2세대_2022_2025,기아,기아,True
TEST_04591,i4_2022_2024,BMW,BMW,True
TEST_04592,마칸_2014_2018,기타 독일차,기타 독일차,True
TEST_04593,더_뉴_K5_하이브리드_3세대_2023_2025,기아,기아,True
TEST_04594,그랜드_체로키_WL_2021_2023,미국,미국,True
TEST_04595,일렉트리파이드_GV70_2022_2024,제네시스,제네시스,True
TEST_04596,718_카이맨_2017_2024,기타 독일차,기타 독일차,True
TEST_04597,CT6_2016_2018,미국,미국,True
TEST_04598,더_뉴_말리부_2019_2022,미국,미국,True
TEST_04599,G80_2017_2020,제네시스,제네시스,True
TEST_04600,B_클래스_W246_2013_2018,벤츠,벤츠,True
TEST_04601,티볼리_에어_2016_2019,기타,기타,True
TEST_04602,E_PACE_2018_2020,유럽 프리미엄,유럽 프리미엄,True
TEST_04603,뉴_A6_2015_2018,기타 독일차,기타 독일차,True
TEST_04604,더_뉴스포티지R_2014_2016,기아,기아,True
TEST_04605,E_클래스_W213_2017_2020,벤츠,벤츠,True
TEST_04606,GLC_클래스_X254_2023_2025,벤츠,벤츠,True
TEST_04607,뉴_QM6_2021_2023,일본/프랑스,일본/프랑스,True
TEST_04608,디_올_뉴_니로_2022_2025,기아,기아,True
TEST_04609,2시리즈_그란쿠페_F44_2020_2024,BMW,BMW,True
TEST_04610,더_뉴_K3_2세대_2022_2024,기아,기아,True
TEST_04611,5008_2세대_2018_2019,기타,기타,True
TEST_04612,7시리즈_G11_2019_2022,BMW,BMW,True
TEST_04613,뉴_카이엔_2011_2018,기타 독일차,기타 독일차,True
TEST_04614,뉴_QM6_2021_2023,일본/프랑스,일본/프랑스,True
TEST_04615,A7_4K_2020_2024,기타 독일차,기타 독일차,True
TEST_04616,5008_2세대_2021_2024,기타,기타,True
TEST_04617,3시리즈_G20_2019_2022,BMW,BMW,True
TEST_04618,QX60_2016_2018,일본/프랑스,일본/프랑스,True
TEST_04619,Q30_2017_2019,일본/프랑스,일본/프랑스,True
TEST_04620,A4_B9_2020_2024,기타 독일차,기타 독일차,True
TEST_04621,뉴_G80_2025_2026,제네시스,제네시스,True
TEST_04622,에스컬레이드_2015_2020,미국,미국,True
TEST_04623,SM7_노바_2015_2019,일본/프랑스,일본/프랑스,True
TEST_04624,Z4_G29_2019_2025,BMW,BMW,True
TEST_04625,에쿠스_신형_2010_2015,현대,현대,True
TEST_04626,올_뉴_K7_하이브리드_2017_2019,기아,기아,True
TEST_04627,아베오_2012_2016,미국,미국,True
TEST_04628,GLC_클래스_X254_2023_2025,벤츠,벤츠,True
TEST_04629,뉴_QM5_2012_2014,일본/프랑스,일본/프랑스,True
TEST_04630,파나메라_2010_2016,기타 독일차,기타 독일차,True
TEST_04631,iX_2022_2024,BMW,BMW,True
TEST_04632,4시리즈_F32_2014_2020,BMW,BMW,True
TEST_04633,아반떼_CN7_2021_2023,현대,현대,True
TEST_04634,디_올_뉴_니로_2022_2025,기아,기아,True
TEST_04635,GLA_클래스_H247_2020_2025,벤츠,벤츠,True
TEST_04636,S90_2017_2020,유럽 프리미엄,유럽 프리미엄,True
TEST_04637,그랜드_체로키_WL_2021_2023,미국,미국,True
TEST_04638,B_클래스_W246_2013_2018,벤츠,벤츠,True
TEST_04639,E_PACE_2018_2020,유럽 프리미엄,유럽 프리미엄,True
TEST_04640,F150_2004_2021,미국,미국,True
TEST_04641,X2_F39_2018_2023,BMW,BMW,True
TEST_04642,X7_G07_2019_2022,BMW,BMW,True
TEST_04643,어코드_10세대_2018_2022,일본/프랑스,일본/프랑스,True
TEST_04644,그랜저_HG_2011_2014,현대,현대,True
TEST_04645,QM3_2014_2017,일본/프랑스,일본/프랑스,True
TEST_04646,익스플로러_2016_2017,미국,미국,True
TEST_04647,카니발_4세대_2021,기아,기아,True
TEST_04648,더_뉴_QM6_2020_2023,일본/프랑스,일본/프랑스,True
TEST_04649,올_뉴_쏘렌토_2015_2017,기아,기아,True
TEST_04650,더_뉴_QM6_2020_2023,일본/프랑스,일본/프랑스,True
TEST_04651,랭글러_JL_2018_2024,미국,미국,True
TEST_04652,911_992_2020_2024,기타 독일차,기타 독일차,True
TEST_04653,더_뉴_QM6_2024_2025,일본/프랑스,일본/프랑스,True
TEST_04654,RAV4_2016_2018,일본/프랑스,일본/프랑스,True
TEST_04655,3시리즈_G20_2019_2022,BMW,BMW,True
TEST_04656,디_올_뉴_니로_2022_2025,기아,기아,True
TEST_04657,X7_G07_2019_2022,BMW,BMW,True
TEST_04658,박스터_718_2017_2024,기타 독일차,기타 독일차,True
TEST_04659,GLS_클래스_X167_2020_2024,벤츠,벤츠,True
TEST_04660,F150_2004_2021,미국,미국,True
TEST_04661,올_뉴_쏘렌토_2015_2017,기아,기아,True
TEST_04662,아베오_2012_2016,미국,미국,True
TEST_04663,마칸_2022_2024,기타 독일차,기타 독일차,True
TEST_04664,G80_2017_2020,제네시스,제네시스,True
TEST_04665,카니발_4세대_2021,기아,기아,True
TEST_04666,5시리즈_GT_F07_2010_2017,BMW,BMW,True
TEST_04667,CLE_클래스_C236_2024_2025,벤츠,벤츠,True
TEST_04668,7시리즈_G11_2016_2018,BMW,BMW,True
TEST_04669,더_뉴_트랙스_2017_2022,미국,미국,True
TEST_04670,EV6_2022_2024,기아,기아,True
TEST_04671,스포티지_4세대_2016_2018,기아,기아,True
TEST_04672,EV6_2022_2024,기아,기아,True
TEST_04673,트랙스_2013_2016,미국,미국,True
TEST_04674,그랜드카니발_2006_2010,기아,기아,True
TEST_04675,K8_하이브리드_2022_2024,기아,기아,True
TEST_04676,캐스퍼_2022_2024,현대,현대,True
TEST_04677,E_클래스_W214_2024_2025,벤츠,벤츠,True
TEST_04678,A_클래스_W176_2015_2018,벤츠,벤츠,True
TEST_04679,더_뉴_SM6_2021_2024,일본/프랑스,일본/프랑스,True
TEST_04680,디_올뉴싼타페_2024_2025,현대,현대,True
TEST_04681,GLS_클래스_X166_2017_2019,벤츠,벤츠,True
TEST_04682,스팅어_마이스터_2021_2023,기아,기아,True
TEST_04683,XF_X260_2016_2020,벤츠,유럽 프리미엄,False
TEST_04684,GLC_클래스_X253_2020_2022,벤츠,벤츠,True
TEST_04685,XF_X260_2016_2020,유럽 프리미엄,유럽 프리미엄,True
TEST_04686,GV80_2024_2025,제네시스,제네시스,True
TEST_04687,더_뉴_그랜드_스타렉스_2018_2021,현대,현대,True
TEST_04688,S_클래스_W222_2014_2020,벤츠,벤츠,True
TEST_04689,V40_2015_2018,유럽 프리미엄,유럽 프리미엄,True
TEST_04690,CT6_2016_2018,미국,미국,True
TEST_04691,레인지로버_스포츠_2세대_2013_2017,유럽 프리미엄,유럽 프리미엄,True
TEST_04692,뉴_체어맨_W_2012_2016,기타,기타,True
TEST_04693,벨로스터_JS_2018_2020,현대,현대,True
TEST_04694,토레스_2023_2025,기타,기타,True
TEST_04695,CLA_클래스_C118_2020_2025,벤츠,벤츠,True
TEST_04696,뉴_ES300h_2013_2015,일본/프랑스,일본/프랑스,True
TEST_04697,프리우스_4세대_2019_2022,일본/프랑스,일본/프랑스,True
TEST_04698,X3_G01_2018_2021,BMW,BMW,True
TEST_04699,더_뉴_싼타페_2021_2023,현대,현대,True
TEST_04700,더_기아_레이_EV_2024_2025,기아,기아,True
TEST_04701,5시리즈_GT_F07_2010_2017,BMW,BMW,True
TEST_04702,아반떼_하이브리드_CN7_2021_2023,현대,현대,True
TEST_04703,CLS_클래스_C257_2019_2023,벤츠,벤츠,True
TEST_04704,SM5_노바_2015_2019,일본/프랑스,일본/프랑스,True
TEST_04705,7시리즈_G11_2016_2018,BMW,BMW,True
TEST_04706,Q8_4M_2020_2025,기타 독일차,기타 독일차,True
TEST_04707,QX60_2016_2018,일본/프랑스,일본/프랑스,True
TEST_04708,글래디에이터_JT_2020_2023,미국,미국,True
TEST_04709,올_뉴_말리부_2017_2018,미국,미국,True
TEST_04710,랭글러_JL_2018_2024,미국,미국,True
TEST_04711,그랜저TG_2007_2008,현대,현대,True
TEST_04712,레이_2012_2017,기아,기아,True
TEST_04713,뉴_SM5_플래티넘_2013_2014,일본/프랑스,일본/프랑스,True
TEST_04714,X3_G01_2022_2024,BMW,BMW,True
TEST_04715,A4_B9_2016_2019,기타 독일차,기타 독일차,True
TEST_04716,Q3_F3_2020_2024,기타 독일차,기타 독일차,True
TEST_04717,Q50_2014_2017,일본/프랑스,일본/프랑스,True
TEST_04718,F150_2004_2021,미국,미국,True
TEST_04719,더_뉴_카니발_4세대_2024_2025,기아,기아,True
TEST_04720,SM7_노바_2015_2019,일본/프랑스,일본/프랑스,True
TEST_04721,싼타페_MX5_2024_2025,현대,현대,True
TEST_04722,New_XF_2012_2015,유럽 프리미엄,유럽 프리미엄,True
TEST_04723,1시리즈_F20_2013_2015,BMW,BMW,True
TEST_04724,뉴_제타_2011_2016,기타 독일차,기타 독일차,True
TEST_04725,파사트_GT_B8_2018_2022,기타 독일차,기타 독일차,True
TEST_04726,디스커버리_스포츠_2세대_2020_2025,유럽 프리미엄,유럽 프리미엄,True
TEST_04727,A8_D5_2018_2023,기타 독일차,기타 독일차,True
TEST_04728,GV70_2021_2023,제네시스,제네시스,True
TEST_04729,EQE_V295_2022_2024,벤츠,벤츠,True
TEST_04730,더_뉴_그랜저_IG_2020_2023,현대,현대,True
TEST_04731,S60_3세대_2020_2024,유럽 프리미엄,유럽 프리미엄,True
TEST_04732,코나_SX2_2023_2025,현대,현대,True
TEST_04733,익스플로러_2018_2019,미국,미국,True
TEST_04734,머스탱_2015_2023,미국,미국,True
TEST_04735,마칸_2014_2018,기타 독일차,기타 독일차,True
TEST_04736,뉴_MKZ_2017_2020,미국,미국,True
TEST_04737,아반떼_하이브리드_CN7_2021_2023,현대,현대,True
TEST_04738,뉴_CC_2012_2016,기타 독일차,기타 독일차,True
TEST_04739,4시리즈_G22_2024_2025,BMW,BMW,True
TEST_04740,트레일블레이저_2021_2022,미국,미국,True
TEST_04741,XE_2016_2019,유럽 프리미엄,유럽 프리미엄,True
TEST_04742,스팅어_2018_2020,기아,기아,True
TEST_04743,C_클래스_W204_2008_2015,벤츠,벤츠,True
TEST_04744,QM6_2017_2019,일본/프랑스,일본/프랑스,True
TEST_04745,G90_RS4_2022_2025,제네시스,제네시스,True
TEST_04746,8시리즈_G15_2020_2024,BMW,BMW,True
TEST_04747,일렉트리파이드_GV70_2022_2024,제네시스,제네시스,True
TEST_04748,더_뉴_맥스크루즈_2016_2018,현대,현대,True
TEST_04749,더_뉴_QM6_2020_2023,일본/프랑스,일본/프랑스,True
TEST_04750,디스커버리_스포츠_2015_2019,유럽 프리미엄,유럽 프리미엄,True
TEST_04751,에스컬레이드_5세대_2021_2024,미국,미국,True
TEST_04752,i4_2022_2024,BMW,BMW,True
TEST_04753,1시리즈_F20_2013_2015,BMW,BMW,True
TEST_04754,EQS_V297_2022_2023,벤츠,벤츠,True
TEST_04755,싼타페_MX5_2024_2025,현대,현대,True
TEST_04756,더_뉴_팰리세이드_2023_2024,현대,현대,True
TEST_04757,YF쏘나타_2009_2012,현대,현대,True
TEST_04758,M2_F87_2016_2021,BMW,BMW,True
TEST_04759,더_K9_2019_2021,기아,기아,True
TEST_04760,더_뉴_기아_레이_2022_2025,기아,기아,True
TEST_04761,디스커버리_5_2022_2024,유럽 프리미엄,유럽 프리미엄,True
TEST_04762,마칸_2019_2021,기타 독일차,기타 독일차,True
TEST_04763,CLA_클래스_C117_2014_2019,벤츠,벤츠,True
TEST_04764,더_뉴_트랙스_2017_2022,미국,미국,True
TEST_04765,S60_3세대_2020_2024,유럽 프리미엄,유럽 프리미엄,True
TEST_04766,코세어_2020_2022,미국,미국,True
TEST_04767,뉴_QM6_2021_2023,일본/프랑스,일본/프랑스,True
TEST_04768,K3_2013_2015,기아,기아,True
TEST_04769,올_뉴_투싼_TL_2016_2018,현대,현대,True
TEST_04770,라브4_5세대_2019_2024,일본/프랑스,일본/프랑스,True
TEST_04771,SM7_노바_2015_2019,일본/프랑스,일본/프랑스,True
TEST_04772,쿠퍼_컨버터블_2016_2024,기타 독일차,기타 독일차,True
TEST_04773,카니발_4세대_2021,기아,기아,True
TEST_04774,그랜저_GN7_2023_2025,현대,현대,True
TEST_04775,디_올뉴코나_2023_2025,현대,현대,True
TEST_04776,아테온_2018_2023,기타 독일차,기타 독일차,True
TEST_04777,레인지로버_5세대_2023_2024,유럽 프리미엄,유럽 프리미엄,True
TEST_04778,더_뉴_팰리세이드_2023_2024,현대,현대,True
TEST_04779,5시리즈_G30_2017_2023,BMW,BMW,True
TEST_04780,뉴_제타_2011_2016,기타 독일차,기타 독일차,True
TEST_04781,임팔라_2016_2019,미국,미국,True
TEST_04782,올_뉴_K7_하이브리드_2017_2019,기아,기아,True
TEST_04783,더_뉴_쏘렌토_2018_2020,기아,기아,True
TEST_04784,셀토스_2020_2023,기아,기아,True
TEST_04785,타이칸_2021_2025,벤츠,기타 독일차,False
TEST_04786,더_뉴_스파크_2019_2022,미국,미국,True
TEST_04787,XM3_2020_2023,일본/프랑스,일본/프랑스,True
TEST_04788,아반떼_AD_2016_2018,현대,현대,True
TEST_04789,더_뉴_K5_2세대_2019_2020,기아,기아,True
TEST_04790,A_클래스_W176_2015_2018,벤츠,벤츠,True
TEST_04791,그랜드카니발_2006_2010,기아,기아,True
TEST_04792,G80_RG3_2025,제네시스,제네시스,True
TEST_04793,디_올뉴니로_2022_2025,기아,기아,True
TEST_04794,더_뉴_레이_2018_2022,기아,기아,True
TEST_04795,그랜저_GN7_2023_2025,현대,현대,True
TEST_04796,더_뉴_렉스턴_스포츠_칸_2021_2025,기타,기타,True
TEST_04797,1시리즈_F40_2020_2024,BMW,BMW,True
TEST_04798,XF_X260_2016_2020,유럽 프리미엄,유럽 프리미엄,True
TEST_04799,뉴쏘렌토_R_2013_2014,기아,기아,True
TEST_04800,A_클래스_W177_2020_2025,벤츠,벤츠,True
TEST_04801,8시리즈_G15_2020_2024,BMW,BMW,True
TEST_04802,디스커버리_스포츠_2015_2019,유럽 프리미엄,유럽 프리미엄,True
TEST_04803,더_뉴_모하비_2017_2019,기아,기아,True
TEST_04804,A_클래스_W177_2020_2025,벤츠,벤츠,True
TEST_04805,X7_G07_2019_2022,BMW,BMW,True
TEST_04806,더_뉴_아반떼_CN7_2023_2025,현대,현대,True
TEST_04807,모델_3_2024_2025,미국,미국,True
TEST_04808,싼타페_MX5_2024_2025,현대,현대,True
TEST_04809,코세어_2020_2022,미국,미국,True
TEST_04810,디스커버리_스포츠_2015_2019,유럽 프리미엄,유럽 프리미엄,True
TEST_04811,Q7_4M_2020_2023,기타 독일차,기타 독일차,True
TEST_04812,디스커버리_5_2017_2020,유럽 프리미엄,유럽 프리미엄,True
TEST_04813,3시리즈_GT_F34_2014_2021,BMW,BMW,True
TEST_04814,더_뉴_아반떼_2014_2016,현대,현대,True
TEST_04815,올_뉴_카마로_2017_2018,일본/프랑스,미국,False
TEST_04816,올_뉴_투싼_TL_2019_2020,현대,현대,True
TEST_04817,X1_F48_2020_2022,BMW,BMW,True
TEST_04818,X4_G02_2019_2021,BMW,BMW,True
TEST_04819,더_뉴_K5_하이브리드_3세대_2023_2025,기아,기아,True
TEST_04820,디스커버리_4_2010_2016,유럽 프리미엄,유럽 프리미엄,True
TEST_04821,코세어_2020_2022,미국,미국,True
TEST_04822,A6_C8_2019_2025,기타 독일차,기타 독일차,True
TEST_04823,리얼_뉴_콜로라도_2021_2022,미국,미국,True
TEST_04824,더_뉴_SM6_2021_2024,일본/프랑스,일본/프랑스,True
TEST_04825,트레일블레이저_2023,미국,미국,True
TEST_04826,Q50_2014_2017,일본/프랑스,일본/프랑스,True
TEST_04827,7시리즈_G11_2019_2022,BMW,BMW,True
TEST_04828,어코드_10세대_2018_2022,일본/프랑스,일본/프랑스,True
TEST_04829,더_뉴_K3_2세대_2022_2024,기아,기아,True
TEST_04830,XJ_8세대_2010_2019,유럽 프리미엄,유럽 프리미엄,True
TEST_04831,XC60_2세대_2022_2025,유럽 프리미엄,유럽 프리미엄,True
TEST_04832,라브4_4세대_2013_2018,일본/프랑스,일본/프랑스,True
TEST_04833,디스커버리_5_2017_2020,유럽 프리미엄,유럽 프리미엄,True
TEST_04834,XJ_8세대_2010_2019,유럽 프리미엄,유럽 프리미엄,True
TEST_04835,6시리즈_F12_2011_2018,BMW,BMW,True
TEST_04836,X5_G05_2019_2023,BMW,BMW,True
TEST_04837,디스커버리_스포츠_2세대_2020_2025,유럽 프리미엄,유럽 프리미엄,True
TEST_04838,레인지로버_4세대_2018_2022,유럽 프리미엄,유럽 프리미엄,True
TEST_04839,Q8_4M_2020_2025,기타 독일차,기타 독일차,True
TEST_04840,라브4_5세대_2019_2024,일본/프랑스,일본/프랑스,True
TEST_04841,에스컬레이드_2015_2020,미국,미국,True
TEST_04842,임팔라_2016_2019,미국,미국,True
TEST_04843,X4_F26_2015_2018,BMW,BMW,True
TEST_04844,3시리즈_G20_2023_2025,BMW,BMW,True
TEST_04845,올_뉴_모닝_JA_2017_2020,기아,기아,True
TEST_04846,MKC_2015_2018,미국,미국,True
TEST_04847,더_뉴_카니발_4세대_2024_2025,기아,기아,True
TEST_04848,5008_2세대_2018_2019,기타,기타,True
TEST_04849,4시리즈_G22_2024_2025,BMW,BMW,True
TEST_04850,뉴_체어맨_W_2012_2016,기타,기타,True
TEST_04851,더_뉴_K5_3세대_2024_2025,기아,기아,True
TEST_04852,C_클래스_W204_2008_2015,벤츠,벤츠,True
TEST_04853,A7_4K_2020_2024,기타 독일차,기타 독일차,True
TEST_04854,A6_C8_2019_2025,기타 독일차,기타 독일차,True
TEST_04855,레인지로버_벨라_2018_2019,유럽 프리미엄,유럽 프리미엄,True
TEST_04856,더_뉴_SM6_2021_2024,일본/프랑스,일본/프랑스,True
TEST_04857,ES300h_7세대_2019_2026,일본/프랑스,일본/프랑스,True
TEST_04858,컨티넨탈_GT_3세대_2018_2023,유럽 프리미엄,유럽 프리미엄,True
TEST_04859,GLC_클래스_X253_2023,벤츠,벤츠,True
TEST_04860,GLB_클래스_X247_2020_2023,벤츠,벤츠,True
TEST_04861,알티마_2017_2018,일본/프랑스,일본/프랑스,True
TEST_04862,K8_하이브리드_2022_2024,기아,기아,True
TEST_04863,파사트_GT_B8_2018_2022,기타 독일차,기타 독일차,True
TEST_04864,더_뉴_카니발_2019_2020,기아,기아,True
TEST_04865,아반떼_MD_2011_2014,현대,현대,True
TEST_04866,더_뉴_팰리세이드_2023_2024,현대,현대,True
TEST_04867,모델_3_2019_2022,미국,미국,True
TEST_04868,3시리즈_G20_2019_2022,BMW,BMW,True
TEST_04869,AMG_GT_2016_2024,벤츠,벤츠,True
TEST_04870,S90_2017_2020,유럽 프리미엄,유럽 프리미엄,True
TEST_04871,G90_RS4_2022_2025,제네시스,제네시스,True
TEST_04872,컨티넨탈_GT_2세대_2012_2017,유럽 프리미엄,유럽 프리미엄,True
TEST_04873,X6_G06_2020_2023,BMW,BMW,True
TEST_04874,GV70_2021_2023,제네시스,제네시스,True
TEST_04875,CLA_클래스_C117_2014_2019,벤츠,벤츠,True
TEST_04876,CLS_클래스_C257_2019_2023,벤츠,벤츠,True
TEST_04877,알티마_2017_2018,일본/프랑스,일본/프랑스,True
TEST_04878,싼타페_MX5_2024_2025,현대,현대,True
TEST_04879,7시리즈_G70_2023_2025,BMW,BMW,True
TEST_04880,더_뉴_니로_2020_2022,기아,기아,True
TEST_04881,C_클래스_W205_2015_2021,벤츠,벤츠,True
TEST_04882,X1_U11_2023_2024,BMW,BMW,True
TEST_04883,임팔라_2016_2019,미국,미국,True
TEST_04884,718_카이맨_2017_2024,기타 독일차,기타 독일차,True
TEST_04885,K5_3세대_하이브리드_2020_2022,기아,기아,True
TEST_04886,3시리즈_F30_2013_2018,BMW,BMW,True
TEST_04887,에쿠스_신형_2010_2015,현대,현대,True
TEST_04888,K5_3세대_2020_2023,기아,기아,True
TEST_04889,스포티지_4세대_2016_2018,기아,기아,True
TEST_04890,더_뉴_SM6_2021_2024,일본/프랑스,일본/프랑스,True
TEST_04891,3008_2세대_2018_2023,기타,기타,True
TEST_04892,올_뉴_모닝_JA_2017_2020,기아,기아,True
TEST_04893,X3_G01_2022_2024,BMW,BMW,True
TEST_04894,올_뉴_카니발_2015_2019,기아,기아,True
TEST_04895,X3_G01_2022_2024,BMW,BMW,True
TEST_04896,싼타페_TM_2019_2020,현대,현대,True
TEST_04897,X7_G07_2023_2025,BMW,BMW,True
TEST_04898,에스컬레이드_2015_2020,미국,미국,True
TEST_04899,더_뉴_G70_2021_2025,제네시스,제네시스,True
TEST_04900,시에나_4세대_2021_2024,일본/프랑스,일본/프랑스,True
TEST_04901,쿠퍼_컨트리맨_2016_2024,기타 독일차,기타 독일차,True
TEST_04902,YF쏘나타_하이브리드_2011_2015,현대,현대,True
TEST_04903,1시리즈_F40_2020_2024,BMW,BMW,True
TEST_04904,디_올뉴싼타페_2024_2025,현대,현대,True
TEST_04905,콜로라도_2020_2020,미국,미국,True
TEST_04906,쿠퍼_컨트리맨_2012_2015,기타 독일차,기타 독일차,True
TEST_04907,레인지로버_이보크_2세대_2020_2022,유럽 프리미엄,유럽 프리미엄,True
TEST_04908,쿠퍼_클럽맨_2016_2024,기타 독일차,기타 독일차,True
TEST_04909,디_올뉴니로EV_2023_2024,기아,기아,True
TEST_04910,타이칸_2021_2025,기타 독일차,기타 독일차,True
TEST_04911,파일럿_3세대_2016_2018,일본/프랑스,일본/프랑스,True
TEST_04912,디펜더_L663_2020_2025,유럽 프리미엄,유럽 프리미엄,True
TEST_04913,7시리즈_F01_2009_2015,BMW,BMW,True
TEST_04914,5008_2세대_2018_2019,기타,기타,True
TEST_04915,S60_3세대_2020_2024,유럽 프리미엄,유럽 프리미엄,True
TEST_04916,뉴_스타일_코란도_C_2017_2019,기타,기타,True
TEST_04917,뉴_GV80_2024_2025,제네시스,제네시스,True
TEST_04918,Q5_FY_2021_2024,기타 독일차,기타 독일차,True
TEST_04919,쿠퍼_컨트리맨_2012_2015,기타 독일차,기타 독일차,True
TEST_04920,그랜드_체로키_WL_2021_2023,미국,미국,True
TEST_04921,E_클래스_W212_2010_2016,벤츠,벤츠,True
TEST_04922,익스플로러_6세대_2020_2025,미국,미국,True
TEST_04923,911_2003_2019,기타 독일차,기타 독일차,True
TEST_04924,레인지로버_이보크_2016_2019,유럽 프리미엄,유럽 프리미엄,True
TEST_04925,쿠퍼_컨트리맨_2016_2024,기타 독일차,기타 독일차,True
TEST_04926,뉴_ES300h_2016_2018,일본/프랑스,일본/프랑스,True
TEST_04927,컨티넨탈_GT_2세대_2012_2017,유럽 프리미엄,유럽 프리미엄,True
TEST_04928,V40_2015_2018,유럽 프리미엄,유럽 프리미엄,True
TEST_04929,어코드_10세대_2018_2022,일본/프랑스,일본/프랑스,True
TEST_04930,레인지로버_벨라_2018_2019,유럽 프리미엄,유럽 프리미엄,True
TEST_04931,SM6_2016_2020,일본/프랑스,일본/프랑스,True
TEST_04932,8시리즈_G15_2020_2024,BMW,BMW,True
TEST_04933,E_클래스_W212_2010_2016,벤츠,벤츠,True
TEST_04934,더_뉴_아반떼_CN7_2023_2025,현대,현대,True
TEST_04935,2시리즈_그란쿠페_F44_2020_2024,BMW,BMW,True
TEST_04936,S_클래스_W223_2021_2025,벤츠,벤츠,True
TEST_04937,2시리즈_액티브_투어러_U06_2022_2024,BMW,BMW,True
TEST_04938,익스플로러_6세대_2020_2025,미국,미국,True
TEST_04939,캠리_XV70_2018_2024,일본/프랑스,일본/프랑스,True
TEST_04940,F_PACE_2017_2019,유럽 프리미엄,유럽 프리미엄,True
TEST_04941,All_New_XJ_2016_2019,유럽 프리미엄,유럽 프리미엄,True
TEST_04942,티볼리_에어_2016_2019,기타,기타,True
TEST_04943,레인지로버_스포츠_2세대_2013_2017,유럽 프리미엄,유럽 프리미엄,True
TEST_04944,머스탱_2015_2023,미국,미국,True
TEST_04945,K7_프리미어_하이브리드_2020_2021,기아,기아,True
TEST_04946,X6_G06_2024_2025,BMW,BMW,True
TEST_04947,코나_2018_2020,현대,현대,True
TEST_04948,1시리즈_F20_2013_2015,BMW,BMW,True
TEST_04949,코나_SX2_2023_2025,현대,현대,True
TEST_04950,E_클래스_W212_2010_2016,벤츠,벤츠,True
TEST_04951,X4_F26_2015_2018,BMW,BMW,True
TEST_04952,K5_하이브리드_3세대_2020_2023,기아,기아,True
TEST_04953,모하비_더_마스터_2020_2024,기아,기아,True
TEST_04954,E_클래스_W213_2021_2023,벤츠,벤츠,True
TEST_04955,K8_2022_2024,기아,기아,True
TEST_04956,벨로스터_JS_2018_2020,현대,현대,True
TEST_04957,레인지로버_5세대_2023_2024,유럽 프리미엄,유럽 프리미엄,True
TEST_04958,카이엔_PO536_2019_2023,기타 독일차,기타 독일차,True
TEST_04959,모닝_어반_JA_2021_2023,기아,기아,True
TEST_04960,레인지로버_스포츠_2세대_2018_2022,유럽 프리미엄,유럽 프리미엄,True
TEST_04961,X5_G05_2024_2025,BMW,BMW,True
TEST_04962,EQS_V297_2022_2023,벤츠,벤츠,True
TEST_04963,레인지로버_5세대_2023_2024,유럽 프리미엄,유럽 프리미엄,True
TEST_04964,A_클래스_W176_2015_2018,벤츠,벤츠,True
TEST_04965,더_뉴_니로_2020_2022,기아,기아,True
TEST_04966,라브4_4세대_2013_2018,일본/프랑스,일본/프랑스,True
TEST_04967,쏘나타_뉴_라이즈_2018_2019,현대,현대,True
TEST_04968,라브4_4세대_2013_2018,일본/프랑스,일본/프랑스,True
TEST_04969,카니발_4세대_2022_2023,기아,기아,True
TEST_04970,트랙스_크로스오버_2024_2025,미국,미국,True
TEST_04971,쏘나타_DN8_2020_2023,현대,현대,True
TEST_04972,디_올뉴코나_2023_2025,현대,현대,True
TEST_04973,올_뉴_말리부_2017_2018,미국,미국,True
TEST_04974,더_뉴_팰리세이드_2023_2024,현대,현대,True
TEST_04975,5시리즈_F10_2010_2016,BMW,BMW,True
TEST_04976,QM6_2017_2019,일본/프랑스,일본/프랑스,True
TEST_04977,스팅어_마이스터_2021_2023,기아,기아,True
TEST_04978,V90_크로스컨트리_2018_2024,유럽 프리미엄,유럽 프리미엄,True
TEST_04979,GLA_클래스_H247_2020_2025,벤츠,벤츠,True
TEST_04980,알티마_2017_2018,일본/프랑스,일본/프랑스,True
TEST_04981,디_올뉴니로_2022_2025,기아,기아,True
TEST_04982,트레일블레이저_2023,미국,미국,True
TEST_04983,A7_2012_2016,기타 독일차,기타 독일차,True
TEST_04984,3008_2세대_2018_2023,기타,기타,True
TEST_04985,RAV4_2016_2018,일본/프랑스,일본/프랑스,True
TEST_04986,디_올뉴니로_2022_2025,기아,기아,True
TEST_04987,A4_B9_2016_2019,기타 독일차,기타 독일차,True
TEST_04988,쏘나타_뉴_라이즈_2018_2019,현대,현대,True
TEST_04989,코나_SX2_2023_2025,현대,현대,True
TEST_04990,3시리즈_G20_2019_2022,BMW,BMW,True
TEST_04991,Q8_4M_2020_2025,기타 독일차,기타 독일차,True
TEST_04992,A4_B9_2020_2024,기타 독일차,기타 독일차,True
TEST_04993,그랜저_GN7_2023_2025,현대,현대,True
TEST_04994,뉴_ES300h_2016_2018,일본/프랑스,일본/프랑스,True
TEST_04995,모델_3_2019_2022,미국,미국,True
TEST_04996,레니게이드_2015_2017,미국,미국,True
TEST_04997,엑센트_신형_2011_2019,현대,현대,True
TEST_04998,더_뉴_코나_2021_2023,현대,현대,True
TEST_04999,스토닉_2018_2020,기아,기아,True
TEST_05000,i4_2022_2024,BMW,BMW,True
TEST_05001,뉴QM3_2018_2019,일본/프랑스,일본/프랑스,True
TEST_05002,5시리즈_G30_2017_2023,BMW,BMW,True
TEST_05003,니로_2017_2019,기아,기아,True
TEST_05004,6시리즈_F12_2011_2018,BMW,BMW,True
TEST_05005,레인지로버_이보크_2세대_2020_2022,유럽 프리미엄,유럽 프리미엄,True
TEST_05006,X1_F48_2016_2019,BMW,BMW,True
TEST_05007,MKC_2015_2018,미국,미국,True
TEST_05008,4시리즈_F32_2014_2020,BMW,BMW,True
TEST_05009,티구안_올스페이스_2018_2023,기타 독일차,기타 독일차,True
TEST_05010,C_클래스_W204_2008_2015,벤츠,벤츠,True
TEST_05011,A6_C8_2019_2025,기타 독일차,기타 독일차,True
TEST_05012,더_뉴_쏘렌토_4세대_2024_2025,기아,기아,True
TEST_05013,X4_G02_2019_2021,BMW,BMW,True
TEST_05014,X6_F16_2015_2019,BMW,BMW,True
TEST_05015,SM6_2016_2020,일본/프랑스,일본/프랑스,True
TEST_05016,A5_F5_2019_2024,기타 독일차,기타 독일차,True
TEST_05017,X1_U11_2023_2024,BMW,BMW,True
TEST_05018,글래디에이터_JT_2020_2023,미국,미국,True
TEST_05019,EQA_H243_2021_2024,벤츠,벤츠,True
TEST_05020,디펜더_L663_2020_2025,유럽 프리미엄,유럽 프리미엄,True
TEST_05021,A_클래스_W176_2015_2018,벤츠,벤츠,True
TEST_05022,K8_하이브리드_2022_2024,기아,기아,True
TEST_05023,뉴_A6_2012_2014,기타 독일차,기타 독일차,True
TEST_05024,K5_2세대_2016_2018,기아,기아,True
TEST_05025,New_XF_2012_2015,유럽 프리미엄,유럽 프리미엄,True
TEST_05026,EV6_2022_2024,기아,기아,True
TEST_05027,더_뉴_쏘렌토_2018_2020,기아,기아,True
TEST_05028,아반떼_MD_2011_2014,현대,현대,True
TEST_05029,7시리즈_F01_2009_2015,BMW,BMW,True
TEST_05030,GV80_2020_2022,제네시스,제네시스,True
TEST_05031,뉴_티구안_2012_2016,기타 독일차,기타 독일차,True
TEST_05032,6시리즈_GT_G32_2018_2020,BMW,BMW,True
TEST_05033,X7_G07_2023_2025,BMW,BMW,True
TEST_05034,2008_2015_2017,기타,기타,True
TEST_05035,더_뉴_투싼_NX4_2023_2025,현대,현대,True
TEST_05036,CLS_클래스_W218_2012_2017,벤츠,벤츠,True
TEST_05037,익스플로러_2018_2019,미국,미국,True
TEST_05038,티볼리_아머_2018_2019,기타,기타,True
TEST_05039,더_뉴_G70_2021_2025,제네시스,제네시스,True
TEST_05040,디_올뉴코나_2023_2025,현대,현대,True
TEST_05041,에쿠스_신형_2010_2015,현대,현대,True
TEST_05042,에비에이터_2세대_2020_2025,미국,미국,True
TEST_05043,그랜저_HG_2015_2017,현대,현대,True
TEST_05044,올_뉴_모닝_2012_2015,기아,기아,True
TEST_05045,V60_크로스컨트리_2세대_2020_2025,유럽 프리미엄,유럽 프리미엄,True
TEST_05046,그랜저_GN7_2023_2025,현대,현대,True
TEST_05047,그랜드_체로키_2014_2020,미국,미국,True
TEST_05048,아반떼_하이브리드_CN7_2021_2023,현대,현대,True
TEST_05049,e_트론_2020_2023,기타 독일차,기타 독일차,True
TEST_05050,뉴_SM5_플래티넘_2013_2014,일본/프랑스,일본/프랑스,True
TEST_05051,911_992_2020_2024,기타 독일차,기타 독일차,True
TEST_05052,토레스_2023_2025,기타,기타,True
TEST_05053,그랜드_체로키_WL_2021_2023,미국,미국,True
TEST_05054,라브4_5세대_2019_2024,일본/프랑스,일본/프랑스,True
TEST_05055,E_클래스_W214_2024_2025,벤츠,벤츠,True
TEST_05056,콜로라도_2020_2020,미국,미국,True
TEST_05057,더_넥스트_스파크_2016_2018,미국,미국,True
TEST_05058,더_기아_레이_EV_2024_2025,기아,기아,True
TEST_05059,콰트로포르테_2017_2022,일본/프랑스,유럽 프리미엄,False
TEST_05060,더_뉴스포티지R_2014_2016,기아,기아,True
TEST_05061,디스커버리_5_2022_2024,유럽 프리미엄,유럽 프리미엄,True
TEST_05062,렉스턴_스포츠_2018_2021,기타,기타,True
TEST_05063,트레일블레이저_2023,미국,미국,True
TEST_05064,XC60_2세대_2018_2021,유럽 프리미엄,유럽 프리미엄,True
TEST_05065,뉴_MKZ_2017_2020,미국,미국,True
TEST_05066,MKC_2015_2018,미국,미국,True
TEST_05067,X5_F15_2014_2018,BMW,BMW,True
TEST_05068,GV80_2020_2022,제네시스,제네시스,True
TEST_05069,쿠퍼_클럽맨_2016_2024,기타 독일차,기타 독일차,True
TEST_05070,GLE_클래스_W166_2016_2018,벤츠,벤츠,True
TEST_05071,G80_RG3_2021_2023,제네시스,제네시스,True
TEST_05072,뉴_제타_2011_2016,기타 독일차,기타 독일차,True
TEST_05073,4시리즈_F32_2014_2020,BMW,BMW,True
TEST_05074,임팔라_2016_2019,미국,미국,True
TEST_05075,8시리즈_G15_2020_2024,BMW,BMW,True
TEST_05076,GLE_클래스_W166_2016_2018,벤츠,벤츠,True
TEST_05077,마칸_2019_2021,기타 독일차,기타 독일차,True
TEST_05078,익스플로러_2018_2019,미국,미국,True
TEST_05079,뉴_A6_2012_2014,기타 독일차,기타 독일차,True
TEST_05080,레이_2012_2017,기아,기아,True
TEST_05081,S90_2017_2020,유럽 프리미엄,유럽 프리미엄,True
TEST_05082,레인지로버_5세대_2023_2024,유럽 프리미엄,유럽 프리미엄,True
TEST_05083,베리_뉴_티볼리_2020_2023,기타,기타,True
TEST_05084,K5_하이브리드_3세대_2020_2023,기아,기아,True
TEST_05085,임팔라_2016_2019,미국,미국,True
TEST_05086,시에나_4세대_2021_2024,일본/프랑스,일본/프랑스,True
TEST_05087,아반떼_N_2022_2023,현대,현대,True
TEST_05088,LF_쏘나타_2015_2017,현대,현대,True
TEST_05089,Q7_4M_2020_2023,기타 독일차,기타 독일차,True
TEST_05090,Q50_2014_2017,일본/프랑스,일본/프랑스,True
TEST_05091,모닝_어반_JA_2021_2023,기아,기아,True
TEST_05092,캠리_XV70_2018_2024,일본/프랑스,일본/프랑스,True
TEST_05093,싼타페_MX5_2024_2025,현대,현대,True
TEST_05094,아이오닉5_2022_2023,현대,현대,True
TEST_05095,GLC_클래스_X253_2017_2019,벤츠,벤츠,True
TEST_05096,올_뉴_쏘렌토_2015_2017,기아,기아,True
TEST_05097,XM3_2024,일본/프랑스,일본/프랑스,True
TEST_05098,EQE_V295_2022_2024,벤츠,벤츠,True
TEST_05099,New_XF_2012_2015,유럽 프리미엄,유럽 프리미엄,True
TEST_05100,G70_2018_2020,제네시스,제네시스,True
TEST_05101,더_뉴_말리부_2019_2022,미국,미국,True
TEST_05102,트레일블레이저_2023,미국,미국,True
TEST_05103,A8_D5_2018_2023,기타 독일차,기타 독일차,True
TEST_05104,싼타페_TM_2019_2020,현대,현대,True
TEST_05105,트랙스_크로스오버_2024_2025,미국,미국,True
TEST_05106,트래버스_2020_2023,미국,미국,True
TEST_05107,코나_SX2_2023_2025,현대,현대,True
TEST_05108,더_뉴_아반떼_CN7_2023_2025,현대,현대,True
TEST_05109,렉스턴_스포츠_칸_2019_2020,기타,기타,True
TEST_05110,아반떼_하이브리드_CN7_2021_2023,현대,현대,True
TEST_05111,5시리즈_G30_2017_2023,BMW,BMW,True
TEST_05112,레인지로버_벨라_2018_2019,유럽 프리미엄,유럽 프리미엄,True
TEST_05113,레이_2012_2017,기아,기아,True
TEST_05114,박스터_718_2017_2024,기타 독일차,기타 독일차,True
TEST_05115,GV70_2021_2023,제네시스,제네시스,True
TEST_05116,XC60_2세대_2018_2021,유럽 프리미엄,유럽 프리미엄,True
TEST_05117,EQE_V295_2022_2024,벤츠,벤츠,True
TEST_05118,더_K9_2019_2021,기아,기아,True
TEST_05119,Q30_2017_2019,일본/프랑스,일본/프랑스,True
TEST_05120,3시리즈_E90_2005_2012,BMW,BMW,True
TEST_05121,임팔라_2016_2019,미국,미국,True
TEST_05122,GV70_2021_2023,제네시스,제네시스,True
TEST_05123,티볼리_에어_2016_2019,기타,기타,True
TEST_05124,더_뉴_아반떼_CN7_2023_2025,현대,현대,True
TEST_05125,뉴_스타일_코란도_C_2017_2019,기타,기타,True
TEST_05126,아반떼_N_2022_2023,현대,현대,True
TEST_05127,CLA_클래스_C118_2020_2025,벤츠,벤츠,True
TEST_05128,911_2003_2019,기타 독일차,기타 독일차,True
TEST_05129,S_클래스_W222_2014_2020,벤츠,벤츠,True
TEST_05130,쿠퍼_컨버터블_2016_2024,기타 독일차,기타 독일차,True
TEST_05131,4시리즈_G22_2021_2023,BMW,BMW,True
TEST_05132,3시리즈_G20_2019_2022,BMW,BMW,True
TEST_05133,콜로라도_2020_2020,미국,미국,True
TEST_05134,X7_G07_2023_2025,BMW,BMW,True
TEST_05135,레인지로버_4세대_2014_2017,유럽 프리미엄,유럽 프리미엄,True
TEST_05136,QX60_2016_2018,일본/프랑스,일본/프랑스,True
TEST_05137,X6_F16_2015_2019,BMW,BMW,True
TEST_05138,A_클래스_W177_2020_2025,벤츠,벤츠,True
TEST_05139,M2_F87_2016_2021,BMW,BMW,True
TEST_05140,스토닉_2018_2020,기아,기아,True
TEST_05141,디_올_뉴_스포티지_2022_2024,기아,기아,True
TEST_05142,더_뉴_그랜드_스타렉스_2018_2021,현대,현대,True
TEST_05143,아이오닉6_2023_2025,현대,현대,True
TEST_05144,3008_2세대_2018_2023,기타,기타,True
TEST_05145,XC90_2세대_2017_2019,유럽 프리미엄,유럽 프리미엄,True
TEST_05146,XC60_2세대_2018_2021,유럽 프리미엄,유럽 프리미엄,True
TEST_05147,더_뉴_아반떼_CN7_2023_2025,현대,현대,True
TEST_05148,프리우스_C_2018_2020,일본/프랑스,일본/프랑스,True
TEST_05149,GLC_클래스_X253_2020_2022,벤츠,벤츠,True
TEST_05150,더_뉴_쏘렌토_4세대_2024_2025,기아,기아,True
TEST_05151,더_뉴_QM6_2020_2023,일본/프랑스,일본/프랑스,True
TEST_05152,코나_2018_2020,현대,현대,True
TEST_05153,디_올뉴그랜저_2023_2025,현대,현대,True
TEST_05154,디_올뉴니로EV_2023_2024,기아,기아,True
TEST_05155,e_트론_2020_2023,기타 독일차,기타 독일차,True
TEST_05156,더_뉴_팰리세이드_2023_2024,현대,현대,True
TEST_05157,모델_3_2024_2025,미국,미국,True
TEST_05158,그랜저_HG_2015_2017,현대,현대,True
TEST_05159,올_뉴_K7_하이브리드_2017_2019,기아,기아,True
TEST_05160,카니발_4세대_2022_2023,기아,기아,True
TEST_05161,트레일블레이저_2021_2022,미국,미국,True
TEST_05162,레인지로버_스포츠_2세대_2013_2017,유럽 프리미엄,유럽 프리미엄,True
TEST_05163,티구안_올스페이스_2018_2023,기타 독일차,기타 독일차,True
TEST_05164,1시리즈_F20_2013_2015,BMW,BMW,True
TEST_05165,뉴쏘렌토_R_2013_2014,기아,기아,True
TEST_05166,더_뉴_K5_2세대_2019_2020,기아,기아,True
TEST_05167,모하비_더_마스터_2020_2024,기아,기아,True
TEST_05168,5시리즈_F10_2010_2016,BMW,BMW,True
TEST_05169,레니게이드_2015_2017,미국,미국,True
TEST_05170,M4_F82_2015_2020,BMW,BMW,True
TEST_05171,뉴_G80_2025_2026,제네시스,제네시스,True
TEST_05172,그랜저TG_2007_2008,현대,현대,True
TEST_05173,더_뉴_말리부_2019_2022,미국,미국,True
TEST_05174,익스플로러_2018_2019,미국,미국,True
TEST_05175,레인지로버_이보크_2세대_2023_2024,유럽 프리미엄,유럽 프리미엄,True
TEST_05176,SM7_뉴아트_2008_2011,일본/프랑스,일본/프랑스,True
TEST_05177,Q7_4M_2016_2019,기타 독일차,기타 독일차,True
TEST_05178,파사트_GT_B8_2018_2022,기타 독일차,기타 독일차,True
TEST_05179,익스플로러_2018_2019,미국,미국,True
TEST_05180,S90_2017_2020,유럽 프리미엄,유럽 프리미엄,True
TEST_05181,기블리_2014_2023,유럽 프리미엄,유럽 프리미엄,True
TEST_05182,EV9_2024_2025,기아,기아,True
TEST_05183,1시리즈_F20_2016_2019,BMW,BMW,True
TEST_05184,그랜드_스타렉스_2016_2018,현대,현대,True
TEST_05185,뉴_ES300h_2016_2018,일본/프랑스,일본/프랑스,True
TEST_05186,올_뉴_모닝_JA_2017_2020,기아,기아,True
TEST_05187,GLE_클래스_W166_2016_2018,벤츠,벤츠,True
TEST_05188,XM3_2024,일본/프랑스,일본/프랑스,True
TEST_05189,뉴_QM5_2012_2014,일본/프랑스,일본/프랑스,True
TEST_05190,QM6_2017_2019,일본/프랑스,일본/프랑스,True
TEST_05191,스토닉_2018_2020,기아,기아,True
TEST_05192,컴패스_2세대_2018_2022,미국,미국,True
TEST_05193,M4_F82_2015_2020,BMW,BMW,True
TEST_05194,Q5_FY_2020,기타 독일차,기타 독일차,True
TEST_05195,뉴_체어맨_W_2012_2016,기타,기타,True
TEST_05196,쿠퍼_클럽맨_2016_2024,기타 독일차,기타 독일차,True
TEST_05197,아반떼_CN7_2021_2023,현대,현대,True
TEST_05198,X5_G05_2019_2023,BMW,BMW,True
TEST_05199,K5_3세대_하이브리드_2020_2022,기아,기아,True
TEST_05200,6시리즈_GT_G32_2018_2020,BMW,BMW,True
TEST_05201,3시리즈_G20_2023_2025,BMW,BMW,True
TEST_05202,5008_2세대_2018_2019,기타,기타,True
TEST_05203,XC60_2세대_2018_2021,유럽 프리미엄,유럽 프리미엄,True
TEST_05204,레인지로버_스포츠_2세대_2018_2022,유럽 프리미엄,유럽 프리미엄,True
TEST_05205,더_뉴_모닝_JA_2024_2025,기아,기아,True
TEST_05206,AMG_GT_2016_2024,벤츠,벤츠,True
TEST_05207,올_뉴_카니발_2015_2019,기아,기아,True
TEST_05208,X4_G02_2022_2025,BMW,BMW,True
TEST_05209,더_기아_레이_EV_2024_2025,기아,기아,True
TEST_05210,GV80_2024_2025,제네시스,제네시스,True
TEST_05211,프리우스_4세대_2016_2018,일본/프랑스,일본/프랑스,True
TEST_05212,에스컬레이드_5세대_2021_2024,미국,미국,True
TEST_05213,E_클래스_W212_2010_2016,벤츠,벤츠,True
TEST_05214,아반떼_하이브리드_CN7_2021_2023,현대,현대,True
TEST_05215,5시리즈_F10_2010_2016,BMW,BMW,True
TEST_05216,K5_하이브리드_3세대_2020_2023,기아,기아,True
TEST_05217,더_뉴_스파크_2019_2022,미국,미국,True
TEST_05218,더_뉴_그랜드_스타렉스_2018_2021,현대,현대,True
TEST_05219,1시리즈_F20_2013_2015,BMW,BMW,True
TEST_05220,CLA_클래스_C118_2020_2025,벤츠,벤츠,True
TEST_05221,뷰티풀_코란도_2019_2024,기타,기타,True
TEST_05222,레인지로버_벨라_2018_2019,유럽 프리미엄,유럽 프리미엄,True
TEST_05223,엑센트_신형_2011_2019,현대,현대,True
TEST_05224,K8_2022_2024,기아,기아,True
TEST_05225,더_뉴_코란도_스포츠_2016_2018,기타,기타,True
TEST_05226,쏘렌토_4세대_2021_2023,현대,현대,True
TEST_05227,X1_F48_2016_2019,BMW,BMW,True
TEST_05228,더_뉴_니로_2020_2022,기아,기아,True
TEST_05229,그랜저_GN7_2023_2025,현대,현대,True
TEST_05230,레인지로버_5세대_2023_2024,유럽 프리미엄,유럽 프리미엄,True
TEST_05231,몬데오_4세대_2015_2020,미국,미국,True
TEST_05232,V40_2015_2018,유럽 프리미엄,유럽 프리미엄,True
TEST_05233,더_뉴_QM6_2020_2023,일본/프랑스,일본/프랑스,True
TEST_05234,더_뉴_투싼_NX4_2023_2025,현대,현대,True
TEST_05235,K5_3세대_2020_2023,기아,기아,True
TEST_05236,그랜드카니발_2006_2010,기아,기아,True
TEST_05237,뉴_카이엔_2011_2018,기타 독일차,기타 독일차,True
TEST_05238,그랜드_체로키_WL_2021_2023,미국,미국,True
TEST_05239,3시리즈_F30_2013_2018,BMW,BMW,True
TEST_05240,컨티넨탈_GT_2세대_2012_2017,유럽 프리미엄,유럽 프리미엄,True
TEST_05241,AMG_GT_2016_2024,벤츠,벤츠,True
TEST_05242,CLS_클래스_W218_2012_2017,벤츠,벤츠,True
TEST_05243,모델_3_2019_2022,미국,미국,True
TEST_05244,더_뉴_쏘렌토_2018_2020,기아,기아,True
TEST_05245,모하비_더_마스터_2020_2024,기아,기아,True
TEST_05246,A8_D5_2018_2023,기타 독일차,기타 독일차,True
TEST_05247,트랙스_2013_2016,미국,미국,True
TEST_05248,렉스턴_스포츠_2018_2021,기타,기타,True
TEST_05249,티볼리_아머_2018_2019,기타,기타,True
TEST_05250,3시리즈_E90_2005_2012,BMW,BMW,True
TEST_05251,그랜드_체로키_WL_2021_2023,미국,미국,True
TEST_05252,파사트_GT_B8_2018_2022,기타 독일차,기타 독일차,True
TEST_05253,SM6_2016_2020,일본/프랑스,일본/프랑스,True
TEST_05254,쏘나타_DN8_2020_2023,현대,현대,True
TEST_05255,A7_4K_2020_2024,기타 독일차,기타 독일차,True
TEST_05256,G4_렉스턴_2018_2020,기타,기타,True
TEST_05257,G_클래스_W463_2009_2017,벤츠,벤츠,True
TEST_05258,레인지로버_이보크_2016_2019,유럽 프리미엄,유럽 프리미엄,True
TEST_05259,더_뉴_코란도_스포츠_2016_2018,기타,기타,True
TEST_05260,콜로라도_2020_2020,미국,미국,True
TEST_05261,셀토스_2020_2023,기아,기아,True
TEST_05262,올_뉴_말리부_2017_2018,미국,미국,True
TEST_05263,더_뉴_맥스크루즈_2016_2018,현대,현대,True
TEST_05264,뉴_스타일_코란도_C_2017_2019,기타,기타,True
TEST_05265,셀토스_2020_2023,기아,기아,True
TEST_05266,뉴_A6_2012_2014,기타 독일차,기타 독일차,True
TEST_05267,SM5_노바_2015_2019,일본/프랑스,일본/프랑스,True
TEST_05268,G80_RG3_2021_2023,제네시스,제네시스,True
TEST_05269,XC40_2019_2022,유럽 프리미엄,유럽 프리미엄,True
TEST_05270,뉴_MKZ_2017_2020,미국,미국,True
TEST_05271,쏘나타_디_엣지_DN8_2024_2025,현대,현대,True
TEST_05272,5시리즈_G30_2017_2023,BMW,BMW,True
TEST_05273,액티언_2세대_2025,기타,기타,True
TEST_05274,2시리즈_액티브_투어러_F45_2019_2021,BMW,BMW,True
TEST_05275,더_뉴_K3_2016_2018,기아,기아,True
TEST_05276,올_뉴_모닝_JA_2017_2020,기아,기아,True
TEST_05277,니로_2017_2019,기아,기아,True
TEST_05278,X4_F26_2015_2018,BMW,BMW,True
TEST_05279,더_뉴_K7_2013_2016,기아,기아,True
TEST_05280,5시리즈_G30_2017_2023,BMW,BMW,True
TEST_05281,MKC_2015_2018,미국,미국,True
TEST_05282,GLB_클래스_X247_2020_2023,벤츠,벤츠,True
TEST_05283,디스커버리_스포츠_2세대_2020_2025,유럽 프리미엄,유럽 프리미엄,True
TEST_05284,트레일블레이저_2023,미국,미국,True
TEST_05285,레이_2012_2017,기아,기아,True
TEST_05286,EQ900_2016_2018,제네시스,제네시스,True
TEST_05287,RAV4_5세대_2019_2024,일본/프랑스,일본/프랑스,True
TEST_05288,GLC_클래스_X253_2023,벤츠,벤츠,True
TEST_05289,4시리즈_G22_2024_2025,BMW,BMW,True
TEST_05290,더_올뉴투싼_하이브리드_2021_2023,현대,현대,True
TEST_05291,올_뉴_K7_하이브리드_2017_2019,기아,기아,True
TEST_05292,SM5_노바_2015_2019,일본/프랑스,일본/프랑스,True
TEST_05293,S90_2017_2020,유럽 프리미엄,유럽 프리미엄,True
TEST_05294,쿠퍼_컨버터블_2016_2024,기타 독일차,기타 독일차,True
TEST_05295,뉴_카이엔_2011_2018,기타 독일차,기타 독일차,True
TEST_05296,올_뉴_모닝_JA_2017_2020,기아,기아,True
TEST_05297,더_올뉴G80_2021_2024,현대,현대,True
TEST_05298,더_뉴_K5_3세대_2024_2025,기아,기아,True
TEST_05299,더_뉴_아반떼_AD_2019_2020,현대,현대,True
TEST_05300,3시리즈_E90_2005_2012,BMW,BMW,True
TEST_05301,디스커버리_스포츠_2세대_2020_2025,유럽 프리미엄,유럽 프리미엄,True
TEST_05302,뉴_QM5_2012_2014,일본/프랑스,일본/프랑스,True
TEST_05303,S90_2021_2025,유럽 프리미엄,유럽 프리미엄,True
TEST_05304,911_2003_2019,BMW,기타 독일차,False
TEST_05305,그랜저_HG_2011_2014,현대,현대,True
TEST_05306,머스탱_2015_2023,미국,미국,True
TEST_05307,컨티넨탈_GT_3세대_2018_2023,유럽 프리미엄,유럽 프리미엄,True
TEST_05308,뉴_GV80_2024_2025,제네시스,제네시스,True
TEST_05309,더_뉴_아반떼_CN7_2023_2025,현대,현대,True
TEST_05310,레니게이드_2015_2017,미국,미국,True
TEST_05311,Q3_F3_2020_2024,기타 독일차,기타 독일차,True
TEST_05312,마칸_2022_2024,기타 독일차,기타 독일차,True
TEST_05313,올_뉴_투싼_TL_2019_2020,현대,현대,True
TEST_05314,GLS_클래스_X166_2017_2019,벤츠,벤츠,True
TEST_05315,더_올뉴G80_2021_2024,현대,현대,True
TEST_05316,스토닉_2018_2020,기아,기아,True
TEST_05317,티볼리_에어_2016_2019,기타,기타,True
TEST_05318,렉스턴_스포츠_칸_2019_2020,기타,기타,True
TEST_05319,레인지로버_스포츠_2세대_2018_2022,유럽 프리미엄,유럽 프리미엄,True
TEST_05320,뉴_SM5_임프레션_2008_2010,일본/프랑스,일본/프랑스,True
TEST_05321,Z4_G29_2019_2025,BMW,BMW,True
TEST_05322,아이오닉5_2022_2023,현대,현대,True
TEST_05323,코나_SX2_2023_2025,현대,현대,True
TEST_05324,S_클래스_W221_2006_2013,벤츠,벤츠,True
TEST_05325,더_뉴_아반떼_2014_2016,현대,현대,True
TEST_05326,레인지로버_4세대_2018_2022,유럽 프리미엄,유럽 프리미엄,True
TEST_05327,엑센트_신형_2011_2019,현대,현대,True
TEST_05328,XE_2016_2019,유럽 프리미엄,유럽 프리미엄,True
TEST_05329,New_XF_2012_2015,유럽 프리미엄,유럽 프리미엄,True
TEST_05330,5시리즈_F10_2010_2016,BMW,BMW,True
TEST_05331,렉스턴_스포츠_2018_2021,기타,기타,True
TEST_05332,S90_2017_2020,유럽 프리미엄,유럽 프리미엄,True
TEST_05333,레니게이드_2019_2023,미국,미국,True
TEST_05334,Q30_2017_2019,일본/프랑스,일본/프랑스,True
TEST_05335,알티마_2017_2018,일본/프랑스,일본/프랑스,True
TEST_05336,GLC_클래스_X253_2017_2019,벤츠,벤츠,True
TEST_05337,CLS_클래스_C257_2019_2023,벤츠,벤츠,True
TEST_05338,K5_3세대_하이브리드_2020_2022,기아,기아,True
TEST_05339,콰트로포르테_2014_2016,유럽 프리미엄,유럽 프리미엄,True
TEST_05340,더_뉴_렉스턴_스포츠_칸_2021_2025,기타,기타,True
TEST_05341,쿠퍼_컨트리맨_2012_2015,기타 독일차,기타 독일차,True
TEST_05342,M4_F82_2015_2020,BMW,BMW,True
TEST_05343,GLE_클래스_W166_2016_2018,벤츠,벤츠,True
TEST_05344,시에나_4세대_2021_2024,일본/프랑스,일본/프랑스,True
TEST_05345,G70_2018_2020,제네시스,제네시스,True
TEST_05346,F_PACE_2017_2019,유럽 프리미엄,유럽 프리미엄,True
TEST_05347,RAV4_2016_2018,일본/프랑스,일본/프랑스,True
TEST_05348,쏘나타_디_엣지_DN8_2024_2025,현대,현대,True
TEST_05349,그랜드_스타렉스_2016_2018,현대,현대,True
TEST_05350,더_뉴_K9_2세대_2022_2025,기아,기아,True
TEST_05351,XM3_2024,일본/프랑스,일본/프랑스,True
TEST_05352,YF쏘나타_하이브리드_2011_2015,현대,현대,True
TEST_05353,더_뉴_코나_2021_2023,현대,현대,True
TEST_05354,엑센트_신형_2011_2019,현대,현대,True
TEST_05355,3시리즈_F30_2013_2018,BMW,BMW,True
TEST_05356,더_올뉴G80_2021_2024,현대,현대,True
TEST_05357,카이엔_PO536_2019_2023,기타 독일차,기타 독일차,True
TEST_05358,올_뉴_투싼_TL_2019_2020,현대,현대,True
TEST_05359,Q5_FY_2021_2024,기타 독일차,기타 독일차,True
TEST_05360,레인지로버_4세대_2014_2017,유럽 프리미엄,유럽 프리미엄,True
TEST_05361,벨로스터_JS_2018_2020,현대,현대,True
TEST_05362,마칸_2014_2018,기타 독일차,기타 독일차,True
TEST_05363,A6_C8_2019_2025,기타 독일차,기타 독일차,True
TEST_05364,X4_G02_2019_2021,BMW,BMW,True
TEST_05365,더_뉴_쏘렌토_4세대_2024_2025,기아,기아,True
TEST_05366,어코드_10세대_2018_2022,일본/프랑스,일본/프랑스,True
TEST_05367,S_클래스_W222_2014_2020,벤츠,벤츠,True
TEST_05368,스포티지_4세대_2016_2018,기아,기아,True
TEST_05369,뉴_MKZ_2017_2020,미국,미국,True
TEST_05370,K5_하이브리드_3세대_2020_2023,기아,기아,True
TEST_05371,M4_F82_2015_2020,BMW,BMW,True
TEST_05372,XJ_8세대_2010_2019,유럽 프리미엄,유럽 프리미엄,True
TEST_05373,니로_2017_2019,기아,기아,True
TEST_05374,올_뉴_카니발_2015_2019,기아,기아,True
TEST_05375,더_뉴_니로_2020_2022,기아,기아,True
TEST_05376,뉴_제타_2011_2016,기타 독일차,기타 독일차,True
TEST_05377,더_뉴스포티지R_2014_2016,기아,기아,True
TEST_05378,X6_F16_2015_2019,BMW,BMW,True
TEST_05379,타이칸_2021_2025,기타 독일차,기타 독일차,True
TEST_05380,뉴QM3_2018_2019,일본/프랑스,일본/프랑스,True
TEST_05381,X7_G07_2019_2022,BMW,BMW,True
TEST_05382,렉스턴_스포츠_2018_2021,기타,기타,True
TEST_05383,디_올뉴니로_2022_2025,기아,기아,True
TEST_05384,4시리즈_F32_2014_2020,BMW,BMW,True
TEST_05385,벨로스터_JS_2018_2020,현대,현대,True
TEST_05386,911_992_2020_2024,기타 독일차,기타 독일차,True
TEST_05387,LF_쏘나타_2015_2017,현대,현대,True
TEST_05388,라브4_4세대_2013_2018,일본/프랑스,일본/프랑스,True
TEST_05389,X6_G06_2024_2025,BMW,BMW,True
TEST_05390,레인지로버_벨라_2018_2019,유럽 프리미엄,유럽 프리미엄,True
TEST_05391,더_뉴_K5_3세대_2024_2025,기아,기아,True
TEST_05392,코세어_2020_2022,미국,미국,True
TEST_05393,뉴_MKZ_2017_2020,벤츠,미국,False
TEST_05394,C_클래스_W204_2008_2015,벤츠,벤츠,True
TEST_05395,더_뉴_그랜저_IG_2020_2023,현대,현대,True
TEST_05396,디_올뉴그랜저_2023_2025,현대,현대,True
TEST_05397,더_넥스트_스파크_2016_2018,미국,미국,True
TEST_05398,일렉트리파이드_GV70_2022_2024,제네시스,제네시스,True
TEST_05399,iX_2022_2024,BMW,BMW,True
TEST_05400,4시리즈_F32_2014_2020,BMW,BMW,True
TEST_05401,뉴QM3_2018_2019,일본/프랑스,일본/프랑스,True
TEST_05402,더_뉴_파사트_2012_2019,기타 독일차,기타 독일차,True
TEST_05403,Q5_FY_2021_2024,기타 독일차,기타 독일차,True
TEST_05404,Q30_2017_2019,일본/프랑스,일본/프랑스,True
TEST_05405,모델_Y_2021_2025,미국,미국,True
TEST_05406,쿠퍼_클럽맨_2016_2024,기타 독일차,기타 독일차,True
TEST_05407,X6_F16_2015_2019,BMW,BMW,True
TEST_05408,7시리즈_F01_2009_2015,BMW,BMW,True
TEST_05409,더_뉴_그랜드_스타렉스_2018_2021,현대,현대,True
TEST_05410,더_뉴_QM6_2024_2025,일본/프랑스,일본/프랑스,True
TEST_05411,그랜드_체로키_2014_2020,미국,미국,True
TEST_05412,그랜드_체로키_WL_2021_2023,미국,미국,True
TEST_05413,X6_G06_2020_2023,BMW,BMW,True
TEST_05414,알티마_2017_2018,일본/프랑스,일본/프랑스,True
TEST_05415,더_뉴_모닝_2015_2016,기아,기아,True
TEST_05416,올_뉴_카니발_2015_2019,기아,기아,True
TEST_05417,쏘나타_디_엣지_DN8_2024_2025,현대,현대,True
TEST_05418,니로_2017_2019,기아,기아,True
TEST_05419,XM3_2024,일본/프랑스,일본/프랑스,True
TEST_05420,G80_RG3_2021_2023,제네시스,제네시스,True
TEST_05421,레인지로버_4세대_2018_2022,유럽 프리미엄,유럽 프리미엄,True
TEST_05422,i30_PD_2017_2018,현대,현대,True
TEST_05423,더_뉴_레이_2018_2022,기아,기아,True
TEST_05424,GLE_클래스_W166_2016_2018,벤츠,벤츠,True
TEST_05425,EQS_V297_2022_2023,벤츠,벤츠,True
TEST_05426,Q30_2017_2019,일본/프랑스,일본/프랑스,True
TEST_05427,쏘렌토_4세대_2021_2023,현대,현대,True
TEST_05428,2시리즈_액티브_투어러_F45_2019_2021,BMW,BMW,True
TEST_05429,모델_3_2019_2022,미국,미국,True
TEST_05430,K5_하이브리드_3세대_2020_2023,기아,기아,True
TEST_05431,XE_2016_2019,유럽 프리미엄,유럽 프리미엄,True
TEST_05432,더_뉴_카니발_2019_2020,기아,기아,True
TEST_05433,Q3_F3_2020_2024,기타 독일차,기타 독일차,True
TEST_05434,6시리즈_GT_G32_2021_2024,BMW,BMW,True
TEST_05435,G4_렉스턴_2018_2020,기타,기타,True
TEST_05436,파일럿_3세대_2016_2018,일본/프랑스,일본/프랑스,True
TEST_05437,GLC_클래스_X253_2017_2019,벤츠,벤츠,True
TEST_05438,X7_G07_2019_2022,BMW,BMW,True
TEST_05439,V60_크로스컨트리_2세대_2020_2025,유럽 프리미엄,유럽 프리미엄,True
TEST_05440,GLC_클래스_X253_2023,벤츠,벤츠,True
TEST_05441,엑센트_신형_2011_2019,현대,현대,True
TEST_05442,디_올뉴그랜저_2023_2025,현대,현대,True
TEST_05443,디_올뉴그랜저_2023_2025,현대,현대,True
TEST_05444,더_뉴_말리부_2019_2022,미국,미국,True
TEST_05445,3시리즈_G20_2023_2025,BMW,BMW,True
TEST_05446,더_뉴_QM6_2020_2023,일본/프랑스,일본/프랑스,True
TEST_05447,GV80_2020_2022,제네시스,제네시스,True
TEST_05448,티볼리_아머_2018_2019,기타,기타,True
TEST_05449,Q7_4M_2016_2019,기타 독일차,기타 독일차,True
TEST_05450,뷰티풀_코란도_2019_2024,기타,기타,True
TEST_05451,i4_2022_2024,BMW,BMW,True
TEST_05452,아슬란_2015_2018,현대,현대,True
TEST_05453,All_New_XJ_2016_2019,유럽 프리미엄,유럽 프리미엄,True
TEST_05454,7시리즈_G11_2016_2018,BMW,BMW,True
TEST_05455,스포티지_5세대_2022_2024,기아,기아,True
TEST_05456,티구안_올스페이스_2018_2023,기타 독일차,기타 독일차,True
TEST_05457,X4_F26_2015_2018,BMW,BMW,True
TEST_05458,디스커버리_5_2022_2024,유럽 프리미엄,유럽 프리미엄,True
TEST_05459,A7_2012_2016,기타 독일차,기타 독일차,True
TEST_05460,티볼리_2015_2018,기타,기타,True
TEST_05461,올_뉴_말리부_2017_2018,미국,미국,True
TEST_05462,더_뉴_니로_2020_2022,기아,기아,True
TEST_05463,쿠퍼_컨버터블_2016_2024,기타 독일차,기타 독일차,True
TEST_05464,QX60_2016_2018,일본/프랑스,일본/프랑스,True
TEST_05465,콰트로포르테_2017_2022,유럽 프리미엄,유럽 프리미엄,True
TEST_05466,랭글러_JK_2009_2017,미국,미국,True
TEST_05467,올_뉴_카니발_2015_2019,기아,기아,True
TEST_05468,디스커버리_5_2022_2024,유럽 프리미엄,유럽 프리미엄,True
TEST_05469,All_New_XJ_2016_2019,유럽 프리미엄,유럽 프리미엄,True
TEST_05470,레인지로버_이보크_2세대_2023_2024,유럽 프리미엄,유럽 프리미엄,True
TEST_05471,더_뉴_기아_레이_2022_2025,기아,기아,True
TEST_05472,그랜드_체로키_2014_2020,미국,미국,True
TEST_05473,LF_쏘나타_2015_2017,현대,현대,True
TEST_05474,그랜저_GN7_2023_2025,현대,현대,True
TEST_05475,스팅어_마이스터_2021_2023,기아,기아,True
TEST_05476,Q50_2014_2017,일본/프랑스,일본/프랑스,True
TEST_05477,그랜저_HG_2011_2014,현대,현대,True
TEST_05478,더_뉴_렉스턴_스포츠_2021_2025,기타,기타,True
TEST_05479,더_뉴_모닝_JA_2024_2025,기아,기아,True
TEST_05480,리얼_뉴_콜로라도_2021_2022,미국,미국,True
TEST_05481,S_클래스_W223_2021_2025,벤츠,벤츠,True
TEST_05482,M5_F90_2018_2023,BMW,BMW,True
TEST_05483,콰트로포르테_2017_2022,유럽 프리미엄,유럽 프리미엄,True
TEST_05484,XJ_8세대_2010_2019,유럽 프리미엄,유럽 프리미엄,True
TEST_05485,더_뉴_모하비_2017_2019,기아,기아,True
TEST_05486,4시리즈_F32_2014_2020,BMW,BMW,True
TEST_05487,SM3_네오_2015_2019,일본/프랑스,일본/프랑스,True
TEST_05488,뉴_ES300h_2013_2015,일본/프랑스,일본/프랑스,True
TEST_05489,올_뉴_K7_하이브리드_2017_2019,기아,기아,True
TEST_05490,X4_G02_2022_2025,BMW,BMW,True
TEST_05491,쿠퍼_클럽맨_2016_2024,기타 독일차,기타 독일차,True
TEST_05492,스팅어_마이스터_2021_2023,기아,기아,True
TEST_05493,G70_2018_2020,제네시스,제네시스,True
TEST_05494,GLS_클래스_X167_2020_2024,벤츠,벤츠,True
TEST_05495,XM3_2024,일본/프랑스,일본/프랑스,True
TEST_05496,X3_G01_2018_2021,BMW,BMW,True
TEST_05497,A_클래스_W176_2015_2018,벤츠,벤츠,True
TEST_05498,C_클래스_W206_2022_2024,벤츠,벤츠,True
TEST_05499,6시리즈_GT_G32_2021_2024,BMW,BMW,True
TEST_05500,넥쏘_2018_2024,현대,현대,True
TEST_05501,베리_뉴_티볼리_2020_2023,기타,기타,True
TEST_05502,머스탱_2015_2023,미국,미국,True
TEST_05503,라브4_4세대_2013_2018,일본/프랑스,일본/프랑스,True
TEST_05504,911_2003_2019,기타 독일차,기타 독일차,True
TEST_05505,V60_크로스컨트리_2세대_2020_2025,유럽 프리미엄,유럽 프리미엄,True
TEST_05506,G90_RS4_2022_2025,제네시스,제네시스,True
TEST_05507,2008_2015_2017,기타,기타,True
TEST_05508,쏘나타_뉴_라이즈_2018_2019,현대,현대,True
TEST_05509,더_뉴_모닝_JA_2024_2025,기아,기아,True
TEST_05510,체로키_KL_2019_2023,미국,미국,True
TEST_05511,그랑_콜레오스_2025,일본/프랑스,일본/프랑스,True
TEST_05512,3시리즈_E90_2005_2012,BMW,BMW,True
TEST_05513,스토닉_2018_2020,기아,기아,True
TEST_05514,더_뉴_모닝_2015_2016,기아,기아,True
TEST_05515,X4_G02_2019_2021,BMW,BMW,True
TEST_05516,스타리아_2022_2025,현대,현대,True
TEST_05517,A5_F5_2019_2024,기타 독일차,기타 독일차,True
TEST_05518,그랑_콜레오스_2025,일본/프랑스,일본/프랑스,True
TEST_05519,아반떼_MD_2011_2014,현대,현대,True
TEST_05520,더_뉴_모닝_2015_2016,기아,기아,True
TEST_05521,골프_7세대_2013_2016,기타 독일차,기타 독일차,True
TEST_05522,X1_U11_2023_2024,BMW,BMW,True
TEST_05523,더_뉴_레이_2018_2022,기아,기아,True
TEST_05524,쿠퍼_컨트리맨_2016_2024,기타 독일차,기타 독일차,True
TEST_05525,X5_G05_2019_2023,BMW,BMW,True
TEST_05526,아반떼_MD_2011_2014,현대,현대,True
TEST_05527,X6_G06_2020_2023,BMW,BMW,True
TEST_05528,카이엔_PO536_2019_2023,기타 독일차,기타 독일차,True
TEST_05529,EV9_2024_2025,기아,기아,True
TEST_05530,EV6_2022_2024,기아,기아,True
TEST_05531,911_2003_2019,기타 독일차,기타 독일차,True
TEST_05532,S90_2021_2025,유럽 프리미엄,유럽 프리미엄,True
TEST_05533,G_클래스_W463_2009_2017,벤츠,벤츠,True
TEST_05534,5시리즈_F10_2010_2016,BMW,BMW,True
TEST_05535,Q3_F3_2020_2024,기타 독일차,기타 독일차,True
TEST_05536,X4_F26_2015_2018,BMW,BMW,True
TEST_05537,더_뉴_싼타페_2021_2023,현대,현대,True
TEST_05538,레인지로버_4세대_2014_2017,유럽 프리미엄,유럽 프리미엄,True
TEST_05539,코세어_2020_2022,미국,미국,True
TEST_05540,티볼리_에어_2021_2022,기타,기타,True
TEST_05541,A_클래스_W177_2020_2025,벤츠,벤츠,True
TEST_05542,마칸_2019_2021,기타 독일차,기타 독일차,True
TEST_05543,콰트로포르테_2014_2016,유럽 프리미엄,유럽 프리미엄,True
TEST_05544,티구안_올스페이스_2018_2023,기타 독일차,기타 독일차,True
TEST_05545,마칸_2014_2018,기타 독일차,기타 독일차,True
TEST_05546,A4_B9_2020_2024,기타 독일차,기타 독일차,True
TEST_05547,GV80_2024_2025,제네시스,제네시스,True
TEST_05548,더_뉴스포티지R_2014_2016,기아,기아,True
TEST_05549,V40_2015_2018,유럽 프리미엄,유럽 프리미엄,True
TEST_05550,그랜저_IG_2017_2019,현대,현대,True
TEST_05551,3시리즈_E90_2005_2012,BMW,BMW,True
TEST_05552,시에나_4세대_2021_2024,일본/프랑스,일본/프랑스,True
TEST_05553,더_뉴_니로_2020_2022,기아,기아,True
TEST_05554,디_올뉴코나_2023_2025,현대,현대,True
TEST_05555,레인지로버_스포츠_2세대_2013_2017,유럽 프리미엄,유럽 프리미엄,True
TEST_05556,Q7_4M_2020_2023,기타 독일차,기타 독일차,True
TEST_05557,SM3_네오_2015_2019,일본/프랑스,일본/프랑스,True
TEST_05558,디스커버리_4_2010_2016,유럽 프리미엄,유럽 프리미엄,True
TEST_05559,Q7_4M_2020_2023,기타 독일차,기타 독일차,True
TEST_05560,레인지로버_이보크_2세대_2020_2022,유럽 프리미엄,유럽 프리미엄,True
TEST_05561,레이_2012_2017,기아,기아,True
TEST_05562,X6_G06_2020_2023,BMW,BMW,True
TEST_05563,뉴_G80_2025_2026,제네시스,제네시스,True
TEST_05564,M2_F87_2016_2021,BMW,BMW,True
TEST_05565,더_뉴_카니발_2019_2020,기아,기아,True
TEST_05566,캐스퍼_2022_2024,현대,현대,True
TEST_05567,G4_렉스턴_2018_2020,기타,기타,True
TEST_05568,스팅어_2018_2020,기아,기아,True
TEST_05569,레이_2012_2017,기아,기아,True
TEST_05570,아반떼_하이브리드_CN7_2021_2023,현대,현대,True
TEST_05571,더_뉴_모닝_2015_2016,기아,기아,True
TEST_05572,콰트로포르테_2017_2022,유럽 프리미엄,유럽 프리미엄,True
TEST_05573,2시리즈_액티브_투어러_F45_2019_2021,BMW,BMW,True
TEST_05574,뉴_체어맨_W_2012_2016,기타,기타,True
TEST_05575,글래디에이터_JT_2020_2023,미국,미국,True
TEST_05576,싼타페_더_프라임_2016_2018,현대,현대,True
TEST_05577,4시리즈_F32_2014_2020,BMW,BMW,True
TEST_05578,투아렉_3세대_2020_2023,기타 독일차,기타 독일차,True
TEST_05579,넥쏘_2018_2024,현대,현대,True
TEST_05580,아테온_2018_2023,기타 독일차,기타 독일차,True
TEST_05581,디_올뉴그랜저_2023_2025,현대,현대,True
TEST_05582,올_뉴_모닝_2012_2015,기아,기아,True
TEST_05583,뉴_GV80_2024_2025,제네시스,제네시스,True
TEST_05584,Q3_F3_2020_2024,기타 독일차,기타 독일차,True
TEST_05585,X3_G01_2022_2024,BMW,BMW,True
TEST_05586,익스플로러_2018_2019,미국,미국,True
TEST_05587,CLA_클래스_C118_2020_2025,벤츠,벤츠,True
TEST_05588,A7_4K_2020_2024,기타 독일차,기타 독일차,True
TEST_05589,트랙스_크로스오버_2024_2025,미국,미국,True
TEST_05590,M2_F87_2016_2021,BMW,BMW,True
TEST_05591,아이오닉5_2022_2023,현대,현대,True
TEST_05592,기블리_2014_2023,유럽 프리미엄,유럽 프리미엄,True
TEST_05593,K8_하이브리드_2022_2024,기아,기아,True
TEST_05594,All_New_XJ_2016_2019,유럽 프리미엄,유럽 프리미엄,True
TEST_05595,MKC_2015_2018,미국,미국,True
TEST_05596,S60_3세대_2020_2024,유럽 프리미엄,유럽 프리미엄,True
TEST_05597,파나메라_2010_2016,기타 독일차,기타 독일차,True
TEST_05598,GV80_2024_2025,제네시스,제네시스,True
TEST_05599,아슬란_2015_2018,현대,현대,True
TEST_05600,스팅어_2018_2020,기아,기아,True
TEST_05601,르반떼_2017_2022,유럽 프리미엄,유럽 프리미엄,True
TEST_05602,머스탱_2015_2023,미국,미국,True
TEST_05603,E_클래스_W213_2021_2023,벤츠,벤츠,True
TEST_05604,스파크_2012_2015,미국,미국,True
TEST_05605,디스커버리_4_2010_2016,유럽 프리미엄,유럽 프리미엄,True
TEST_05606,4시리즈_G22_2021_2023,BMW,BMW,True
TEST_05607,더_뉴_모닝_JA_2024_2025,기아,기아,True
TEST_05608,프리우스_4세대_2019_2022,일본/프랑스,일본/프랑스,True
TEST_05609,911_992_2020_2024,기타 독일차,기타 독일차,True
TEST_05610,스파크_2012_2015,미국,미국,True
TEST_05611,더_뉴_파사트_2012_2019,기타 독일차,기타 독일차,True
TEST_05612,레인지로버_4세대_2014_2017,유럽 프리미엄,유럽 프리미엄,True
TEST_05613,X2_F39_2018_2023,BMW,BMW,True
TEST_05614,올_뉴_K7_하이브리드_2017_2019,기아,기아,True
TEST_05615,GLS_클래스_X166_2017_2019,벤츠,벤츠,True
TEST_05616,컨티넨탈_10세대_2017_2019,유럽 프리미엄,미국,False
TEST_05617,파사트_GT_B8_2018_2022,기타 독일차,기타 독일차,True
TEST_05618,그랜저_IG_2017_2019,현대,현대,True
TEST_05619,EQ900_2016_2018,제네시스,제네시스,True
TEST_05620,G80_2017_2020,제네시스,제네시스,True
TEST_05621,K8_하이브리드_2022_2024,기아,기아,True
TEST_05622,V60_크로스컨트리_2세대_2020_2025,유럽 프리미엄,유럽 프리미엄,True
TEST_05623,6시리즈_GT_G32_2018_2020,BMW,BMW,True
TEST_05624,1시리즈_F20_2016_2019,BMW,BMW,True
TEST_05625,C_클래스_W204_2008_2015,벤츠,벤츠,True
TEST_05626,티구안_올스페이스_2018_2023,기타 독일차,기타 독일차,True
TEST_05627,XC40_2019_2022,유럽 프리미엄,유럽 프리미엄,True
TEST_05628,뉴_티구안_2012_2016,기타 독일차,기타 독일차,True
TEST_05629,캐스퍼_2022_2024,현대,현대,True
TEST_05630,올_뉴_말리부_2017_2018,미국,미국,True
TEST_05631,아반떼_N_2022_2023,현대,현대,True
TEST_05632,X7_G07_2023_2025,BMW,BMW,True
TEST_05633,파일럿_3세대_2016_2018,일본/프랑스,일본/프랑스,True
TEST_05634,뉴_카이엔_2011_2018,기타 독일차,기타 독일차,True
TEST_05635,X4_G02_2019_2021,BMW,BMW,True
TEST_05636,베리_뉴_티볼리_2020_2023,기타,기타,True
TEST_05637,Q5_FY_2021_2024,기타 독일차,기타 독일차,True
TEST_05638,A6_C8_2019_2025,기타 독일차,기타 독일차,True
TEST_05639,SM5_노바_2015_2019,일본/프랑스,일본/프랑스,True
TEST_05640,카이엔_PO536_2019_2023,기타 독일차,기타 독일차,True
TEST_05641,올_뉴_모닝_2012_2015,기아,기아,True
TEST_05642,싼타페_더_프라임_2016_2018,현대,현대,True
TEST_05643,체로키_KL_2019_2023,미국,미국,True
TEST_05644,레인지로버_이보크_2세대_2020_2022,유럽 프리미엄,유럽 프리미엄,True
TEST_05645,3시리즈_GT_F34_2014_2021,BMW,BMW,True
TEST_05646,더_뉴_팰리세이드_2023_2024,현대,현대,True
TEST_05647,GLS_클래스_X166_2017_2019,벤츠,벤츠,True
TEST_05648,GLC_클래스_X254_2023_2025,벤츠,벤츠,True
TEST_05649,7시리즈_G11_2016_2018,BMW,BMW,True
TEST_05650,뉴_제타_2011_2016,기타 독일차,기타 독일차,True
TEST_05651,프리우스_C_2018_2020,일본/프랑스,일본/프랑스,True
TEST_05652,GLE_클래스_W167_2019_2024,벤츠,벤츠,True
TEST_05653,M5_F90_2018_2023,BMW,BMW,True
TEST_05654,X3_G01_2018_2021,BMW,BMW,True
TEST_05655,스포티지_5세대_2022_2024,기아,기아,True
TEST_05656,SM6_2016_2020,일본/프랑스,일본/프랑스,True
TEST_05657,A6_C8_2019_2025,기타 독일차,기타 독일차,True
TEST_05658,e_트론_2020_2023,기타 독일차,기타 독일차,True
TEST_05659,E_클래스_W213_2017_2020,벤츠,벤츠,True
TEST_05660,G_클래스_W463_2009_2017,벤츠,벤츠,True
TEST_05661,GLS_클래스_X167_2020_2024,벤츠,벤츠,True
TEST_05662,4시리즈_G22_2021_2023,BMW,BMW,True
TEST_05663,더_뉴_투싼_NX4_2023_2025,현대,현대,True
TEST_05664,디_올뉴싼타페_2024_2025,현대,현대,True
TEST_05665,아반떼_하이브리드_CN7_2021_2023,현대,현대,True
TEST_05666,더_올뉴G80_2021_2024,현대,현대,True
TEST_05667,뉴_QM6_2021_2023,일본/프랑스,일본/프랑스,True
TEST_05668,E_클래스_W212_2010_2016,벤츠,벤츠,True
TEST_05669,머스탱_2015_2023,미국,미국,True
TEST_05670,모하비_더_마스터_2020_2024,기아,기아,True
TEST_05671,타이칸_2021_2025,기타 독일차,기타 독일차,True
TEST_05672,뉴_G80_2025_2026,제네시스,제네시스,True
TEST_05673,아이오닉5_2022_2023,현대,현대,True
TEST_05674,1시리즈_F20_2016_2019,BMW,BMW,True
TEST_05675,X1_F48_2016_2019,BMW,BMW,True
TEST_05676,G80_RG3_2025,제네시스,제네시스,True
TEST_05677,스파크_2012_2015,미국,미국,True
TEST_05678,X4_G02_2019_2021,BMW,BMW,True
TEST_05679,3008_2세대_2018_2023,기타,기타,True
TEST_05680,X4_G02_2022_2025,BMW,BMW,True
TEST_05681,2시리즈_그란쿠페_F44_2020_2024,BMW,BMW,True
TEST_05682,글래디에이터_JT_2020_2023,미국,미국,True
TEST_05683,Z4_G29_2019_2025,BMW,BMW,True
TEST_05684,투아렉_3세대_2020_2023,기타 독일차,기타 독일차,True
TEST_05685,그랜저_HG_2011_2014,현대,현대,True
TEST_05686,마칸_2019_2021,기타 독일차,기타 독일차,True
TEST_05687,GLB_클래스_X247_2020_2023,벤츠,벤츠,True
TEST_05688,더_뉴_셀토스_2023_2025,기아,기아,True
TEST_05689,K5_3세대_하이브리드_2020_2022,기아,기아,True
TEST_05690,머스탱_2015_2023,미국,미국,True
TEST_05691,K8_2022_2024,기아,기아,True
TEST_05692,G80_2017_2020,제네시스,제네시스,True
TEST_05693,X5_G05_2024_2025,BMW,BMW,True
TEST_05694,더_K9_2019_2021,벤츠,기아,False
TEST_05695,6시리즈_GT_G32_2021_2024,BMW,BMW,True
TEST_05696,더_뉴스포티지R_2014_2016,기아,기아,True
TEST_05697,모델_Y_2021_2025,미국,미국,True
TEST_05698,더_뉴_맥스크루즈_2016_2018,현대,현대,True
TEST_05699,라브4_5세대_2019_2024,일본/프랑스,일본/프랑스,True
TEST_05700,시에나_4세대_2021_2024,일본/프랑스,일본/프랑스,True
TEST_05701,티볼리_에어_2016_2019,기타,기타,True
TEST_05702,프리우스_4세대_2016_2018,일본/프랑스,일본/프랑스,True
TEST_05703,알티마_2017_2018,일본/프랑스,일본/프랑스,True
TEST_05704,718_카이맨_2017_2024,기타 독일차,기타 독일차,True
TEST_05705,A_클래스_W176_2015_2018,벤츠,벤츠,True
TEST_05706,디펜더_L663_2020_2025,유럽 프리미엄,유럽 프리미엄,True
TEST_05707,3시리즈_G20_2019_2022,BMW,BMW,True
TEST_05708,GV80_2024_2025,제네시스,제네시스,True
TEST_05709,GLC_클래스_X253_2023,벤츠,벤츠,True
TEST_05710,올_뉴_모닝_JA_2017_2020,기아,기아,True
TEST_05711,GLE_클래스_W167_2019_2024,벤츠,벤츠,True
TEST_05712,GLA_클래스_H247_2020_2025,벤츠,벤츠,True
TEST_05713,GV70_2021_2023,제네시스,제네시스,True
TEST_05714,스타리아_2022_2025,현대,현대,True
TEST_05715,더_뉴_모하비_2017_2019,기아,기아,True
TEST_05716,투싼_NX4_2021_2023,현대,현대,True
TEST_05717,X7_G07_2023_2025,BMW,BMW,True
TEST_05718,올_뉴_K7_하이브리드_2017_2019,기아,기아,True
TEST_05719,XM3_2020_2023,일본/프랑스,일본/프랑스,True
TEST_05720,K7_프리미어_2020_2021,기아,기아,True
TEST_05721,K5_3세대_2020_2023,기아,기아,True
TEST_05722,디스커버리_스포츠_2세대_2020_2025,유럽 프리미엄,유럽 프리미엄,True
TEST_05723,XC90_2세대_2017_2019,유럽 프리미엄,유럽 프리미엄,True
TEST_05724,XM3_2024,일본/프랑스,일본/프랑스,True
TEST_05725,K5_하이브리드_3세대_2020_2023,기아,기아,True
TEST_05726,E_클래스_W213_2017_2020,벤츠,벤츠,True
TEST_05727,카니발_4세대_2022_2023,기아,기아,True
TEST_05728,더_뉴스포티지R_2014_2016,기아,기아,True
TEST_05729,G_클래스_W463b_2019_2025,벤츠,벤츠,True
TEST_05730,CT6_2016_2018,미국,미국,True
TEST_05731,더_뉴_G70_2021_2025,제네시스,제네시스,True
TEST_05732,X6_F16_2015_2019,BMW,BMW,True
TEST_05733,스팅어_2018_2020,기아,기아,True
TEST_05734,718_카이맨_2017_2024,기타 독일차,기타 독일차,True
TEST_05735,레니게이드_2015_2017,미국,미국,True
TEST_05736,레인지로버_4세대_2018_2022,유럽 프리미엄,유럽 프리미엄,True
TEST_05737,EQS_V297_2022_2023,벤츠,벤츠,True
TEST_05738,A7_4K_2020_2024,기타 독일차,기타 독일차,True
TEST_05739,EQS_V297_2022_2023,벤츠,벤츠,True
TEST_05740,트레일블레이저_2023,미국,미국,True
TEST_05741,B_클래스_W246_2013_2018,벤츠,벤츠,True
TEST_05742,아반떼_AD_2016_2018,현대,현대,True
TEST_05743,e_트론_2020_2023,기타 독일차,기타 독일차,True
TEST_05744,더_뉴_그랜드_스타렉스_2018_2021,현대,현대,True
TEST_05745,스팅어_마이스터_2021_2023,기아,기아,True
TEST_05746,V60_크로스컨트리_2세대_2020_2025,유럽 프리미엄,유럽 프리미엄,True
TEST_05747,i30_PD_2017_2018,현대,현대,True
TEST_05748,1시리즈_F20_2016_2019,BMW,BMW,True
TEST_05749,올_뉴_렉스턴_2021_2025,기타,기타,True
TEST_05750,GV70_2021_2023,제네시스,제네시스,True
TEST_05751,4시리즈_G22_2024_2025,BMW,BMW,True
TEST_05752,5008_2세대_2018_2019,기타,기타,True
TEST_05753,쏘나타_디_엣지_DN8_2024_2025,현대,현대,True
TEST_05754,K5_하이브리드_3세대_2020_2023,기아,기아,True
TEST_05755,7시리즈_G70_2023_2025,BMW,BMW,True
TEST_05756,쿠퍼_컨버터블_2016_2024,기타 독일차,기타 독일차,True
TEST_05757,더_뉴_렉스턴_스포츠_칸_2021_2025,기타,기타,True
TEST_05758,뉴_제타_2011_2016,기타 독일차,기타 독일차,True
TEST_05759,뉴_QM5_2012_2014,일본/프랑스,일본/프랑스,True
TEST_05760,액티언_2세대_2025,기타,기타,True
TEST_05761,카니발_4세대_2021,기아,기아,True
TEST_05762,GV70_2021_2023,제네시스,제네시스,True
TEST_05763,M4_F82_2015_2020,BMW,BMW,True
TEST_05764,에스컬레이드_2015_2020,미국,미국,True
TEST_05765,ES300h_7세대_2019_2026,일본/프랑스,일본/프랑스,True
TEST_05766,글래디에이터_JT_2020_2023,미국,미국,True
TEST_05767,싼타페_MX5_2024_2025,현대,현대,True
TEST_05768,에스컬레이드_5세대_2021_2024,미국,미국,True
TEST_05769,M4_F82_2015_2020,BMW,BMW,True
TEST_05770,아반떼_하이브리드_CN7_2021_2023,현대,현대,True
TEST_05771,뉴_ES300h_2016_2018,일본/프랑스,일본/프랑스,True
TEST_05772,티구안_올스페이스_2018_2023,기타 독일차,기타 독일차,True
TEST_05773,뉴_체어맨_W_2012_2016,기타,기타,True
TEST_05774,임팔라_2016_2019,미국,미국,True
TEST_05775,코나_2018_2020,현대,현대,True
TEST_05776,더_뉴_맥스크루즈_2016_2018,현대,현대,True
TEST_05777,6시리즈_GT_G32_2021_2024,BMW,BMW,True
TEST_05778,컨티넨탈_GT_2세대_2012_2017,유럽 프리미엄,유럽 프리미엄,True
TEST_05779,더_뉴_G70_2021_2025,제네시스,제네시스,True
TEST_05780,쏘렌토_4세대_2021_2023,현대,현대,True
TEST_05781,그랑_콜레오스_2025,일본/프랑스,일본/프랑스,True
TEST_05782,Q7_4M_2020_2023,기타 독일차,기타 독일차,True
TEST_05783,XC40_2019_2022,유럽 프리미엄,유럽 프리미엄,True
TEST_05784,더_뉴_코나_2021_2023,현대,현대,True
TEST_05785,레인지로버_4세대_2014_2017,유럽 프리미엄,유럽 프리미엄,True
TEST_05786,G_클래스_W463_2009_2017,벤츠,벤츠,True
TEST_05787,E_클래스_W214_2024_2025,벤츠,벤츠,True
TEST_05788,XC90_2세대_2020_2025,유럽 프리미엄,유럽 프리미엄,True
TEST_05789,익스플로러_2016_2017,미국,미국,True
TEST_05790,더_뉴_K3_2세대_2022_2024,기아,기아,True
TEST_05791,트래버스_2020_2023,미국,미국,True
TEST_05792,투싼_NX4_2021_2023,현대,현대,True
TEST_05793,E_클래스_W212_2010_2016,벤츠,벤츠,True
TEST_05794,모델_3_2019_2022,미국,미국,True
TEST_05795,쏘나타_뉴_라이즈_2018_2019,현대,현대,True
TEST_05796,임팔라_2016_2019,미국,미국,True
TEST_05797,2시리즈_그란쿠페_F44_2020_2024,BMW,BMW,True
TEST_05798,F_PACE_2017_2019,유럽 프리미엄,유럽 프리미엄,True
TEST_05799,스포티지_5세대_2022_2024,기아,기아,True
TEST_05800,올_뉴_카니발_2015_2019,기아,기아,True
TEST_05801,익스플로러_2018_2019,미국,미국,True
TEST_05802,베뉴_2020_2024,현대,현대,True
TEST_05803,X2_F39_2018_2023,BMW,BMW,True
TEST_05804,K5_2세대_2016_2018,기아,기아,True
TEST_05805,더_뉴_기아_레이_2022_2025,기아,기아,True
TEST_05806,아반떼_MD_2011_2014,현대,현대,True
TEST_05807,티볼리_아머_2018_2019,기타,기타,True
TEST_05808,레인지로버_5세대_2023_2024,유럽 프리미엄,유럽 프리미엄,True
TEST_05809,S_클래스_W222_2014_2020,벤츠,벤츠,True
TEST_05810,렉스턴_스포츠_칸_2019_2020,기타,기타,True
TEST_05811,6시리즈_F12_2011_2018,BMW,BMW,True
TEST_05812,2시리즈_그란쿠페_F44_2020_2024,BMW,BMW,True
TEST_05813,더_뉴_쏘렌토_4세대_2024_2025,기아,기아,True
TEST_05814,S_클래스_W221_2006_2013,벤츠,벤츠,True
TEST_05815,마칸_2014_2018,기타 독일차,기타 독일차,True
TEST_05816,K7_프리미어_하이브리드_2020_2021,기아,기아,True
TEST_05817,타이칸_2021_2025,기타 독일차,기타 독일차,True
TEST_05818,SM7_뉴아트_2008_2011,일본/프랑스,일본/프랑스,True
TEST_05819,K8_2022_2024,기아,기아,True
TEST_05820,뉴_스타일_코란도_C_2017_2019,기타,기타,True
TEST_05821,E_PACE_2018_2020,유럽 프리미엄,유럽 프리미엄,True
TEST_05822,그랜드_스타렉스_2016_2018,현대,현대,True
TEST_05823,RAV4_5세대_2019_2024,일본/프랑스,일본/프랑스,True
TEST_05824,5008_2세대_2018_2019,기타,기타,True
TEST_05825,쿠퍼_클럽맨_2016_2024,기타 독일차,기타 독일차,True
TEST_05826,베리_뉴_티볼리_2020_2023,기타,기타,True
TEST_05827,A7_2012_2016,기타 독일차,기타 독일차,True
TEST_05828,G70_2018_2020,제네시스,제네시스,True
TEST_05829,코나_SX2_2023_2025,현대,현대,True
TEST_05830,더_넥스트_스파크_2016_2018,미국,미국,True
TEST_05831,e_트론_2020_2023,기타 독일차,기타 독일차,True
TEST_05832,EV6_2022_2024,기아,기아,True
TEST_05833,Q5_FY_2020,기타 독일차,기타 독일차,True
TEST_05834,뉴_티구안_2012_2016,기타 독일차,기타 독일차,True
TEST_05835,디_올_뉴_스포티지_2022_2024,기아,기아,True
TEST_05836,올_뉴_K7_하이브리드_2017_2019,기아,기아,True
TEST_05837,SM3_네오_2015_2019,일본/프랑스,일본/프랑스,True
TEST_05838,니로_2017_2019,기타 독일차,기아,False
TEST_05839,뉴_제타_2011_2016,기타 독일차,기타 독일차,True
TEST_05840,코세어_2020_2022,미국,미국,True
TEST_05841,스팅어_마이스터_2021_2023,기아,기아,True
TEST_05842,Z4_G29_2019_2025,BMW,BMW,True
TEST_05843,K7_프리미어_하이브리드_2020_2021,기아,기아,True
TEST_05844,V60_크로스컨트리_2세대_2020_2025,유럽 프리미엄,유럽 프리미엄,True
TEST_05845,Q8_4M_2020_2025,기타 독일차,기타 독일차,True
TEST_05846,MKC_2015_2018,미국,미국,True
TEST_05847,Q50_2014_2017,일본/프랑스,일본/프랑스,True
TEST_05848,3시리즈_F30_2013_2018,BMW,BMW,True
TEST_05849,V90_크로스컨트리_2018_2024,유럽 프리미엄,유럽 프리미엄,True
TEST_05850,더_뉴_SM6_2021_2024,일본/프랑스,일본/프랑스,True
TEST_05851,A7_2012_2016,기타 독일차,기타 독일차,True
TEST_05852,X7_G07_2023_2025,BMW,BMW,True
TEST_05853,파일럿_3세대_2016_2018,일본/프랑스,일본/프랑스,True
TEST_05854,X5_G05_2024_2025,BMW,BMW,True
TEST_05855,일렉트리파이드_GV70_2022_2024,제네시스,제네시스,True
TEST_05856,렉스턴_스포츠_칸_2019_2020,기타,기타,True
TEST_05857,베뉴_2020_2024,현대,현대,True
TEST_05858,7시리즈_G11_2019_2022,BMW,BMW,True
TEST_05859,레니게이드_2015_2017,미국,미국,True
TEST_05860,더_뉴_스파크_2019_2022,미국,미국,True
TEST_05861,GLC_클래스_X253_2023,벤츠,벤츠,True
TEST_05862,XC90_2세대_2017_2019,유럽 프리미엄,유럽 프리미엄,True
TEST_05863,더_뉴_렉스턴_스포츠_2021_2025,기타,기타,True
TEST_05864,S_클래스_W223_2021_2025,벤츠,벤츠,True
TEST_05865,A7_2012_2016,기타 독일차,기타 독일차,True
TEST_05866,5시리즈_GT_F07_2010_2017,BMW,BMW,True
TEST_05867,기블리_2014_2023,유럽 프리미엄,유럽 프리미엄,True
TEST_05868,GLS_클래스_X167_2020_2024,벤츠,벤츠,True
TEST_05869,쏘나타_디_엣지_DN8_2024_2025,현대,현대,True
TEST_05870,EV6_2022_2024,기아,기아,True
TEST_05871,콰트로포르테_2014_2016,유럽 프리미엄,유럽 프리미엄,True
TEST_05872,랭글러_JL_2018_2024,미국,미국,True
TEST_05873,셀토스_2020_2023,기아,기아,True
TEST_05874,디펜더_L663_2020_2025,유럽 프리미엄,유럽 프리미엄,True
TEST_05875,더_뉴_K3_2세대_2022_2024,기아,기아,True
TEST_05876,더_뉴_카니발_2019_2020,기아,기아,True
TEST_05877,XM3_2024,일본/프랑스,일본/프랑스,True
TEST_05878,디_올뉴싼타페_2024_2025,현대,현대,True
TEST_05879,3시리즈_G20_2019_2022,BMW,BMW,True
TEST_05880,콜로라도_2020_2020,미국,미국,True
TEST_05881,GLC_클래스_X253_2023,벤츠,벤츠,True
TEST_05882,스포티지_4세대_2016_2018,기아,기아,True
TEST_05883,EQS_V297_2022_2023,벤츠,벤츠,True
TEST_05884,5008_2세대_2018_2019,기타,기타,True
TEST_05885,투아렉_3세대_2020_2023,기타 독일차,기타 독일차,True
TEST_05886,뉴_티구안_2012_2016,기타 독일차,기타 독일차,True
TEST_05887,팰리세이드_2019_2022,현대,현대,True
TEST_05888,그랜저TG_2007_2008,현대,현대,True
TEST_05889,X7_G07_2023_2025,BMW,BMW,True
TEST_05890,K8_2022_2024,기아,기아,True
TEST_05891,EQ900_2016_2018,제네시스,제네시스,True
TEST_05892,타이칸_2021_2025,기타 독일차,기타 독일차,True
TEST_05893,투싼_NX4_2021_2023,현대,현대,True
TEST_05894,더_뉴_K7_2013_2016,기아,기아,True
TEST_05895,Q8_4M_2020_2025,기타 독일차,기타 독일차,True
TEST_05896,X6_F16_2015_2019,BMW,BMW,True
TEST_05897,박스터_718_2017_2024,기타 독일차,기타 독일차,True
TEST_05898,올_뉴_K7_2016_2019,기아,기아,True
TEST_05899,그랜저_HG_2015_2017,현대,현대,True
TEST_05900,XC90_2세대_2017_2019,유럽 프리미엄,유럽 프리미엄,True
TEST_05901,트랙스_2013_2016,미국,미국,True
TEST_05902,더_K9_2019_2021,기아,기아,True
TEST_05903,뉴_GV80_2024_2025,제네시스,제네시스,True
TEST_05904,더_뉴_K5_2세대_2019_2020,기아,기아,True
TEST_05905,캐스퍼_2022_2024,현대,현대,True
TEST_05906,K5_하이브리드_3세대_2020_2023,기아,기아,True
TEST_05907,뉴_ES300h_2016_2018,일본/프랑스,일본/프랑스,True
TEST_05908,G90_RS4_2022_2025,제네시스,제네시스,True
TEST_05909,더_뉴_K3_2세대_2022_2024,기아,기아,True
TEST_05910,파일럿_3세대_2016_2018,일본/프랑스,일본/프랑스,True
TEST_05911,K5_2세대_2016_2018,기아,기아,True
TEST_05912,더_뉴_그랜드_스타렉스_2018_2021,현대,현대,True
TEST_05913,캐스퍼_2022_2024,현대,현대,True
TEST_05914,쏘나타_디_엣지_DN8_2024_2025,현대,현대,True
TEST_05915,GLE_클래스_W166_2016_2018,벤츠,벤츠,True
TEST_05916,A4_B9_2016_2019,기타 독일차,기타 독일차,True
TEST_05917,레인지로버_스포츠_2세대_2013_2017,유럽 프리미엄,유럽 프리미엄,True
TEST_05918,XE_2016_2019,유럽 프리미엄,유럽 프리미엄,True
TEST_05919,레인지로버_벨라_2018_2019,유럽 프리미엄,유럽 프리미엄,True
TEST_05920,더_뉴스포티지R_2014_2016,기아,기아,True
TEST_05921,G_클래스_W463b_2019_2025,벤츠,벤츠,True
TEST_05922,엑센트_신형_2011_2019,현대,현대,True
TEST_05923,CLS_클래스_C257_2019_2023,벤츠,벤츠,True
TEST_05924,뉴_체어맨_W_2012_2016,기타,기타,True
TEST_05925,파나메라_2010_2016,기타 독일차,기타 독일차,True
TEST_05926,트래버스_2020_2023,미국,미국,True
TEST_05927,더_뉴_아이오닉_하이브리드_2020,현대,현대,True
TEST_05928,718_박스터_2017_2024,기타 독일차,기타 독일차,True
TEST_05929,레인지로버_4세대_2018_2022,유럽 프리미엄,유럽 프리미엄,True
TEST_05930,EV9_2024_2025,기아,기아,True
TEST_05931,스포티지_4세대_2016_2018,기아,기아,True
TEST_05932,스포티지_더_볼드_2019_2022,기아,기아,True
TEST_05933,Q30_2017_2019,일본/프랑스,일본/프랑스,True
TEST_05934,G_클래스_W463b_2019_2025,벤츠,벤츠,True
TEST_05935,레인지로버_이보크_2세대_2020_2022,유럽 프리미엄,유럽 프리미엄,True
TEST_05936,올_뉴_K7_하이브리드_2017_2019,기아,기아,True
TEST_05937,2008_2015_2017,기타,기타,True
TEST_05938,911_992_2020_2024,기타 독일차,기타 독일차,True
TEST_05939,SM3_네오_2015_2019,일본/프랑스,일본/프랑스,True
TEST_05940,All_New_XJ_2016_2019,유럽 프리미엄,유럽 프리미엄,True
TEST_05941,뉴_ES300h_2016_2018,일본/프랑스,일본/프랑스,True
TEST_05942,레인지로버_스포츠_2세대_2013_2017,유럽 프리미엄,유럽 프리미엄,True
TEST_05943,M2_F87_2016_2021,BMW,BMW,True
TEST_05944,더_뉴_셀토스_2023_2025,기아,기아,True
TEST_05945,K5_3세대_하이브리드_2020_2022,현대,기아,False
TEST_05946,그랜드_스타렉스_2016_2018,현대,현대,True
TEST_05947,쏘나타_디_엣지_DN8_2024_2025,현대,현대,True
TEST_05948,X5_F15_2014_2018,BMW,BMW,True
TEST_05949,더_뉴_모하비_2017_2019,기아,기아,True
TEST_05950,카니발_4세대_2021,기아,기아,True
TEST_05951,체로키_KL_2019_2023,미국,미국,True
TEST_05952,7시리즈_G11_2016_2018,BMW,BMW,True
TEST_05953,Z4_G29_2019_2025,BMW,BMW,True
TEST_05954,K7_프리미어_2020_2021,기아,기아,True
TEST_05955,E_클래스_W213_2017_2020,벤츠,벤츠,True
TEST_05956,머스탱_2015_2023,미국,미국,True
TEST_05957,A8_D5_2018_2023,기타 독일차,기타 독일차,True
TEST_05958,쿠퍼_컨트리맨_2016_2024,기타 독일차,기타 독일차,True
TEST_05959,프리우스_4세대_2019_2022,일본/프랑스,일본/프랑스,True
TEST_05960,X1_F48_2020_2022,BMW,BMW,True
TEST_05961,더_뉴_코나_2021_2023,현대,현대,True
TEST_05962,6시리즈_GT_G32_2021_2024,BMW,BMW,True
TEST_05963,쏘나타_디_엣지_DN8_2024_2025,현대,현대,True
TEST_05964,더_뉴_맥스크루즈_2016_2018,현대,현대,True
TEST_05965,1시리즈_F20_2013_2015,BMW,BMW,True
TEST_05966,New_XF_2012_2015,유럽 프리미엄,유럽 프리미엄,True
TEST_05967,파나메라_971_2017_2023,기타 독일차,기타 독일차,True
TEST_05968,스팅어_마이스터_2021_2023,기아,기아,True
TEST_05969,A4_B9_2020_2024,기타 독일차,기타 독일차,True
TEST_05970,5시리즈_G30_2017_2023,BMW,BMW,True
TEST_05971,Z4_G29_2019_2025,BMW,BMW,True
TEST_05972,기블리_2014_2023,유럽 프리미엄,유럽 프리미엄,True
TEST_05973,XC90_2세대_2017_2019,유럽 프리미엄,유럽 프리미엄,True
TEST_05974,랭글러_JK_2009_2017,벤츠,미국,False
TEST_05975,G_클래스_W463b_2019_2025,벤츠,벤츠,True
TEST_05976,익스플로러_2018_2019,미국,미국,True
TEST_05977,코세어_2020_2022,미국,미국,True
TEST_05978,쏘나타_DN8_2020_2023,현대,현대,True
TEST_05979,티볼리_2015_2018,기타,기타,True
TEST_05980,Q30_2017_2019,일본/프랑스,일본/프랑스,True
TEST_05981,X4_G02_2019_2021,BMW,BMW,True
TEST_05982,뉴_CC_2012_2016,벤츠,기타 독일차,False
TEST_05983,C_클래스_W206_2022_2024,벤츠,벤츠,True
TEST_05984,티볼리_2015_2018,기타,기타,True
TEST_05985,UX250h_2019_2024,일본/프랑스,일본/프랑스,True
TEST_05986,V90_크로스컨트리_2018_2024,유럽 프리미엄,유럽 프리미엄,True
TEST_05987,EQA_H243_2021_2024,벤츠,벤츠,True
TEST_05988,올_뉴_모닝_2012_2015,기아,기아,True
TEST_05989,더_뉴_레이_2018_2022,기아,기아,True
TEST_05990,디스커버리_스포츠_2세대_2020_2025,유럽 프리미엄,유럽 프리미엄,True
TEST_05991,글래디에이터_JT_2020_2023,미국,미국,True
TEST_05992,그랜드_체로키_WL_2021_2023,미국,미국,True
TEST_05993,911_2003_2019,기타 독일차,기타 독일차,True
TEST_05994,디스커버리_4_2010_2016,유럽 프리미엄,유럽 프리미엄,True
TEST_05995,더_올뉴투싼_하이브리드_2021_2023,현대,현대,True
TEST_05996,더_뉴_레이_2018_2022,기아,기아,True
TEST_05997,투싼_NX4_2021_2023,현대,현대,True
TEST_05998,SM7_뉴아트_2008_2011,일본/프랑스,일본/프랑스,True
TEST_05999,컨티넨탈_GT_2세대_2012_2017,유럽 프리미엄,유럽 프리미엄,True
TEST_06000,골프_7세대_2013_2016,기타 독일차,기타 독일차,True
TEST_06001,더_뉴_그랜드_스타렉스_2018_2021,현대,현대,True
TEST_06002,CLS_클래스_C257_2019_2023,벤츠,벤츠,True
TEST_06003,쏘나타_뉴_라이즈_2018_2019,현대,현대,True
TEST_06004,GLC_클래스_X253_2017_2019,벤츠,벤츠,True
TEST_06005,디_올뉴싼타페_2024_2025,현대,현대,True
TEST_06006,M2_F87_2016_2021,BMW,BMW,True
TEST_06007,쏘나타_DN8_2020_2023,현대,현대,True
TEST_06008,Q30_2017_2019,일본/프랑스,일본/프랑스,True
TEST_06009,C_클래스_W206_2022_2024,벤츠,벤츠,True
TEST_06010,뉴_A6_2015_2018,기타 독일차,기타 독일차,True
TEST_06011,더_뉴_렉스턴_스포츠_칸_2021_2025,기타,기타,True
TEST_06012,UX250h_2019_2024,일본/프랑스,일본/프랑스,True
TEST_06013,렉스턴_스포츠_칸_2019_2020,기타,기타,True
TEST_06014,G_클래스_W463b_2019_2025,벤츠,벤츠,True
TEST_06015,올_뉴_투싼_TL_2019_2020,현대,현대,True
TEST_06016,X5_G05_2019_2023,BMW,BMW,True
TEST_06017,더_뉴_맥스크루즈_2016_2018,현대,현대,True
TEST_06018,718_카이맨_2017_2024,기타 독일차,기타 독일차,True
TEST_06019,SM5_노바_2015_2019,일본/프랑스,일본/프랑스,True
TEST_06020,더_뉴_K9_2세대_2022_2025,기아,기아,True
TEST_06021,All_New_XJ_2016_2019,유럽 프리미엄,유럽 프리미엄,True
TEST_06022,E_클래스_W214_2024_2025,벤츠,벤츠,True
TEST_06023,뉴_A6_2015_2018,기타 독일차,기타 독일차,True
TEST_06024,파나메라_2010_2016,기타 독일차,기타 독일차,True
TEST_06025,X2_F39_2018_2023,BMW,BMW,True
TEST_06026,컨티넨탈_10세대_2017_2019,미국,미국,True
TEST_06027,디펜더_L663_2020_2025,유럽 프리미엄,유럽 프리미엄,True
TEST_06028,그랜저_HG_2015_2017,현대,현대,True
TEST_06029,더_뉴_G70_2021_2025,제네시스,제네시스,True
TEST_06030,G_클래스_W463_2009_2017,벤츠,벤츠,True
TEST_06031,1시리즈_F20_2016_2019,BMW,BMW,True
TEST_06032,718_카이맨_2017_2024,기타 독일차,기타 독일차,True
TEST_06033,파나메라_971_2017_2023,기타 독일차,기타 독일차,True
TEST_06034,G4_렉스턴_2018_2020,기타,기타,True
TEST_06035,에비에이터_2세대_2020_2025,미국,미국,True
TEST_06036,Q7_4M_2016_2019,기타 독일차,기타 독일차,True
TEST_06037,그랜저_HG_2015_2017,현대,현대,True
TEST_06038,올_뉴_카마로_2017_2018,미국,미국,True
TEST_06039,더_뉴_트랙스_2017_2022,미국,미국,True
TEST_06040,더_뉴_맥스크루즈_2016_2018,현대,현대,True
TEST_06041,X6_G06_2024_2025,BMW,BMW,True
TEST_06042,올_뉴_K7_2016_2019,기아,기아,True
TEST_06043,아반떼_N_2022_2023,현대,현대,True
TEST_06044,코나_2018_2020,현대,현대,True
TEST_06045,에스컬레이드_2015_2020,미국,미국,True
TEST_06046,체로키_KL_2019_2023,미국,미국,True
TEST_06047,QM6_2017_2019,일본/프랑스,일본/프랑스,True
TEST_06048,CLA_클래스_C117_2014_2019,벤츠,벤츠,True
TEST_06049,뉴_ES300h_2013_2015,일본/프랑스,일본/프랑스,True
TEST_06050,셀토스_2020_2023,기아,기아,True
TEST_06051,CLA_클래스_C117_2014_2019,벤츠,벤츠,True
TEST_06052,ES300h_7세대_2019_2026,일본/프랑스,일본/프랑스,True
TEST_06053,올_뉴_모닝_2012_2015,기아,기아,True
TEST_06054,스팅어_마이스터_2021_2023,기아,기아,True
TEST_06055,S_클래스_W221_2006_2013,벤츠,벤츠,True
TEST_06056,뉴_MKZ_2017_2020,미국,미국,True
TEST_06057,EV6_2022_2024,기아,기아,True
TEST_06058,그랜저_HG_2011_2014,현대,현대,True
TEST_06059,GV70_2021_2023,제네시스,제네시스,True
TEST_06060,718_카이맨_2017_2024,기타 독일차,기타 독일차,True
TEST_06061,디_올뉴니로_2022_2025,기아,기아,True
TEST_06062,아반떼_CN7_2021_2023,현대,현대,True
TEST_06063,아슬란_2015_2018,현대,현대,True
TEST_06064,SM3_네오_2015_2019,일본/프랑스,일본/프랑스,True
TEST_06065,더_뉴_모하비_2017_2019,기아,기아,True
TEST_06066,디_올뉴코나_2023_2025,현대,현대,True
TEST_06067,CLA_클래스_C117_2014_2019,벤츠,벤츠,True
TEST_06068,GLE_클래스_W167_2019_2024,벤츠,벤츠,True
TEST_06069,레인지로버_5세대_2023_2024,유럽 프리미엄,유럽 프리미엄,True
TEST_06070,1시리즈_F20_2013_2015,BMW,BMW,True
TEST_06071,올_뉴_쏘렌토_2015_2017,기아,기아,True
TEST_06072,더_뉴_맥스크루즈_2016_2018,현대,현대,True
TEST_06073,S90_2021_2025,유럽 프리미엄,유럽 프리미엄,True
TEST_06074,카이엔_PO536_2019_2023,기타 독일차,기타 독일차,True
TEST_06075,S_클래스_W223_2021_2025,벤츠,벤츠,True
TEST_06076,아이오닉_하이브리드_2016_2019,현대,현대,True
TEST_06077,아반떼_AD_2016_2018,현대,현대,True
TEST_06078,파나메라_971_2017_2023,기타 독일차,기타 독일차,True
TEST_06079,뉴_티구안_2012_2016,기타 독일차,기타 독일차,True
TEST_06080,그랜드_체로키_2014_2020,미국,미국,True
TEST_06081,5시리즈_F10_2010_2016,BMW,BMW,True
TEST_06082,더_뉴_QM6_2024_2025,일본/프랑스,일본/프랑스,True
TEST_06083,GLA_클래스_H247_2020_2025,벤츠,벤츠,True
TEST_06084,카이엔_PO536_2019_2023,기타 독일차,기타 독일차,True
TEST_06085,5008_2세대_2021_2024,기타,기타,True
TEST_06086,모닝_어반_JA_2021_2023,기아,기아,True
TEST_06087,XM3_2020_2023,일본/프랑스,일본/프랑스,True
TEST_06088,더_기아_레이_EV_2024_2025,기아,기아,True
TEST_06089,프리우스_4세대_2016_2018,일본/프랑스,일본/프랑스,True
TEST_06090,박스터_718_2017_2024,기타 독일차,기타 독일차,True
TEST_06091,제네시스_DH_2014_2016,제네시스,제네시스,True
TEST_06092,넥쏘_2018_2024,현대,현대,True
TEST_06093,CLE_클래스_C236_2024_2025,벤츠,벤츠,True
TEST_06094,X3_G01_2018_2021,BMW,BMW,True
TEST_06095,CLS_클래스_W218_2012_2017,벤츠,벤츠,True
TEST_06096,i4_2022_2024,BMW,BMW,True
TEST_06097,G90_2019_2022,제네시스,제네시스,True
TEST_06098,더_뉴_기아_레이_2022_2025,기아,기아,True
TEST_06099,모하비_더_마스터_2020_2024,기아,기아,True
TEST_06100,XC60_2세대_2022_2025,유럽 프리미엄,유럽 프리미엄,True
TEST_06101,타이칸_2021_2025,기타 독일차,기타 독일차,True
TEST_06102,뉴_QM5_2012_2014,일본/프랑스,일본/프랑스,True
TEST_06103,뉴_CC_2012_2016,기타 독일차,기타 독일차,True
TEST_06104,그랜드_체로키_WL_2021_2023,미국,미국,True
TEST_06105,올_뉴_렉스턴_2021_2025,기타,기타,True
TEST_06106,S90_2021_2025,유럽 프리미엄,유럽 프리미엄,True
TEST_06107,모닝_어반_JA_2021_2023,기아,기아,True
TEST_06108,X4_G02_2022_2025,BMW,BMW,True
TEST_06109,RAV4_2016_2018,일본/프랑스,일본/프랑스,True
TEST_06110,랭글러_JK_2009_2017,미국,미국,True
TEST_06111,트레일블레이저_2021_2022,미국,미국,True
TEST_06112,GLS_클래스_X166_2017_2019,벤츠,벤츠,True
TEST_06113,X3_G01_2022_2024,BMW,BMW,True
TEST_06114,8시리즈_G15_2020_2024,BMW,BMW,True
TEST_06115,레인지로버_스포츠_2세대_2013_2017,유럽 프리미엄,유럽 프리미엄,True
TEST_06116,더_뉴_코란도_스포츠_2016_2018,기타,기타,True
TEST_06117,쿠퍼_클럽맨_2016_2024,기타 독일차,기타 독일차,True
TEST_06118,YF쏘나타_하이브리드_2011_2015,현대,현대,True
TEST_06119,X4_G02_2022_2025,BMW,BMW,True
TEST_06120,토레스_2023_2025,기타,기타,True
TEST_06121,F150_2004_2021,미국,미국,True
TEST_06122,G_클래스_W463b_2019_2025,벤츠,벤츠,True
TEST_06123,디_올뉴그랜저_2023_2025,현대,현대,True
TEST_06124,X5_G05_2024_2025,BMW,BMW,True
TEST_06125,더_뉴_말리부_2019_2022,미국,미국,True
TEST_06126,아반떼_N_2022_2023,현대,현대,True
TEST_06127,AMG_GT_2016_2024,BMW,벤츠,False
TEST_06128,렉스턴_스포츠_2018_2021,기타,기타,True
TEST_06129,디_올_뉴_니로_2022_2025,기아,기아,True
TEST_06130,디스커버리_스포츠_2세대_2020_2025,유럽 프리미엄,유럽 프리미엄,True
TEST_06131,디_올뉴니로_2022_2025,기아,기아,True
TEST_06132,파일럿_3세대_2016_2018,일본/프랑스,일본/프랑스,True
TEST_06133,S_클래스_W221_2006_2013,벤츠,벤츠,True
TEST_06134,레인지로버_이보크_2세대_2023_2024,유럽 프리미엄,유럽 프리미엄,True
TEST_06135,A_클래스_W176_2015_2018,벤츠,벤츠,True
TEST_06136,디_올뉴그랜저_2023_2025,현대,현대,True
TEST_06137,스팅어_2018_2020,기아,기아,True
TEST_06138,렉스턴_스포츠_칸_2019_2020,기타,기타,True
TEST_06139,GV80_2024_2025,제네시스,제네시스,True
TEST_06140,트랙스_크로스오버_2024_2025,미국,미국,True
TEST_06141,쏘나타_DN8_2020_2023,현대,현대,True
TEST_06142,더_뉴_아반떼_AD_2019_2020,현대,현대,True
TEST_06143,티볼리_에어_2021_2022,기타,기타,True
TEST_06144,M4_F82_2015_2020,BMW,BMW,True
TEST_06145,모델_3_2019_2022,미국,미국,True
TEST_06146,더_뉴_K5_하이브리드_3세대_2023_2025,기아,기아,True
TEST_06147,GLA_클래스_X156_2015_2019,벤츠,벤츠,True
TEST_06148,G4_렉스턴_2018_2020,기타,기타,True
TEST_06149,S_클래스_W222_2014_2020,벤츠,벤츠,True
TEST_06150,싼타페_더_프라임_2016_2018,현대,현대,True
TEST_06151,임팔라_2016_2019,미국,미국,True
TEST_06152,QM6_2017_2019,일본/프랑스,일본/프랑스,True
TEST_06153,올_뉴_렉스턴_2021_2025,기타,기타,True
TEST_06154,더_뉴_모닝_JA_2024_2025,기아,기아,True
TEST_06155,체로키_KL_2019_2023,미국,미국,True
TEST_06156,레인지로버_이보크_2세대_2020_2022,유럽 프리미엄,유럽 프리미엄,True
TEST_06157,뉴_ES300h_2013_2015,일본/프랑스,일본/프랑스,True
TEST_06158,E_PACE_2018_2020,유럽 프리미엄,유럽 프리미엄,True
TEST_06159,프리우스_C_2018_2020,일본/프랑스,일본/프랑스,True
TEST_06160,A5_F5_2019_2024,기타 독일차,기타 독일차,True
TEST_06161,그랜저_HG_2011_2014,현대,현대,True
TEST_06162,7시리즈_F01_2009_2015,BMW,BMW,True
TEST_06163,모닝_어반_JA_2021_2023,기아,기아,True
TEST_06164,더_뉴_QM6_2024_2025,일본/프랑스,일본/프랑스,True
TEST_06165,G4_렉스턴_2018_2020,기타,기타,True
TEST_06166,아반떼_MD_2011_2014,현대,현대,True
TEST_06167,K5_하이브리드_3세대_2020_2023,기아,기아,True
TEST_06168,렉스턴_스포츠_2018_2021,기타,기타,True
TEST_06169,스포티지_4세대_2016_2018,기아,기아,True
TEST_06170,더_뉴_카니발_2019_2020,기아,기아,True
TEST_06171,RAV4_5세대_2019_2024,일본/프랑스,일본/프랑스,True
TEST_06172,3시리즈_E90_2005_2012,BMW,BMW,True
TEST_06173,콰트로포르테_2017_2022,유럽 프리미엄,유럽 프리미엄,True
TEST_06174,뷰티풀_코란도_2019_2024,기타,기타,True
TEST_06175,레인지로버_스포츠_2세대_2018_2022,유럽 프리미엄,유럽 프리미엄,True
TEST_06176,투아렉_3세대_2020_2023,기타 독일차,기타 독일차,True
TEST_06177,에스컬레이드_2015_2020,미국,미국,True
TEST_06178,니로_2017_2019,기아,기아,True
TEST_06179,트래버스_2020_2023,미국,미국,True
TEST_06180,718_박스터_2017_2024,기타 독일차,기타 독일차,True
TEST_06181,X4_G02_2022_2025,BMW,BMW,True
TEST_06182,디스커버리_5_2017_2020,유럽 프리미엄,유럽 프리미엄,True
TEST_06183,더_뉴_코나_2021_2023,현대,현대,True
TEST_06184,5시리즈_G60_2024_2025,BMW,BMW,True
TEST_06185,올_뉴_카니발_2015_2019,기아,기아,True
TEST_06186,911_992_2020_2024,기타 독일차,기타 독일차,True
TEST_06187,올_뉴_카니발_2015_2019,기아,기아,True
TEST_06188,아반떼_N_2022_2023,현대,현대,True
TEST_06189,레인지로버_이보크_2세대_2020_2022,유럽 프리미엄,유럽 프리미엄,True
TEST_06190,레인지로버_5세대_2023_2024,유럽 프리미엄,유럽 프리미엄,True
TEST_06191,에쿠스_신형_2010_2015,벤츠,현대,False
TEST_06192,스팅어_2018_2020,기아,기아,True
TEST_06193,G4_렉스턴_2018_2020,기타,기타,True
TEST_06194,렉스턴_스포츠_2018_2021,기타,기타,True
TEST_06195,더_뉴_쏘렌토_2018_2020,기아,기아,True
TEST_06196,EQA_H243_2021_2024,벤츠,벤츠,True
TEST_06197,셀토스_2020_2023,기아,기아,True
TEST_06198,레인지로버_스포츠_2세대_2018_2022,유럽 프리미엄,유럽 프리미엄,True
TEST_06199,디스커버리_4_2010_2016,유럽 프리미엄,유럽 프리미엄,True
TEST_06200,뉴_GV80_2024_2025,제네시스,제네시스,True
TEST_06201,1시리즈_F20_2013_2015,BMW,BMW,True
TEST_06202,체로키_KL_2019_2023,미국,미국,True
TEST_06203,프리우스_4세대_2019_2022,일본/프랑스,일본/프랑스,True
TEST_06204,S60_3세대_2020_2024,유럽 프리미엄,유럽 프리미엄,True
TEST_06205,AMG_GT_2016_2024,벤츠,벤츠,True
TEST_06206,GLS_클래스_X166_2017_2019,벤츠,벤츠,True
TEST_06207,GLS_클래스_X167_2020_2024,벤츠,벤츠,True
TEST_06208,디스커버리_스포츠_2015_2019,유럽 프리미엄,유럽 프리미엄,True
TEST_06209,7시리즈_G11_2019_2022,BMW,BMW,True
TEST_06210,GLC_클래스_X253_2023,벤츠,벤츠,True
TEST_06211,X7_G07_2019_2022,BMW,BMW,True
TEST_06212,718_카이맨_2017_2024,기타 독일차,기타 독일차,True
TEST_06213,EV9_2024_2025,기아,기아,True
TEST_06214,쏘나타_디_엣지_DN8_2024_2025,현대,현대,True
TEST_06215,GLS_클래스_X167_2020_2024,벤츠,벤츠,True
TEST_06216,더_뉴_K3_2016_2018,기아,기아,True
TEST_06217,아이오닉5_2022_2023,현대,현대,True
TEST_06218,XM3_2024,일본/프랑스,일본/프랑스,True
TEST_06219,그랜드_스타렉스_2016_2018,현대,현대,True
TEST_06220,GLB_클래스_X247_2020_2023,벤츠,벤츠,True
TEST_06221,트레일블레이저_2023,미국,미국,True
TEST_06222,캐스퍼_2022_2024,현대,현대,True
TEST_06223,스포티지_5세대_2022_2024,기아,기아,True
TEST_06224,더_뉴_K3_2세대_2022_2024,기아,기아,True
TEST_06225,EV9_2024_2025,기아,기아,True
TEST_06226,X6_G06_2024_2025,BMW,BMW,True
TEST_06227,더_뉴_기아_레이_2022_2025,기아,기아,True
TEST_06228,레인지로버_이보크_2016_2019,유럽 프리미엄,유럽 프리미엄,True
TEST_06229,5시리즈_G30_2017_2023,BMW,BMW,True
TEST_06230,SM6_2016_2020,일본/프랑스,일본/프랑스,True
TEST_06231,디_올뉴니로_2022_2025,기아,기아,True
TEST_06232,쿠퍼_컨트리맨_2016_2024,기타 독일차,기타 독일차,True
TEST_06233,에비에이터_2세대_2020_2025,미국,미국,True
TEST_06234,더_기아_레이_EV_2024_2025,기아,기아,True
TEST_06235,콰트로포르테_2017_2022,벤츠,유럽 프리미엄,False
TEST_06236,그랜저TG_2007_2008,현대,현대,True
TEST_06237,더_뉴스포티지R_2014_2016,기아,기아,True
TEST_06238,모델_3_2019_2022,미국,미국,True
TEST_06239,GLE_클래스_W166_2016_2018,벤츠,벤츠,True
TEST_06240,XC90_2세대_2017_2019,유럽 프리미엄,유럽 프리미엄,True
TEST_06241,뉴_A6_2015_2018,기타 독일차,기타 독일차,True
TEST_06242,CLA_클래스_C117_2014_2019,벤츠,벤츠,True
TEST_06243,레인지로버_이보크_2세대_2020_2022,유럽 프리미엄,유럽 프리미엄,True
TEST_06244,카니발_4세대_2021,기아,기아,True
TEST_06245,더_넥스트_스파크_2016_2018,미국,미국,True
TEST_06246,Q7_4M_2020_2023,기타 독일차,기타 독일차,True
TEST_06247,EQA_H243_2021_2024,벤츠,벤츠,True
TEST_06248,싼타페_더_프라임_2016_2018,현대,현대,True
TEST_06249,X3_G01_2018_2021,BMW,BMW,True
TEST_06250,X7_G07_2023_2025,BMW,BMW,True
TEST_06251,카이엔_PO536_2019_2023,기타 독일차,기타 독일차,True
TEST_06252,모델_3_2024_2025,미국,미국,True
TEST_06253,X2_F39_2018_2023,BMW,BMW,True
TEST_06254,몬데오_4세대_2015_2020,제네시스,미국,False
TEST_06255,5008_2세대_2018_2019,기타,기타,True
TEST_06256,X6_G06_2020_2023,BMW,BMW,True
TEST_06257,CLS_클래스_W218_2012_2017,벤츠,벤츠,True
TEST_06258,더_뉴_모하비_2017_2019,기아,기아,True
TEST_06259,쏘나타_뉴_라이즈_2018_2019,현대,현대,True
TEST_06260,ES300h_7세대_2019_2026,일본/프랑스,일본/프랑스,True
TEST_06261,파사트_GT_B8_2018_2022,기타 독일차,기타 독일차,True
TEST_06262,YF쏘나타_하이브리드_2011_2015,현대,현대,True
TEST_06263,GLC_클래스_X253_2020_2022,벤츠,벤츠,True
TEST_06264,팰리세이드_2019_2022,현대,현대,True
TEST_06265,QM6_2017_2019,일본/프랑스,일본/프랑스,True
TEST_06266,뉴_제타_2011_2016,기타 독일차,기타 독일차,True
TEST_06267,K7_프리미어_하이브리드_2020_2021,기아,기아,True
TEST_06268,911_2003_2019,기타 독일차,기타 독일차,True
TEST_06269,더_넥스트_스파크_2016_2018,미국,미국,True
TEST_06270,아반떼_AD_2016_2018,현대,현대,True
TEST_06271,SM5_노바_2015_2019,일본/프랑스,일본/프랑스,True
TEST_06272,EQE_V295_2022_2024,벤츠,벤츠,True
TEST_06273,뉴_ES300h_2016_2018,일본/프랑스,일본/프랑스,True
TEST_06274,아반떼_N_2022_2023,현대,현대,True
TEST_06275,토레스_2023_2025,기타,기타,True
TEST_06276,CLS_클래스_C257_2019_2023,벤츠,벤츠,True
TEST_06277,XC90_2세대_2020_2025,유럽 프리미엄,유럽 프리미엄,True
TEST_06278,뉴_MKZ_2017_2020,미국,미국,True
TEST_06279,AMG_GT_2016_2024,벤츠,벤츠,True
TEST_06280,익스플로러_2016_2017,미국,미국,True
TEST_06281,아이오닉6_2023_2025,현대,현대,True
TEST_06282,GLA_클래스_H247_2020_2025,벤츠,벤츠,True
TEST_06283,레인지로버_벨라_2018_2019,유럽 프리미엄,유럽 프리미엄,True
TEST_06284,X6_F16_2015_2019,BMW,BMW,True
TEST_06285,GLC_클래스_X253_2023,벤츠,벤츠,True
TEST_06286,뉴_A6_2015_2018,기타 독일차,기타 독일차,True
TEST_06287,더_기아_레이_EV_2024_2025,기아,기아,True
TEST_06288,X4_G02_2019_2021,BMW,BMW,True
TEST_06289,XC60_2세대_2022_2025,유럽 프리미엄,유럽 프리미엄,True
TEST_06290,트레일블레이저_2021_2022,미국,미국,True
TEST_06291,A_클래스_W177_2020_2025,벤츠,벤츠,True
TEST_06292,더_뉴_카니발_2019_2020,기아,기아,True
TEST_06293,A4_B9_2016_2019,기타 독일차,기타 독일차,True
TEST_06294,뉴_티구안_2012_2016,기타 독일차,기타 독일차,True
TEST_06295,캐스퍼_2022_2024,현대,현대,True
TEST_06296,글래디에이터_JT_2020_2023,미국,미국,True
TEST_06297,뉴_G80_2025_2026,제네시스,제네시스,True
TEST_06298,트레일블레이저_2023,미국,미국,True
TEST_06299,뉴_SM5_플래티넘_2013_2014,일본/프랑스,일본/프랑스,True
TEST_06300,골프_7세대_2013_2016,기타 독일차,기타 독일차,True
TEST_06301,더_뉴_그랜저_IG_2020_2023,현대,현대,True
TEST_06302,더_넥스트_스파크_2016_2018,미국,미국,True
TEST_06303,All_New_XJ_2016_2019,유럽 프리미엄,유럽 프리미엄,True
TEST_06304,쏘나타_DN8_2020_2023,현대,현대,True
TEST_06305,SM3_네오_2015_2019,일본/프랑스,일본/프랑스,True
TEST_06306,GLC_클래스_X253_2023,벤츠,벤츠,True
TEST_06307,디_올뉴그랜저_2023_2025,현대,현대,True
TEST_06308,A7_4K_2020_2024,기타 독일차,기타 독일차,True
TEST_06309,그랜저_HG_2011_2014,현대,현대,True
TEST_06310,7시리즈_G11_2019_2022,BMW,BMW,True
TEST_06311,A7_2012_2016,기타 독일차,기타 독일차,True
TEST_06312,올_뉴_카마로_2017_2018,미국,미국,True
TEST_06313,그랜저_HG_2015_2017,현대,현대,True
TEST_06314,3시리즈_F30_2013_2018,BMW,BMW,True
TEST_06315,X3_G01_2018_2021,BMW,BMW,True
TEST_06316,시에나_4세대_2021_2024,일본/프랑스,일본/프랑스,True
TEST_06317,EQS_V297_2022_2023,벤츠,벤츠,True
TEST_06318,i4_2022_2024,BMW,BMW,True
TEST_06319,레인지로버_4세대_2014_2017,유럽 프리미엄,유럽 프리미엄,True
TEST_06320,뷰티풀_코란도_2019_2024,기타,기타,True
TEST_06321,Q30_2017_2019,일본/프랑스,일본/프랑스,True
TEST_06322,3시리즈_F30_2013_2018,BMW,BMW,True
TEST_06323,뉴QM3_2018_2019,일본/프랑스,일본/프랑스,True
TEST_06324,더_뉴_그랜드_스타렉스_2018_2021,현대,현대,True
TEST_06325,마칸_2019_2021,기타 독일차,기타 독일차,True
TEST_06326,랭글러_JK_2009_2017,미국,미국,True
TEST_06327,QM3_2014_2017,일본/프랑스,일본/프랑스,True
TEST_06328,X2_F39_2018_2023,BMW,BMW,True
TEST_06329,Z4_G29_2019_2025,BMW,BMW,True
TEST_06330,X7_G07_2019_2022,BMW,BMW,True
TEST_06331,그랜저TG_2007_2008,현대,현대,True
TEST_06332,디스커버리_4_2010_2016,유럽 프리미엄,유럽 프리미엄,True
TEST_06333,셀토스_2020_2023,기아,기아,True
TEST_06334,S_클래스_W221_2006_2013,벤츠,벤츠,True
TEST_06335,컴패스_2세대_2018_2022,미국,미국,True
TEST_06336,레인지로버_5세대_2023_2024,유럽 프리미엄,유럽 프리미엄,True
TEST_06337,X5_F15_2014_2018,BMW,BMW,True
TEST_06338,더_뉴_그랜저_IG_2020_2023,현대,현대,True
TEST_06339,콰트로포르테_2014_2016,유럽 프리미엄,유럽 프리미엄,True
TEST_06340,더_뉴_레이_2018_2022,기아,기아,True
TEST_06341,뉴_A6_2012_2014,기타 독일차,기타 독일차,True
TEST_06342,EQA_H243_2021_2024,벤츠,벤츠,True
TEST_06343,GLC_클래스_X253_2023,벤츠,벤츠,True
TEST_06344,뉴_카이엔_2011_2018,기타 독일차,기타 독일차,True
TEST_06345,뉴_A6_2012_2014,기타 독일차,기타 독일차,True
TEST_06346,트래버스_2020_2023,미국,미국,True
TEST_06347,6시리즈_GT_G32_2021_2024,BMW,BMW,True
TEST_06348,트랙스_크로스오버_2024_2025,미국,미국,True
TEST_06349,셀토스_2020_2023,기아,기아,True
TEST_06350,Q7_4M_2016_2019,기타 독일차,기타 독일차,True
TEST_06351,GLB_클래스_X247_2020_2023,벤츠,벤츠,True
TEST_06352,싼타페_TM_2019_2020,현대,현대,True
TEST_06353,CLA_클래스_C118_2020_2025,벤츠,벤츠,True
TEST_06354,X3_G01_2018_2021,BMW,BMW,True
TEST_06355,더_뉴_SM6_2021_2024,일본/프랑스,일본/프랑스,True
TEST_06356,익스플로러_2016_2017,미국,미국,True
TEST_06357,Q5_FY_2021_2024,기타 독일차,기타 독일차,True
TEST_06358,GLC_클래스_X254_2023_2025,벤츠,벤츠,True
TEST_06359,G70_2018_2020,제네시스,제네시스,True
TEST_06360,GLA_클래스_H247_2020_2025,벤츠,벤츠,True
TEST_06361,7시리즈_G11_2016_2018,BMW,BMW,True
TEST_06362,디스커버리_5_2017_2020,유럽 프리미엄,유럽 프리미엄,True
TEST_06363,뷰티풀_코란도_2019_2024,기타,기타,True
TEST_06364,디스커버리_4_2010_2016,유럽 프리미엄,유럽 프리미엄,True
TEST_06365,아반떼_MD_2011_2014,벤츠,현대,False
TEST_06366,K5_3세대_2020_2023,기아,기아,True
TEST_06367,더_뉴_팰리세이드_2023_2024,현대,현대,True
TEST_06368,G_클래스_W463_2009_2017,벤츠,벤츠,True
TEST_06369,YF쏘나타_하이브리드_2011_2015,현대,현대,True
TEST_06370,디_올뉴싼타페_2024_2025,현대,현대,True
TEST_06371,EQS_V297_2022_2023,벤츠,벤츠,True
TEST_06372,K3_2013_2015,기아,기아,True
TEST_06373,7시리즈_F01_2009_2015,BMW,BMW,True
TEST_06374,카이엔_PO536_2019_2023,기타 독일차,기타 독일차,True
TEST_06375,X7_G07_2019_2022,BMW,BMW,True
TEST_06376,컨티넨탈_GT_3세대_2018_2023,유럽 프리미엄,유럽 프리미엄,True
TEST_06377,올_뉴_K7_하이브리드_2017_2019,기아,기아,True
TEST_06378,5시리즈_F10_2010_2016,BMW,BMW,True
TEST_06379,프리우스_C_2018_2020,일본/프랑스,일본/프랑스,True
TEST_06380,XC90_2세대_2020_2025,유럽 프리미엄,유럽 프리미엄,True
TEST_06381,디_올뉴그랜저_2023_2025,현대,현대,True
TEST_06382,뉴_SM5_임프레션_2008_2010,일본/프랑스,일본/프랑스,True
TEST_06383,디_올뉴싼타페_2024_2025,현대,현대,True
TEST_06384,그랑_콜레오스_2025,일본/프랑스,일본/프랑스,True
TEST_06385,싼타페_더_프라임_2016_2018,현대,현대,True
TEST_06386,트랙스_2013_2016,미국,미국,True
TEST_06387,레인지로버_스포츠_2세대_2018_2022,유럽 프리미엄,유럽 프리미엄,True
TEST_06388,아이오닉_하이브리드_2016_2019,현대,현대,True
TEST_06389,G90_RS4_2022_2025,제네시스,제네시스,True
TEST_06390,더_뉴_레이_2018_2022,기아,기아,True
TEST_06391,F_PACE_2017_2019,유럽 프리미엄,유럽 프리미엄,True
TEST_06392,모델_Y_2021_2025,미국,미국,True
TEST_06393,파나메라_2010_2016,기타 독일차,기타 독일차,True
TEST_06394,더_뉴_아반떼_CN7_2023_2025,현대,현대,True
TEST_06395,뉴_SM5_플래티넘_2013_2014,일본/프랑스,일본/프랑스,True
TEST_06396,X4_G02_2022_2025,BMW,BMW,True
TEST_06397,C_클래스_W205_2015_2021,벤츠,벤츠,True
TEST_06398,XM3_2024,일본/프랑스,일본/프랑스,True
TEST_06399,GLC_클래스_X253_2023,벤츠,벤츠,True
TEST_06400,파나메라_971_2017_2023,기타 독일차,기타 독일차,True
TEST_06401,3시리즈_G20_2023_2025,BMW,BMW,True
TEST_06402,그랜드카니발_2006_2010,기아,기아,True
TEST_06403,2시리즈_그란쿠페_F44_2020_2024,BMW,BMW,True
TEST_06404,K5_하이브리드_3세대_2020_2023,기아,기아,True
TEST_06405,쿠퍼_컨버터블_2016_2024,기타 독일차,기타 독일차,True
TEST_06406,5시리즈_G60_2024_2025,BMW,BMW,True
TEST_06407,더_뉴_셀토스_2023_2025,기아,기아,True
TEST_06408,GV80_2020_2022,제네시스,제네시스,True
TEST_06409,싼타페_MX5_2024_2025,현대,현대,True
TEST_06410,e_트론_2020_2023,기타 독일차,기타 독일차,True
TEST_06411,RAV4_5세대_2019_2024,일본/프랑스,일본/프랑스,True
TEST_06412,ES300h_7세대_2019_2026,일본/프랑스,일본/프랑스,True
TEST_06413,New_XF_2012_2015,유럽 프리미엄,유럽 프리미엄,True
TEST_06414,X2_F39_2018_2023,BMW,BMW,True
TEST_06415,랭글러_JL_2018_2024,미국,미국,True
TEST_06416,모닝_어반_JA_2021_2023,기아,기아,True
TEST_06417,CLS_클래스_W218_2012_2017,벤츠,벤츠,True
TEST_06418,디_올뉴니로_2022_2025,기아,기아,True
TEST_06419,티구안_올스페이스_2018_2023,기타 독일차,기타 독일차,True
TEST_06420,SM7_뉴아트_2008_2011,일본/프랑스,일본/프랑스,True
TEST_06421,i30_PD_2017_2018,현대,현대,True
TEST_06422,뉴_SM5_플래티넘_2013_2014,일본/프랑스,일본/프랑스,True
TEST_06423,투아렉_3세대_2020_2023,기타 독일차,기타 독일차,True
TEST_06424,더_뉴_K3_2세대_2022_2024,기아,기아,True
TEST_06425,더_뉴_모닝_2015_2016,기아,기아,True
TEST_06426,투아렉_3세대_2020_2023,기타 독일차,기타 독일차,True
TEST_06427,S_클래스_W221_2006_2013,벤츠,벤츠,True
TEST_06428,올_뉴_투싼_TL_2016_2018,현대,현대,True
TEST_06429,제네시스_DH_2014_2016,제네시스,제네시스,True
TEST_06430,뉴_SM5_플래티넘_2013_2014,일본/프랑스,일본/프랑스,True
TEST_06431,X3_G01_2022_2024,BMW,BMW,True
TEST_06432,쿠퍼_컨버터블_2016_2024,기타 독일차,기타 독일차,True
TEST_06433,뉴_체어맨_W_2012_2016,기타,기타,True
TEST_06434,투싼_NX4_2021_2023,현대,현대,True
TEST_06435,6시리즈_GT_G32_2018_2020,BMW,BMW,True
TEST_06436,더_뉴_아이오닉_하이브리드_2020,현대,현대,True
TEST_06437,더_뉴_K3_2016_2018,기아,기아,True
TEST_06438,올_뉴_카마로_2017_2018,미국,미국,True
TEST_06439,스팅어_2018_2020,기아,기아,True
TEST_06440,올_뉴_모닝_JA_2017_2020,기아,기아,True
TEST_06441,XC90_2세대_2017_2019,유럽 프리미엄,유럽 프리미엄,True
TEST_06442,더_뉴_K5_하이브리드_3세대_2023_2025,기아,기아,True
TEST_06443,e_트론_2020_2023,기타 독일차,기타 독일차,True
TEST_06444,티구안_올스페이스_2018_2023,기타 독일차,기타 독일차,True
TEST_06445,더_뉴_K5_하이브리드_3세대_2023_2025,기아,기아,True
TEST_06446,렉스턴_스포츠_2018_2021,기타,기타,True
TEST_06447,CLS_클래스_C257_2019_2023,벤츠,벤츠,True
TEST_06448,파나메라_971_2017_2023,기타 독일차,기타 독일차,True
TEST_06449,A_클래스_W177_2020_2025,벤츠,벤츠,True
TEST_06450,e_트론_2020_2023,기타 독일차,기타 독일차,True
TEST_06451,YF쏘나타_2009_2012,현대,현대,True
TEST_06452,XM3_2020_2023,일본/프랑스,일본/프랑스,True
TEST_06453,몬데오_4세대_2015_2020,미국,미국,True
TEST_06454,그랜드_체로키_2014_2020,미국,미국,True
TEST_06455,M4_F82_2015_2020,BMW,BMW,True
TEST_06456,티구안_올스페이스_2018_2023,기타 독일차,기타 독일차,True
TEST_06457,모델_Y_2021_2025,미국,미국,True
TEST_06458,더_뉴_카니발_4세대_2024_2025,현대,기아,False
TEST_06459,레니게이드_2015_2017,미국,미국,True
TEST_06460,M5_F90_2018_2023,BMW,BMW,True
TEST_06461,CT6_2016_2018,미국,미국,True
TEST_06462,K5_2세대_2016_2018,기아,기아,True
TEST_06463,F150_2004_2021,미국,미국,True
TEST_06464,F_PACE_2017_2019,유럽 프리미엄,유럽 프리미엄,True
TEST_06465,스타리아_2022_2025,현대,현대,True
TEST_06466,4시리즈_F32_2014_2020,BMW,BMW,True
TEST_06467,EV9_2024_2025,기아,기아,True
TEST_06468,SM3_네오_2015_2019,일본/프랑스,일본/프랑스,True
TEST_06469,제네시스_DH_2014_2016,제네시스,제네시스,True
TEST_06470,더_뉴_맥스크루즈_2016_2018,현대,현대,True
TEST_06471,컨티넨탈_GT_3세대_2018_2023,유럽 프리미엄,유럽 프리미엄,True
TEST_06472,토레스_2023_2025,기타,기타,True
TEST_06473,더_뉴_K5_하이브리드_3세대_2023_2025,기아,기아,True
TEST_06474,디_올뉴니로_2022_2025,기아,기아,True
TEST_06475,디_올_뉴_스포티지_2022_2024,기아,기아,True
TEST_06476,일렉트리파이드_GV70_2022_2024,제네시스,제네시스,True
TEST_06477,투싼_NX4_2021_2023,현대,현대,True
TEST_06478,쏘나타_뉴_라이즈_2018_2019,현대,현대,True
TEST_06479,코나_2018_2020,현대,현대,True
TEST_06480,박스터_718_2017_2024,기타 독일차,기타 독일차,True
TEST_06481,랭글러_JL_2018_2024,미국,미국,True
TEST_06482,아반떼_하이브리드_CN7_2021_2023,현대,현대,True
TEST_06483,X1_F48_2016_2019,BMW,BMW,True
TEST_06484,RAV4_2016_2018,일본/프랑스,일본/프랑스,True
TEST_06485,쿠퍼_컨트리맨_2012_2015,기타 독일차,기타 독일차,True
TEST_06486,K8_2022_2024,기아,기아,True
TEST_06487,모델_3_2019_2022,미국,미국,True
TEST_06488,CT6_2016_2018,미국,미국,True
TEST_06489,iX_2022_2024,BMW,BMW,True
TEST_06490,ES300h_7세대_2019_2026,일본/프랑스,일본/프랑스,True
TEST_06491,XM3_2024,일본/프랑스,일본/프랑스,True
TEST_06492,QX60_2016_2018,일본/프랑스,일본/프랑스,True
TEST_06493,X5_G05_2019_2023,BMW,BMW,True
TEST_06494,XM3_2020_2023,일본/프랑스,일본/프랑스,True
TEST_06495,더_뉴_K7_2013_2016,기아,기아,True
TEST_06496,더_뉴_스파크_2019_2022,미국,미국,True
TEST_06497,Q5_FY_2021_2024,기타 독일차,기타 독일차,True
TEST_06498,5시리즈_G30_2017_2023,BMW,BMW,True
TEST_06499,C_클래스_W206_2022_2024,벤츠,벤츠,True
TEST_06500,알티마_2017_2018,일본/프랑스,일본/프랑스,True
TEST_06501,더_뉴_니로_2020_2022,기아,기아,True
TEST_06502,싼타페_TM_2019_2020,현대,현대,True
TEST_06503,7시리즈_G11_2016_2018,BMW,BMW,True
TEST_06504,XC40_2019_2022,유럽 프리미엄,유럽 프리미엄,True
TEST_06505,Q5_FY_2021_2024,기타 독일차,기타 독일차,True
TEST_06506,A7_2012_2016,미국,기타 독일차,False
TEST_06507,RAV4_5세대_2019_2024,일본/프랑스,일본/프랑스,True
TEST_06508,디스커버리_5_2022_2024,유럽 프리미엄,유럽 프리미엄,True
TEST_06509,에비에이터_2세대_2020_2025,미국,미국,True
TEST_06510,GLA_클래스_X156_2015_2019,벤츠,벤츠,True
TEST_06511,X5_F15_2014_2018,BMW,BMW,True
TEST_06512,E_클래스_W214_2024_2025,벤츠,벤츠,True
TEST_06513,G4_렉스턴_2018_2020,기타,기타,True
TEST_06514,뉴_G80_2025_2026,제네시스,제네시스,True
TEST_06515,CLA_클래스_C117_2014_2019,벤츠,벤츠,True
TEST_06516,디펜더_L663_2020_2025,유럽 프리미엄,유럽 프리미엄,True
TEST_06517,A7_4K_2020_2024,기타 독일차,기타 독일차,True
TEST_06518,더_뉴_레이_2018_2022,기아,기아,True
TEST_06519,X5_G05_2019_2023,BMW,BMW,True
TEST_06520,팰리세이드_LX3_2025,현대,현대,True
TEST_06521,코나_SX2_2023_2025,현대,현대,True
TEST_06522,더_올뉴G80_2021_2024,현대,현대,True
TEST_06523,일렉트리파이드_GV70_2022_2024,제네시스,제네시스,True
TEST_06524,엑센트_신형_2011_2019,현대,현대,True
TEST_06525,파나메라_2010_2016,기타 독일차,기타 독일차,True
TEST_06526,티볼리_에어_2021_2022,기타,기타,True
TEST_06527,올_뉴_카니발_2015_2019,기아,기아,True
TEST_06528,Q50_2014_2017,일본/프랑스,일본/프랑스,True
TEST_06529,올_뉴_말리부_2017_2018,미국,미국,True
TEST_06530,e_트론_2020_2023,기타 독일차,기타 독일차,True
TEST_06531,7시리즈_G70_2023_2025,BMW,BMW,True
TEST_06532,아반떼_하이브리드_CN7_2021_2023,현대,현대,True
TEST_06533,더_뉴_G70_2021_2025,제네시스,제네시스,True
TEST_06534,그랑_콜레오스_2025,일본/프랑스,일본/프랑스,True
TEST_06535,더_뉴_모닝_2015_2016,기아,기아,True
TEST_06536,8시리즈_G15_2020_2024,BMW,BMW,True
TEST_06537,뉴_카이엔_2011_2018,기타 독일차,기타 독일차,True
TEST_06538,A4_B9_2020_2024,기타 독일차,기타 독일차,True
TEST_06539,임팔라_2016_2019,미국,미국,True
TEST_06540,All_New_XJ_2016_2019,유럽 프리미엄,유럽 프리미엄,True
TEST_06541,X3_G01_2018_2021,BMW,BMW,True
TEST_06542,타이칸_2021_2025,기타 독일차,기타 독일차,True
TEST_06543,베리_뉴_티볼리_2020_2023,기타,기타,True
TEST_06544,AMG_GT_2016_2024,벤츠,벤츠,True
TEST_06545,K7_프리미어_2020_2021,기아,기아,True
TEST_06546,Z4_G29_2019_2025,BMW,BMW,True
TEST_06547,X4_G02_2019_2021,BMW,BMW,True
TEST_06548,X5_F15_2014_2018,BMW,BMW,True
TEST_06549,디스커버리_4_2010_2016,유럽 프리미엄,유럽 프리미엄,True
TEST_06550,모델_3_2019_2022,미국,미국,True
TEST_06551,쏘나타_뉴_라이즈_2018_2019,현대,현대,True
TEST_06552,셀토스_2020_2023,기아,기아,True
TEST_06553,X3_G01_2022_2024,BMW,BMW,True
TEST_06554,C_클래스_W206_2022_2024,벤츠,벤츠,True
TEST_06555,더_뉴_쏘렌토_4세대_2024_2025,기아,기아,True
TEST_06556,팰리세이드_LX3_2025,현대,현대,True
TEST_06557,GLS_클래스_X166_2017_2019,벤츠,벤츠,True
TEST_06558,C_클래스_W204_2008_2015,벤츠,벤츠,True
TEST_06559,디스커버리_5_2017_2020,유럽 프리미엄,유럽 프리미엄,True
TEST_06560,더_뉴_싼타페_2021_2023,현대,현대,True
TEST_06561,K8_2022_2024,기아,기아,True
TEST_06562,디_올뉴코나_2023_2025,현대,현대,True
TEST_06563,디스커버리_4_2010_2016,유럽 프리미엄,유럽 프리미엄,True
TEST_06564,스팅어_마이스터_2021_2023,기아,기아,True
TEST_06565,4시리즈_G22_2021_2023,BMW,BMW,True
TEST_06566,XJ_8세대_2010_2019,유럽 프리미엄,유럽 프리미엄,True
TEST_06567,UX250h_2019_2024,일본/프랑스,일본/프랑스,True
TEST_06568,뉴_스타일_코란도_C_2017_2019,기타,기타,True
TEST_06569,마칸_2019_2021,기타 독일차,기타 독일차,True
TEST_06570,에스컬레이드_2015_2020,미국,미국,True
TEST_06571,뉴_ES300h_2013_2015,일본/프랑스,일본/프랑스,True
TEST_06572,Q5_FY_2021_2024,기타 독일차,기타 독일차,True
TEST_06573,그랜저TG_2007_2008,현대,현대,True
TEST_06574,SM3_네오_2015_2019,일본/프랑스,일본/프랑스,True
TEST_06575,GLA_클래스_H247_2020_2025,벤츠,벤츠,True
TEST_06576,더_뉴_니로_2020_2022,기아,기아,True
TEST_06577,올_뉴_K3_2019_2021,기아,기아,True
TEST_06578,XM3_2024,일본/프랑스,일본/프랑스,True
TEST_06579,티볼리_에어_2016_2019,기타,기타,True
TEST_06580,GV80_2020_2022,제네시스,제네시스,True
TEST_06581,더_뉴_렉스턴_스포츠_2021_2025,기타,기타,True
TEST_06582,K3_2013_2015,기아,기아,True
TEST_06583,K5_하이브리드_3세대_2020_2023,기아,기아,True
TEST_06584,아테온_2018_2023,기타 독일차,기타 독일차,True
TEST_06585,프리우스_C_2018_2020,일본/프랑스,일본/프랑스,True
TEST_06586,레인지로버_이보크_2016_2019,유럽 프리미엄,유럽 프리미엄,True
TEST_06587,X5_F15_2014_2018,BMW,BMW,True
TEST_06588,GLA_클래스_H247_2020_2025,벤츠,벤츠,True
TEST_06589,더_기아_레이_EV_2024_2025,기아,기아,True
TEST_06590,뉴_QM6_2021_2023,일본/프랑스,일본/프랑스,True
TEST_06591,파나메라_971_2017_2023,기타 독일차,기타 독일차,True
TEST_06592,디스커버리_5_2022_2024,유럽 프리미엄,유럽 프리미엄,True
TEST_06593,Z4_G29_2019_2025,BMW,BMW,True
TEST_06594,All_New_XJ_2016_2019,유럽 프리미엄,유럽 프리미엄,True
TEST_06595,뉴_GV80_2024_2025,제네시스,제네시스,True
TEST_06596,Z4_G29_2019_2025,BMW,BMW,True
TEST_06597,에비에이터_2세대_2020_2025,미국,미국,True
TEST_06598,임팔라_2016_2019,미국,미국,True
TEST_06599,쏘렌토_4세대_2021_2023,현대,현대,True
TEST_06600,레인지로버_4세대_2014_2017,유럽 프리미엄,유럽 프리미엄,True
TEST_06601,X6_G06_2020_2023,BMW,BMW,True
TEST_06602,뉴_제타_2011_2016,기타 독일차,기타 독일차,True
TEST_06603,X1_F48_2016_2019,BMW,BMW,True
TEST_06604,더_올뉴투싼_하이브리드_2021_2023,현대,현대,True
TEST_06605,렉스턴_스포츠_2018_2021,기타,기타,True
TEST_06606,V40_2015_2018,유럽 프리미엄,유럽 프리미엄,True
TEST_06607,1시리즈_F20_2016_2019,BMW,BMW,True
TEST_06608,올_뉴_투싼_TL_2019_2020,현대,현대,True
TEST_06609,X5_F15_2014_2018,BMW,BMW,True
TEST_06610,Q7_4M_2016_2019,기타 독일차,기타 독일차,True
TEST_06611,E_클래스_W213_2017_2020,벤츠,벤츠,True
TEST_06612,디_올뉴니로EV_2023_2024,기아,기아,True
TEST_06613,레인지로버_벨라_2018_2019,유럽 프리미엄,유럽 프리미엄,True
TEST_06614,G_클래스_W463b_2019_2025,벤츠,벤츠,True
TEST_06615,올_뉴_렉스턴_2021_2025,기타,기타,True
TEST_06616,더_뉴_아반떼_2014_2016,현대,현대,True
TEST_06617,더_뉴_파사트_2012_2019,기타 독일차,기타 독일차,True
TEST_06618,뉴_QM6_2021_2023,일본/프랑스,일본/프랑스,True
TEST_06619,쏘나타_디_엣지_DN8_2024_2025,현대,현대,True
TEST_06620,토레스_2023_2025,기타,기타,True
TEST_06621,티볼리_에어_2016_2019,기타,기타,True
TEST_06622,CLE_클래스_C236_2024_2025,벤츠,벤츠,True
TEST_06623,Q7_4M_2016_2019,기타 독일차,기타 독일차,True
TEST_06624,트랙스_크로스오버_2024_2025,미국,미국,True
TEST_06625,S90_2021_2025,유럽 프리미엄,유럽 프리미엄,True
TEST_06626,iX_2022_2024,BMW,BMW,True
TEST_06627,디_올뉴니로_2022_2025,기아,기아,True
TEST_06628,더_뉴_렉스턴_스포츠_칸_2021_2025,기타,기타,True
TEST_06629,쿠퍼_컨버터블_2016_2024,기타 독일차,기타 독일차,True
TEST_06630,QM3_2014_2017,일본/프랑스,일본/프랑스,True
TEST_06631,X6_G06_2024_2025,BMW,BMW,True
TEST_06632,더_뉴_K5_3세대_2024_2025,기아,기아,True
TEST_06633,올_뉴_쏘렌토_2015_2017,기아,기아,True
TEST_06634,1시리즈_F20_2013_2015,BMW,BMW,True
TEST_06635,2008_2015_2017,기타,기타,True
TEST_06636,레인지로버_4세대_2014_2017,유럽 프리미엄,유럽 프리미엄,True
TEST_06637,올_뉴_K7_하이브리드_2017_2019,기아,기아,True
TEST_06638,뉴_SM5_플래티넘_2013_2014,일본/프랑스,일본/프랑스,True
TEST_06639,올란도_2012_2018,미국,미국,True
TEST_06640,라브4_4세대_2013_2018,일본/프랑스,일본/프랑스,True
TEST_06641,시에나_4세대_2021_2024,일본/프랑스,일본/프랑스,True
TEST_06642,올란도_2012_2018,미국,미국,True
TEST_06643,더_뉴_말리부_2019_2022,미국,미국,True
TEST_06644,A7_2012_2016,기타 독일차,기타 독일차,True
TEST_06645,더_뉴_렉스턴_스포츠_칸_2021_2025,기타,기타,True
TEST_06646,쿠퍼_컨트리맨_2012_2015,기타 독일차,기타 독일차,True
TEST_06647,더_뉴스포티지R_2014_2016,기아,기아,True
TEST_06648,6시리즈_F12_2011_2018,BMW,BMW,True
TEST_06649,A8_D5_2018_2023,기타 독일차,기타 독일차,True
TEST_06650,K5_하이브리드_3세대_2020_2023,기아,기아,True
TEST_06651,EQS_V297_2022_2023,벤츠,벤츠,True
TEST_06652,그랜드_체로키_WL_2021_2023,미국,미국,True
TEST_06653,4시리즈_F32_2014_2020,BMW,BMW,True
TEST_06654,QX60_2016_2018,일본/프랑스,일본/프랑스,True
TEST_06655,Q8_4M_2020_2025,기타 독일차,기타 독일차,True
TEST_06656,K7_프리미어_하이브리드_2020_2021,기아,기아,True
TEST_06657,마칸_2019_2021,기타 독일차,기타 독일차,True
TEST_06658,트레일블레이저_2023,미국,미국,True
TEST_06659,XJ_8세대_2010_2019,유럽 프리미엄,유럽 프리미엄,True
TEST_06660,5008_2세대_2018_2019,기타,기타,True
TEST_06661,에쿠스_신형_2010_2015,현대,현대,True
TEST_06662,뉴_ES300h_2016_2018,일본/프랑스,일본/프랑스,True
TEST_06663,디스커버리_스포츠_2015_2019,유럽 프리미엄,유럽 프리미엄,True
TEST_06664,더_뉴_QM6_2020_2023,일본/프랑스,일본/프랑스,True
TEST_06665,그랜드_스타렉스_2016_2018,현대,현대,True
TEST_06666,더_뉴_K5_하이브리드_3세대_2023_2025,기아,기아,True
TEST_06667,올_뉴_K3_2019_2021,기아,기아,True
TEST_06668,4시리즈_G22_2021_2023,BMW,BMW,True
TEST_06669,A_클래스_W176_2015_2018,벤츠,벤츠,True
TEST_06670,더_뉴_K5_2세대_2019_2020,기아,기아,True
TEST_06671,GV80_2024_2025,제네시스,제네시스,True
TEST_06672,아반떼_CN7_2021_2023,현대,현대,True
TEST_06673,레인지로버_이보크_2016_2019,유럽 프리미엄,유럽 프리미엄,True
TEST_06674,A7_2012_2016,기타 독일차,기타 독일차,True
TEST_06675,스타리아_2022_2025,현대,현대,True
TEST_06676,에스컬레이드_2015_2020,미국,미국,True
TEST_06677,3008_2세대_2018_2023,기타,기타,True
TEST_06678,레인지로버_스포츠_2세대_2018_2022,유럽 프리미엄,유럽 프리미엄,True
TEST_06679,더_뉴_코나_2021_2023,현대,현대,True
TEST_06680,K8_하이브리드_2022_2024,기아,기아,True
TEST_06681,파사트_GT_B8_2018_2022,기타 독일차,기타 독일차,True
TEST_06682,e_트론_2020_2023,기타 독일차,기타 독일차,True
TEST_06683,스포티지_더_볼드_2019_2022,기아,기아,True
TEST_06684,A4_B9_2020_2024,기타 독일차,기타 독일차,True
TEST_06685,에스컬레이드_5세대_2021_2024,미국,미국,True
TEST_06686,트랙스_2013_2016,미국,미국,True
TEST_06687,SM5_노바_2015_2019,일본/프랑스,일본/프랑스,True
TEST_06688,뉴_CC_2012_2016,기타 독일차,기타 독일차,True
TEST_06689,쿠퍼_컨트리맨_2016_2024,기타 독일차,기타 독일차,True
TEST_06690,쏘나타_뉴_라이즈_2018_2019,현대,현대,True
TEST_06691,컨티넨탈_10세대_2017_2019,미국,미국,True
TEST_06692,그랜드카니발_2006_2010,기아,기아,True
TEST_06693,올_뉴_쏘렌토_2015_2017,기아,기아,True
TEST_06694,레니게이드_2019_2023,미국,미국,True
TEST_06695,i30_PD_2017_2018,현대,현대,True
TEST_06696,뉴_ES300h_2016_2018,일본/프랑스,일본/프랑스,True
TEST_06697,코세어_2020_2022,미국,미국,True
TEST_06698,아이오닉_하이브리드_2016_2019,현대,현대,True
TEST_06699,더_뉴_그랜드_스타렉스_2018_2021,현대,현대,True
TEST_06700,디스커버리_4_2010_2016,유럽 프리미엄,유럽 프리미엄,True
TEST_06701,뉴쏘렌토_R_2013_2014,기아,기아,True
TEST_06702,UX250h_2019_2024,일본/프랑스,일본/프랑스,True
TEST_06703,E_클래스_W214_2024_2025,벤츠,벤츠,True
TEST_06704,투싼_NX4_2021_2023,현대,현대,True
TEST_06705,X2_F39_2018_2023,BMW,BMW,True
TEST_06706,F150_2004_2021,미국,미국,True
TEST_06707,New_XF_2012_2015,유럽 프리미엄,유럽 프리미엄,True
TEST_06708,카니발_4세대_2022_2023,기아,기아,True
TEST_06709,트레일블레이저_2021_2022,미국,미국,True
TEST_06710,셀토스_2020_2023,기아,기아,True
TEST_06711,토레스_2023_2025,기타,기타,True
TEST_06712,셀토스_2020_2023,기아,기아,True
TEST_06713,X1_F48_2016_2019,BMW,BMW,True
TEST_06714,셀토스_2020_2023,기아,기아,True
TEST_06715,아슬란_2015_2018,현대,현대,True
TEST_06716,티볼리_에어_2016_2019,기타,기타,True
TEST_06717,말리부_2012_2016,미국,미국,True
TEST_06718,올란도_2012_2018,미국,미국,True
TEST_06719,SM7_뉴아트_2008_2011,일본/프랑스,일본/프랑스,True
TEST_06720,그랜저TG_2007_2008,현대,현대,True
TEST_06721,S_클래스_W222_2014_2020,벤츠,벤츠,True
TEST_06722,마칸_2019_2021,기타 독일차,기타 독일차,True
TEST_06723,마칸_2019_2021,기타 독일차,기타 독일차,True
TEST_06724,더_뉴_K5_하이브리드_3세대_2023_2025,기아,기아,True
TEST_06725,X1_U11_2023_2024,BMW,BMW,True
TEST_06726,레인지로버_이보크_2016_2019,유럽 프리미엄,유럽 프리미엄,True
TEST_06727,싼타페_TM_2019_2020,현대,현대,True
TEST_06728,레인지로버_4세대_2018_2022,유럽 프리미엄,유럽 프리미엄,True
TEST_06729,4시리즈_G22_2024_2025,BMW,BMW,True
TEST_06730,아반떼_하이브리드_CN7_2021_2023,현대,현대,True
TEST_06731,XC90_2세대_2017_2019,유럽 프리미엄,유럽 프리미엄,True
TEST_06732,G_클래스_W463b_2019_2025,벤츠,벤츠,True
TEST_06733,스파크_2012_2015,미국,미국,True
TEST_06734,S60_3세대_2020_2024,유럽 프리미엄,유럽 프리미엄,True
TEST_06735,A_클래스_W177_2020_2025,벤츠,벤츠,True
TEST_06736,XF_X260_2016_2020,유럽 프리미엄,유럽 프리미엄,True
TEST_06737,Q7_4M_2016_2019,기타 독일차,기타 독일차,True
TEST_06738,YF쏘나타_2009_2012,현대,현대,True
TEST_06739,뉴_카이엔_2011_2018,기타 독일차,기타 독일차,True
TEST_06740,쏘렌토_4세대_2021_2023,현대,현대,True
TEST_06741,랭글러_JL_2018_2024,미국,미국,True
TEST_06742,X1_U11_2023_2024,BMW,BMW,True
TEST_06743,더_뉴_그랜드_스타렉스_2018_2021,현대,현대,True
TEST_06744,GV80_2024_2025,제네시스,제네시스,True
TEST_06745,Q8_4M_2020_2025,기타 독일차,기타 독일차,True
TEST_06746,S90_2017_2020,유럽 프리미엄,유럽 프리미엄,True
TEST_06747,레인지로버_스포츠_2세대_2013_2017,유럽 프리미엄,유럽 프리미엄,True
TEST_06748,GLC_클래스_X253_2023,벤츠,벤츠,True
TEST_06749,올_뉴_카니발_2015_2019,기아,기아,True
TEST_06750,더_뉴_SM6_2021_2024,일본/프랑스,일본/프랑스,True
TEST_06751,X4_G02_2019_2021,BMW,BMW,True
TEST_06752,X7_G07_2019_2022,BMW,BMW,True
TEST_06753,GLA_클래스_X156_2015_2019,벤츠,벤츠,True
TEST_06754,RAV4_2016_2018,일본/프랑스,일본/프랑스,True
TEST_06755,더_뉴_싼타페_2021_2023,현대,현대,True
TEST_06756,LF_쏘나타_2015_2017,현대,현대,True
TEST_06757,뉴쏘렌토_R_2013_2014,기아,기아,True
TEST_06758,아반떼_하이브리드_CN7_2021_2023,현대,현대,True
TEST_06759,Q50_2014_2017,일본/프랑스,일본/프랑스,True
TEST_06760,더_뉴_아반떼_AD_2019_2020,현대,현대,True
TEST_06761,뉴_스타일_코란도_C_2017_2019,기타,기타,True
TEST_06762,더_뉴_렉스턴_스포츠_2021_2025,기타,기타,True
TEST_06763,스타리아_2022_2025,현대,현대,True
TEST_06764,2008_2015_2017,기타,기타,True
TEST_06765,더_뉴_말리부_2019_2022,미국,미국,True
TEST_06766,SM7_뉴아트_2008_2011,일본/프랑스,일본/프랑스,True
TEST_06767,1시리즈_F20_2013_2015,BMW,BMW,True
TEST_06768,트랙스_크로스오버_2024_2025,미국,미국,True
TEST_06769,5시리즈_G60_2024_2025,BMW,BMW,True
TEST_06770,X3_G01_2018_2021,BMW,BMW,True
TEST_06771,올_뉴_말리부_2017_2018,미국,미국,True
TEST_06772,싼타페_더_프라임_2016_2018,현대,현대,True
TEST_06773,EQE_V295_2022_2024,벤츠,벤츠,True
TEST_06774,토레스_2023_2025,기타,기타,True
TEST_06775,레이_2012_2017,기아,기아,True
TEST_06776,CLE_클래스_C236_2024_2025,벤츠,벤츠,True
TEST_06777,아이오닉6_2023_2025,현대,현대,True
TEST_06778,올란도_2012_2018,미국,미국,True
TEST_06779,S60_3세대_2020_2024,유럽 프리미엄,유럽 프리미엄,True
TEST_06780,레니게이드_2019_2023,미국,미국,True
TEST_06781,M2_F87_2016_2021,BMW,BMW,True
TEST_06782,E_클래스_W213_2017_2020,벤츠,벤츠,True
TEST_06783,아슬란_2015_2018,현대,현대,True
TEST_06784,6시리즈_GT_G32_2021_2024,BMW,BMW,True
TEST_06785,G80_RG3_2021_2023,제네시스,제네시스,True
TEST_06786,뉴_ES300h_2013_2015,일본/프랑스,일본/프랑스,True
TEST_06787,스포티지_더_볼드_2019_2022,기아,기아,True
TEST_06788,XC60_2세대_2022_2025,유럽 프리미엄,유럽 프리미엄,True
TEST_06789,아반떼_AD_2016_2018,현대,현대,True
TEST_06790,컴패스_2세대_2018_2022,미국,미국,True
TEST_06791,더_뉴_렉스턴_스포츠_2021_2025,기타,기타,True
TEST_06792,더_뉴_SM6_2021_2024,일본/프랑스,일본/프랑스,True
TEST_06793,EQA_H243_2021_2024,벤츠,벤츠,True
TEST_06794,4시리즈_F32_2014_2020,BMW,BMW,True
TEST_06795,더_올뉴투싼_하이브리드_2021_2023,현대,현대,True
TEST_06796,디_올_뉴_스포티지_2022_2024,기아,기아,True
TEST_06797,G80_RG3_2025,제네시스,제네시스,True
TEST_06798,체로키_KL_2019_2023,미국,미국,True
TEST_06799,더_뉴_기아_레이_2022_2025,기아,기아,True
TEST_06800,B_클래스_W246_2013_2018,벤츠,벤츠,True
TEST_06801,모닝_어반_JA_2021_2023,기아,기아,True
TEST_06802,2시리즈_액티브_투어러_U06_2022_2024,BMW,BMW,True
TEST_06803,캐스퍼_2022_2024,현대,현대,True
TEST_06804,CT6_2016_2018,미국,미국,True
TEST_06805,3시리즈_E90_2005_2012,BMW,BMW,True
TEST_06806,G80_RG3_2025,제네시스,제네시스,True
TEST_06807,V90_크로스컨트리_2018_2024,유럽 프리미엄,유럽 프리미엄,True
TEST_06808,캐스퍼_2022_2024,현대,현대,True
TEST_06809,F150_2004_2021,미국,미국,True
TEST_06810,Q5_FY_2021_2024,기타 독일차,기타 독일차,True
TEST_06811,더_뉴_스파크_2019_2022,미국,미국,True
TEST_06812,뉴_제타_2011_2016,기타 독일차,기타 독일차,True
TEST_06813,XM3_2024,일본/프랑스,일본/프랑스,True
TEST_06814,G80_2017_2020,제네시스,제네시스,True
TEST_06815,1시리즈_F20_2016_2019,BMW,BMW,True
TEST_06816,뉴_CC_2012_2016,기타 독일차,기타 독일차,True
TEST_06817,제네시스_DH_2014_2016,제네시스,제네시스,True
TEST_06818,마칸_2014_2018,기타 독일차,기타 독일차,True
TEST_06819,Q5_FY_2020,기타 독일차,기타 독일차,True
TEST_06820,G_클래스_W463b_2019_2025,벤츠,벤츠,True
TEST_06821,팰리세이드_2019_2022,현대,현대,True
TEST_06822,팰리세이드_2019_2022,현대,현대,True
TEST_06823,그랜저_IG_2017_2019,현대,현대,True
TEST_06824,LF_쏘나타_2015_2017,현대,현대,True
TEST_06825,박스터_718_2017_2024,기타 독일차,기타 독일차,True
TEST_06826,스팅어_2018_2020,기아,기아,True
TEST_06827,X1_F48_2016_2019,BMW,BMW,True
TEST_06828,올_뉴_K7_하이브리드_2017_2019,기아,기아,True
TEST_06829,C_클래스_W206_2022_2024,벤츠,벤츠,True
TEST_06830,더_K9_2019_2021,기아,기아,True
TEST_06831,뉴_GV80_2024_2025,제네시스,제네시스,True
TEST_06832,아베오_2012_2016,미국,미국,True
TEST_06833,3시리즈_G20_2023_2025,BMW,BMW,True
TEST_06834,싼타페_더_프라임_2016_2018,현대,현대,True
TEST_06835,토레스_2023_2025,기타,기타,True
TEST_06836,뉴_스타일_코란도_C_2017_2019,기타,기타,True
TEST_06837,마칸_2019_2021,기타 독일차,기타 독일차,True
TEST_06838,레이_2012_2017,기아,기아,True
TEST_06839,그랑_콜레오스_2025,일본/프랑스,일본/프랑스,True
TEST_06840,XE_2016_2019,유럽 프리미엄,유럽 프리미엄,True
TEST_06841,4시리즈_G22_2021_2023,BMW,BMW,True
TEST_06842,더_올뉴투싼_하이브리드_2021_2023,현대,현대,True
TEST_06843,X1_F48_2020_2022,BMW,BMW,True
TEST_06844,더_뉴_팰리세이드_2023_2024,현대,현대,True
TEST_06845,레인지로버_5세대_2023_2024,유럽 프리미엄,유럽 프리미엄,True
TEST_06846,A_클래스_W176_2015_2018,벤츠,벤츠,True
TEST_06847,스팅어_마이스터_2021_2023,기아,기아,True
TEST_06848,X6_G06_2020_2023,BMW,BMW,True
TEST_06849,E_PACE_2018_2020,유럽 프리미엄,유럽 프리미엄,True
TEST_06850,X7_G07_2019_2022,BMW,BMW,True
TEST_06851,더_뉴_싼타페_2021_2023,현대,현대,True
TEST_06852,뉴_스타일_코란도_C_2017_2019,기타,기타,True
TEST_06853,뉴_ES300h_2013_2015,일본/프랑스,일본/프랑스,True
TEST_06854,더_뉴_렉스턴_스포츠_칸_2021_2025,기타,기타,True
TEST_06855,UX250h_2019_2024,일본/프랑스,일본/프랑스,True
TEST_06856,7시리즈_G70_2023_2025,BMW,BMW,True
TEST_06857,더_뉴_아반떼_CN7_2023_2025,현대,현대,True
TEST_06858,XE_2016_2019,유럽 프리미엄,유럽 프리미엄,True
TEST_06859,Q3_F3_2020_2024,기타 독일차,기타 독일차,True
TEST_06860,더_뉴_모닝_2015_2016,기아,기아,True
TEST_06861,티볼리_2015_2018,기타,기타,True
TEST_06862,E_클래스_W213_2021_2023,벤츠,벤츠,True
TEST_06863,더_뉴_투싼_NX4_2023_2025,현대,현대,True
TEST_06864,더_뉴_렉스턴_스포츠_칸_2021_2025,기타,기타,True
TEST_06865,더_뉴_K3_2016_2018,기아,기아,True
TEST_06866,뉴_QM5_2012_2014,일본/프랑스,일본/프랑스,True
TEST_06867,더_뉴_아이오닉_하이브리드_2020,현대,현대,True
TEST_06868,더_뉴_아반떼_AD_2019_2020,현대,현대,True
TEST_06869,티볼리_2015_2018,기타,기타,True
TEST_06870,더_뉴_니로_2020_2022,기아,기아,True
TEST_06871,쏘나타_DN8_2020_2023,현대,현대,True
TEST_06872,그랜저_GN7_2023_2025,현대,현대,True
TEST_06873,올란도_2012_2018,미국,미국,True
TEST_06874,아반떼_AD_2016_2018,현대,현대,True
TEST_06875,XC40_2019_2022,유럽 프리미엄,유럽 프리미엄,True
TEST_06876,X2_F39_2018_2023,BMW,BMW,True
TEST_06877,더_뉴_쏘렌토_2018_2020,기아,기아,True
TEST_06878,레인지로버_이보크_2016_2019,유럽 프리미엄,유럽 프리미엄,True
TEST_06879,더_뉴_싼타페_2021_2023,현대,현대,True
TEST_06880,CT6_2016_2018,미국,미국,True
TEST_06881,그랜드_체로키_2014_2020,미국,미국,True
TEST_06882,Q8_4M_2020_2025,기타 독일차,기타 독일차,True
TEST_06883,CLA_클래스_C117_2014_2019,벤츠,벤츠,True
TEST_06884,Q8_4M_2020_2025,기타 독일차,기타 독일차,True
TEST_06885,타이칸_2021_2025,기타 독일차,기타 독일차,True
TEST_06886,콜로라도_2020_2020,미국,미국,True
TEST_06887,G90_RS4_2022_2025,제네시스,제네시스,True
TEST_06888,파나메라_971_2017_2023,기타 독일차,기타 독일차,True
TEST_06889,익스플로러_2016_2017,미국,미국,True
TEST_06890,i30_PD_2017_2018,현대,현대,True
TEST_06891,A_클래스_W177_2020_2025,벤츠,벤츠,True
TEST_06892,A6_C8_2019_2025,기타 독일차,기타 독일차,True
TEST_06893,벨로스터_JS_2018_2020,현대,현대,True
TEST_06894,G70_2018_2020,제네시스,제네시스,True
TEST_06895,더_뉴_기아_레이_2022_2025,기아,기아,True
TEST_06896,E_PACE_2018_2020,유럽 프리미엄,유럽 프리미엄,True
TEST_06897,더_뉴_말리부_2019_2022,미국,미국,True
TEST_06898,QM6_2017_2019,일본/프랑스,일본/프랑스,True
TEST_06899,니로_2017_2019,기아,기아,True
TEST_06900,더_뉴_SM6_2021_2024,일본/프랑스,일본/프랑스,True
TEST_06901,XM3_2024,일본/프랑스,일본/프랑스,True
TEST_06902,올_뉴_모닝_JA_2017_2020,기아,기아,True
TEST_06903,더_뉴_트랙스_2017_2022,미국,미국,True
TEST_06904,싼타페_TM_2019_2020,현대,현대,True
TEST_06905,GLS_클래스_X166_2017_2019,벤츠,벤츠,True
TEST_06906,더_뉴_트랙스_2017_2022,미국,미국,True
TEST_06907,더_뉴_모하비_2017_2019,기아,기아,True
TEST_06908,더_뉴_쏘렌토_4세대_2024_2025,기아,기아,True
TEST_06909,S_클래스_W221_2006_2013,벤츠,벤츠,True
TEST_06910,액티언_2세대_2025,기타,기타,True
TEST_06911,V60_크로스컨트리_2세대_2020_2025,유럽 프리미엄,유럽 프리미엄,True
TEST_06912,A_클래스_W176_2015_2018,벤츠,벤츠,True
TEST_06913,G80_RG3_2021_2023,제네시스,제네시스,True
TEST_06914,GLE_클래스_W166_2016_2018,벤츠,벤츠,True
TEST_06915,익스플로러_2018_2019,미국,미국,True
TEST_06916,XJ_8세대_2010_2019,유럽 프리미엄,유럽 프리미엄,True
TEST_06917,스포티지_더_볼드_2019_2022,기아,기아,True
TEST_06918,올_뉴_K3_2019_2021,기아,기아,True
TEST_06919,모하비_더_마스터_2020_2024,기아,기아,True
TEST_06920,레인지로버_스포츠_2세대_2018_2022,유럽 프리미엄,유럽 프리미엄,True
TEST_06921,911_992_2020_2024,기타 독일차,기타 독일차,True
TEST_06922,더_뉴_니로_2020_2022,기아,기아,True
TEST_06923,코세어_2020_2022,미국,미국,True
TEST_06924,디스커버리_4_2010_2016,벤츠,유럽 프리미엄,False
TEST_06925,뉴_QM5_2012_2014,일본/프랑스,일본/프랑스,True
TEST_06926,뉴_QM6_2021_2023,일본/프랑스,일본/프랑스,True
TEST_06927,더_뉴_모닝_JA_2024_2025,기아,기아,True
TEST_06928,뷰티풀_코란도_2019_2024,기타,기타,True
TEST_06929,X1_U11_2023_2024,BMW,BMW,True
TEST_06930,A4_B9_2020_2024,기타 독일차,기타 독일차,True
TEST_06931,코나_SX2_2023_2025,현대,현대,True
TEST_06932,디스커버리_스포츠_2세대_2020_2025,유럽 프리미엄,유럽 프리미엄,True
TEST_06933,티구안_올스페이스_2018_2023,기타 독일차,기타 독일차,True
TEST_06934,QM3_2014_2017,일본/프랑스,일본/프랑스,True
TEST_06935,XC40_2019_2022,유럽 프리미엄,유럽 프리미엄,True
TEST_06936,쿠퍼_컨트리맨_2016_2024,기타 독일차,기타 독일차,True
TEST_06937,컨티넨탈_10세대_2017_2019,미국,미국,True
TEST_06938,7시리즈_G11_2016_2018,BMW,BMW,True
TEST_06939,에쿠스_신형_2010_2015,BMW,현대,False
TEST_06940,8시리즈_G15_2020_2024,BMW,BMW,True
TEST_06941,뉴_ES300h_2013_2015,일본/프랑스,일본/프랑스,True
TEST_06942,XE_2016_2019,유럽 프리미엄,유럽 프리미엄,True
TEST_06943,RAV4_2016_2018,일본/프랑스,일본/프랑스,True
TEST_06944,CLA_클래스_C117_2014_2019,벤츠,벤츠,True
TEST_06945,2시리즈_그란쿠페_F44_2020_2024,BMW,BMW,True
TEST_06946,스토닉_2018_2020,기아,기아,True
TEST_06947,QM3_2014_2017,일본/프랑스,일본/프랑스,True
TEST_06948,쿠퍼_컨트리맨_2012_2015,기타 독일차,기타 독일차,True
TEST_06949,쿠퍼_컨트리맨_2012_2015,기타 독일차,기타 독일차,True
TEST_06950,파나메라_971_2017_2023,기타 독일차,기타 독일차,True
TEST_06951,쿠퍼_컨트리맨_2016_2024,기타 독일차,기타 독일차,True
TEST_06952,더_뉴_렉스턴_스포츠_2021_2025,기타,기타,True
TEST_06953,G90_2019_2022,제네시스,제네시스,True
TEST_06954,아이오닉_하이브리드_2016_2019,현대,현대,True
TEST_06955,싼타페_더_프라임_2016_2018,현대,현대,True
TEST_06956,글래디에이터_JT_2020_2023,미국,미국,True
TEST_06957,더_뉴_그랜드_스타렉스_2018_2021,현대,현대,True
TEST_06958,더_뉴_쏘렌토_2018_2020,기아,기아,True
TEST_06959,더_뉴_코란도_스포츠_2016_2018,기타,기타,True
TEST_06960,7시리즈_G11_2016_2018,BMW,BMW,True
TEST_06961,RAV4_5세대_2019_2024,일본/프랑스,일본/프랑스,True
TEST_06962,Q5_FY_2020,기타 독일차,기타 독일차,True
TEST_06963,A4_B9_2020_2024,기타 독일차,기타 독일차,True
TEST_06964,더_뉴_스파크_2019_2022,미국,미국,True
TEST_06965,티볼리_2015_2018,기타,기타,True
TEST_06966,i4_2022_2024,BMW,BMW,True
TEST_06967,그랜저TG_2007_2008,현대,현대,True
TEST_06968,라브4_4세대_2013_2018,일본/프랑스,일본/프랑스,True
TEST_06969,5시리즈_GT_F07_2010_2017,BMW,BMW,True
TEST_06970,QM3_2014_2017,일본/프랑스,일본/프랑스,True
TEST_06971,GLC_클래스_X253_2020_2022,벤츠,벤츠,True
TEST_06972,XF_X260_2016_2020,유럽 프리미엄,유럽 프리미엄,True
TEST_06973,EQ900_2016_2018,제네시스,제네시스,True
TEST_06974,모닝_어반_JA_2021_2023,기아,기아,True
TEST_06975,뉴_체어맨_W_2012_2016,기타,기타,True
TEST_06976,어코드_10세대_2018_2022,일본/프랑스,일본/프랑스,True
TEST_06977,G_클래스_W463b_2019_2025,벤츠,벤츠,True
TEST_06978,아반떼_N_2022_2023,현대,현대,True
TEST_06979,스포티지_5세대_2022_2024,기아,기아,True
TEST_06980,5시리즈_G60_2024_2025,BMW,BMW,True
TEST_06981,2시리즈_액티브_투어러_F45_2019_2021,BMW,BMW,True
TEST_06982,스파크_2012_2015,미국,미국,True
TEST_06983,1시리즈_F20_2013_2015,BMW,BMW,True
TEST_06984,레인지로버_이보크_2016_2019,유럽 프리미엄,유럽 프리미엄,True
TEST_06985,더_뉴_K5_하이브리드_3세대_2023_2025,기아,기아,True
TEST_06986,911_992_2020_2024,기타 독일차,기타 독일차,True
TEST_06987,디_올뉴싼타페_2024_2025,현대,현대,True
TEST_06988,제네시스_DH_2014_2016,제네시스,제네시스,True
TEST_06989,XJ_8세대_2010_2019,유럽 프리미엄,유럽 프리미엄,True
TEST_06990,XC90_2세대_2020_2025,유럽 프리미엄,유럽 프리미엄,True
TEST_06991,디_올_뉴_스포티지_2022_2024,기아,기아,True
TEST_06992,렉스턴_스포츠_칸_2019_2020,기타,기타,True
TEST_06993,S_클래스_W221_2006_2013,벤츠,벤츠,True
TEST_06994,벨로스터_JS_2018_2020,현대,현대,True
TEST_06995,X3_G01_2022_2024,BMW,BMW,True
TEST_06996,아이오닉5_2022_2023,현대,현대,True
TEST_06997,아테온_2018_2023,기타 독일차,기타 독일차,True
TEST_06998,718_박스터_2017_2024,기타 독일차,기타 독일차,True
TEST_06999,아이오닉6_2023_2025,현대,현대,True
TEST_07000,뉴_SM5_플래티넘_2013_2014,일본/프랑스,일본/프랑스,True
TEST_07001,GLC_클래스_X253_2017_2019,벤츠,벤츠,True
TEST_07002,프리우스_4세대_2016_2018,일본/프랑스,일본/프랑스,True
TEST_07003,디_올뉴코나_2023_2025,현대,현대,True
TEST_07004,CLS_클래스_W218_2012_2017,벤츠,벤츠,True
TEST_07005,5시리즈_GT_F07_2010_2017,BMW,BMW,True
TEST_07006,Q7_4M_2020_2023,기타 독일차,기타 독일차,True
TEST_07007,렉스턴_스포츠_2018_2021,기타,기타,True
TEST_07008,GLS_클래스_X166_2017_2019,벤츠,벤츠,True
TEST_07009,2시리즈_액티브_투어러_U06_2022_2024,BMW,BMW,True
TEST_07010,i4_2022_2024,BMW,BMW,True
TEST_07011,그랑_콜레오스_2025,일본/프랑스,일본/프랑스,True
TEST_07012,X1_U11_2023_2024,BMW,BMW,True
TEST_07013,CLE_클래스_C236_2024_2025,벤츠,벤츠,True
TEST_07014,몬데오_4세대_2015_2020,미국,미국,True
TEST_07015,쿠퍼_컨트리맨_2012_2015,기타 독일차,기타 독일차,True
TEST_07016,캠리_XV70_2018_2024,일본/프랑스,일본/프랑스,True
TEST_07017,디_올뉴코나_2023_2025,현대,현대,True
TEST_07018,레이_2012_2017,기아,기아,True
TEST_07019,더_K9_2019_2021,기아,기아,True
TEST_07020,더_뉴_QM6_2020_2023,일본/프랑스,일본/프랑스,True
TEST_07021,올_뉴_투싼_TL_2016_2018,현대,현대,True
TEST_07022,RAV4_2016_2018,일본/프랑스,일본/프랑스,True
TEST_07023,Q7_4M_2016_2019,기타 독일차,기타 독일차,True
TEST_07024,뉴_체어맨_W_2012_2016,기타,기타,True
TEST_07025,마칸_2014_2018,기타 독일차,기타 독일차,True
TEST_07026,5008_2세대_2018_2019,기타,기타,True
TEST_07027,뉴QM3_2018_2019,일본/프랑스,일본/프랑스,True
TEST_07028,CLS_클래스_C257_2019_2023,벤츠,벤츠,True
TEST_07029,M2_F87_2016_2021,BMW,BMW,True
TEST_07030,CLA_클래스_C118_2020_2025,벤츠,벤츠,True
TEST_07031,머스탱_2015_2023,미국,미국,True
TEST_07032,파사트_GT_B8_2018_2022,기타 독일차,기타 독일차,True
TEST_07033,더_뉴_트랙스_2017_2022,미국,미국,True
TEST_07034,X5_G05_2019_2023,BMW,BMW,True
TEST_07035,올_뉴_투싼_TL_2019_2020,현대,현대,True
TEST_07036,디_올_뉴_니로_2022_2025,기아,기아,True
TEST_07037,스토닉_2018_2020,기아,기아,True
TEST_07038,아이오닉_하이브리드_2016_2019,현대,현대,True
TEST_07039,디스커버리_5_2022_2024,유럽 프리미엄,유럽 프리미엄,True
TEST_07040,YF쏘나타_하이브리드_2011_2015,현대,현대,True
TEST_07041,G80_RG3_2021_2023,제네시스,제네시스,True
TEST_07042,티볼리_2015_2018,기타,기타,True
TEST_07043,더_뉴_K9_2세대_2022_2025,기아,기아,True
TEST_07044,F_PACE_2017_2019,유럽 프리미엄,유럽 프리미엄,True
TEST_07045,XM3_2024,일본/프랑스,일본/프랑스,True
TEST_07046,더_뉴_K7_2013_2016,기아,기아,True
TEST_07047,2시리즈_액티브_투어러_F45_2019_2021,BMW,BMW,True
TEST_07048,All_New_XJ_2016_2019,유럽 프리미엄,유럽 프리미엄,True
TEST_07049,코세어_2020_2022,미국,미국,True
TEST_07050,뷰티풀_코란도_2019_2024,기타,기타,True
TEST_07051,올_뉴_모닝_2012_2015,기아,기아,True
TEST_07052,5008_2세대_2021_2024,기타,기타,True
TEST_07053,LF_쏘나타_2015_2017,현대,현대,True
TEST_07054,싼타페_MX5_2024_2025,현대,현대,True
TEST_07055,디_올뉴싼타페_2024_2025,현대,현대,True
TEST_07056,콜로라도_2020_2020,미국,미국,True
TEST_07057,체로키_KL_2019_2023,미국,미국,True
TEST_07058,콰트로포르테_2017_2022,유럽 프리미엄,유럽 프리미엄,True
TEST_07059,티볼리_2015_2018,기타,기타,True
TEST_07060,3시리즈_G20_2019_2022,BMW,BMW,True
TEST_07061,트레일블레이저_2021_2022,미국,미국,True
TEST_07062,에쿠스_신형_2010_2015,현대,현대,True
TEST_07063,액티언_2세대_2025,기타,기타,True
TEST_07064,G80_RG3_2021_2023,제네시스,제네시스,True
TEST_07065,기블리_2014_2023,유럽 프리미엄,유럽 프리미엄,True
TEST_07066,G_클래스_W463b_2019_2025,벤츠,벤츠,True
TEST_07067,V60_크로스컨트리_2세대_2020_2025,유럽 프리미엄,유럽 프리미엄,True
TEST_07068,YF쏘나타_2009_2012,현대,현대,True
TEST_07069,뉴_A6_2012_2014,기타 독일차,기타 독일차,True
TEST_07070,그랑_콜레오스_2025,일본/프랑스,일본/프랑스,True
TEST_07071,뉴_A6_2012_2014,기타 독일차,기타 독일차,True
TEST_07072,XF_X260_2016_2020,유럽 프리미엄,유럽 프리미엄,True
TEST_07073,GLE_클래스_W166_2016_2018,벤츠,벤츠,True
TEST_07074,ES300h_7세대_2019_2026,일본/프랑스,일본/프랑스,True
TEST_07075,코나_SX2_2023_2025,현대,현대,True
TEST_07076,뉴_스타일_코란도_C_2017_2019,기타,기타,True
TEST_07077,A4_B9_2016_2019,기타 독일차,기타 독일차,True
TEST_07078,더_넥스트_스파크_2016_2018,미국,미국,True
TEST_07079,뉴_A6_2012_2014,기타 독일차,기타 독일차,True
TEST_07080,어코드_10세대_2018_2022,일본/프랑스,일본/프랑스,True
TEST_07081,레인지로버_이보크_2세대_2023_2024,유럽 프리미엄,유럽 프리미엄,True
TEST_07082,뉴_ES300h_2016_2018,일본/프랑스,일본/프랑스,True
TEST_07083,X5_G05_2024_2025,BMW,BMW,True
TEST_07084,EQ900_2016_2018,제네시스,제네시스,True
TEST_07085,레인지로버_5세대_2023_2024,유럽 프리미엄,유럽 프리미엄,True
TEST_07086,GLC_클래스_X254_2023_2025,벤츠,벤츠,True
TEST_07087,그랜드_스타렉스_2016_2018,현대,현대,True
TEST_07088,스포티지_더_볼드_2019_2022,기아,기아,True
TEST_07089,트랙스_2013_2016,미국,미국,True
TEST_07090,그랑_콜레오스_2025,일본/프랑스,일본/프랑스,True
TEST_07091,카니발_4세대_2021,기아,기아,True
TEST_07092,GV80_2020_2022,제네시스,제네시스,True
TEST_07093,RAV4_5세대_2019_2024,일본/프랑스,일본/프랑스,True
TEST_07094,A8_D5_2018_2023,기타 독일차,기타 독일차,True
TEST_07095,더_뉴_G70_2021_2025,제네시스,제네시스,True
TEST_07096,4시리즈_G22_2021_2023,BMW,BMW,True
TEST_07097,X4_G02_2019_2021,BMW,BMW,True
TEST_07098,K5_2세대_2016_2018,기아,기아,True
TEST_07099,X6_G06_2024_2025,BMW,BMW,True
TEST_07100,UX250h_2019_2024,일본/프랑스,일본/프랑스,True
TEST_07101,K5_하이브리드_3세대_2020_2023,기아,기아,True
TEST_07102,레니게이드_2019_2023,미국,미국,True
TEST_07103,파나메라_2010_2016,기타 독일차,기타 독일차,True
TEST_07104,익스플로러_6세대_2020_2025,미국,미국,True
TEST_07105,에쿠스_신형_2010_2015,현대,현대,True
TEST_07106,트랙스_크로스오버_2024_2025,미국,미국,True
TEST_07107,A7_2012_2016,기타 독일차,기타 독일차,True
TEST_07108,X4_F26_2015_2018,BMW,BMW,True
TEST_07109,5시리즈_G60_2024_2025,BMW,BMW,True
TEST_07110,Q5_FY_2020,기타 독일차,기타 독일차,True
TEST_07111,4시리즈_G22_2021_2023,현대,BMW,False
TEST_07112,Q30_2017_2019,일본/프랑스,일본/프랑스,True
TEST_07113,SM7_뉴아트_2008_2011,일본/프랑스,일본/프랑스,True
TEST_07114,X4_G02_2019_2021,BMW,BMW,True
TEST_07115,박스터_718_2017_2024,기타 독일차,기타 독일차,True
TEST_07116,체로키_KL_2019_2023,미국,미국,True
TEST_07117,뉴_티구안_2012_2016,기타 독일차,기타 독일차,True
TEST_07118,그랜저TG_2007_2008,현대,현대,True
TEST_07119,레인지로버_이보크_2016_2019,유럽 프리미엄,유럽 프리미엄,True
TEST_07120,프리우스_C_2018_2020,일본/프랑스,일본/프랑스,True
TEST_07121,911_992_2020_2024,기타 독일차,기타 독일차,True
TEST_07122,X1_F48_2016_2019,BMW,BMW,True
TEST_07123,체로키_KL_2019_2023,미국,미국,True
TEST_07124,시에나_4세대_2021_2024,일본/프랑스,일본/프랑스,True
TEST_07125,S_클래스_W222_2014_2020,벤츠,벤츠,True
TEST_07126,뉴_체어맨_W_2012_2016,기타,기타,True
TEST_07127,티볼리_아머_2018_2019,기타,기타,True
TEST_07128,X2_F39_2018_2023,BMW,BMW,True
TEST_07129,레인지로버_스포츠_2세대_2018_2022,유럽 프리미엄,유럽 프리미엄,True
TEST_07130,Q8_4M_2020_2025,기타 독일차,기타 독일차,True
TEST_07131,2시리즈_액티브_투어러_U06_2022_2024,BMW,BMW,True
TEST_07132,더_뉴_G70_2021_2025,제네시스,제네시스,True
TEST_07133,에비에이터_2세대_2020_2025,미국,미국,True
TEST_07134,더_뉴_투싼_NX4_2023_2025,현대,현대,True
TEST_07135,올란도_2012_2018,미국,미국,True
TEST_07136,올_뉴_카니발_2015_2019,기아,기아,True
TEST_07137,스포티지_5세대_2022_2024,기아,기아,True
TEST_07138,디_올뉴코나_2023_2025,현대,현대,True
TEST_07139,QM3_2014_2017,일본/프랑스,일본/프랑스,True
TEST_07140,뉴_A6_2015_2018,기타 독일차,기타 독일차,True
TEST_07141,더_뉴_그랜저_IG_2020_2023,현대,현대,True
TEST_07142,프리우스_C_2018_2020,일본/프랑스,일본/프랑스,True
TEST_07143,그랜저_HG_2011_2014,현대,현대,True
TEST_07144,718_카이맨_2017_2024,기타 독일차,기타 독일차,True
TEST_07145,F150_2004_2021,미국,미국,True
TEST_07146,팰리세이드_2019_2022,현대,현대,True
TEST_07147,1시리즈_F20_2013_2015,BMW,BMW,True
TEST_07148,더_뉴_K5_하이브리드_3세대_2023_2025,기아,기아,True
TEST_07149,익스플로러_2018_2019,미국,미국,True
TEST_07150,S90_2021_2025,유럽 프리미엄,유럽 프리미엄,True
TEST_07151,팰리세이드_LX3_2025,현대,현대,True
TEST_07152,7시리즈_G11_2016_2018,BMW,BMW,True
TEST_07153,말리부_2012_2016,미국,미국,True
TEST_07154,싼타페_더_프라임_2016_2018,현대,현대,True
TEST_07155,K5_3세대_하이브리드_2020_2022,기아,기아,True
TEST_07156,코나_2018_2020,현대,현대,True
TEST_07157,팰리세이드_LX3_2025,현대,현대,True
TEST_07158,더_올뉴G80_2021_2024,현대,현대,True
TEST_07159,뉴_ES300h_2013_2015,일본/프랑스,일본/프랑스,True
TEST_07160,3시리즈_F30_2013_2018,BMW,BMW,True
TEST_07161,S_클래스_W222_2014_2020,벤츠,벤츠,True
TEST_07162,G80_2017_2020,제네시스,제네시스,True
TEST_07163,X7_G07_2019_2022,BMW,BMW,True
TEST_07164,UX250h_2019_2024,일본/프랑스,일본/프랑스,True
TEST_07165,더_뉴_K5_2세대_2019_2020,기아,기아,True
TEST_07166,GLC_클래스_X253_2023,벤츠,벤츠,True
TEST_07167,투싼_NX4_2021_2023,현대,현대,True
TEST_07168,레인지로버_4세대_2018_2022,유럽 프리미엄,유럽 프리미엄,True
TEST_07169,CLA_클래스_C118_2020_2025,벤츠,벤츠,True
TEST_07170,3시리즈_E90_2005_2012,BMW,BMW,True
TEST_07171,올_뉴_K3_2019_2021,기아,기아,True
TEST_07172,아반떼_MD_2011_2014,현대,현대,True
TEST_07173,디_올뉴싼타페_2024_2025,현대,현대,True
TEST_07174,머스탱_2015_2023,미국,미국,True
TEST_07175,올란도_2012_2018,미국,미국,True
TEST_07176,Z4_G29_2019_2025,BMW,BMW,True
TEST_07177,A4_B9_2016_2019,기타 독일차,기타 독일차,True
TEST_07178,XC90_2세대_2020_2025,유럽 프리미엄,유럽 프리미엄,True
TEST_07179,모하비_더_마스터_2020_2024,기아,기아,True
TEST_07180,올_뉴_모닝_JA_2017_2020,기아,기아,True
TEST_07181,YF쏘나타_하이브리드_2011_2015,현대,현대,True
TEST_07182,GLC_클래스_X253_2020_2022,벤츠,벤츠,True
TEST_07183,더_뉴_팰리세이드_2023_2024,현대,현대,True
TEST_07184,에쿠스_신형_2010_2015,현대,현대,True
TEST_07185,A4_B9_2016_2019,기타 독일차,기타 독일차,True
TEST_07186,그랑_콜레오스_2025,일본/프랑스,일본/프랑스,True
TEST_07187,리얼_뉴_콜로라도_2021_2022,미국,미국,True
TEST_07188,레인지로버_이보크_2세대_2020_2022,유럽 프리미엄,유럽 프리미엄,True
TEST_07189,K5_2세대_2016_2018,기아,기아,True
TEST_07190,모닝_어반_JA_2021_2023,기아,기아,True
TEST_07191,G90_2019_2022,제네시스,제네시스,True
TEST_07192,마칸_2022_2024,기타 독일차,기타 독일차,True
TEST_07193,더_뉴_K3_2016_2018,기아,기아,True
TEST_07194,K5_3세대_하이브리드_2020_2022,기아,기아,True
TEST_07195,리얼_뉴_콜로라도_2021_2022,미국,미국,True
TEST_07196,디스커버리_5_2017_2020,유럽 프리미엄,유럽 프리미엄,True
TEST_07197,X1_F48_2016_2019,BMW,BMW,True
TEST_07198,1시리즈_F40_2020_2024,BMW,BMW,True
TEST_07199,AMG_GT_2016_2024,벤츠,벤츠,True
TEST_07200,SM7_노바_2015_2019,일본/프랑스,일본/프랑스,True
TEST_07201,뉴_A6_2012_2014,기타 독일차,기타 독일차,True
TEST_07202,컨티넨탈_GT_2세대_2012_2017,유럽 프리미엄,유럽 프리미엄,True
TEST_07203,XE_2016_2019,유럽 프리미엄,유럽 프리미엄,True
TEST_07204,더_뉴_아반떼_CN7_2023_2025,현대,현대,True
TEST_07205,그랜드_스타렉스_2016_2018,현대,현대,True
TEST_07206,CLA_클래스_C117_2014_2019,벤츠,벤츠,True
TEST_07207,아테온_2018_2023,기타 독일차,기타 독일차,True
TEST_07208,올_뉴_카니발_2015_2019,기아,기아,True
TEST_07209,액티언_2세대_2025,기타,기타,True
TEST_07210,C_클래스_W206_2022_2024,벤츠,벤츠,True
TEST_07211,X3_G01_2018_2021,BMW,BMW,True
TEST_07212,카니발_4세대_2022_2023,기아,기아,True
TEST_07213,2시리즈_액티브_투어러_U06_2022_2024,BMW,BMW,True
TEST_07214,6시리즈_F12_2011_2018,BMW,BMW,True
TEST_07215,Q30_2017_2019,일본/프랑스,일본/프랑스,True
TEST_07216,아이오닉_하이브리드_2016_2019,현대,현대,True
TEST_07217,뉴_A6_2012_2014,기타 독일차,기타 독일차,True
TEST_07218,더_뉴_모하비_2017_2019,기아,기아,True
TEST_07219,7시리즈_G11_2019_2022,BMW,BMW,True
TEST_07220,7시리즈_G11_2019_2022,BMW,BMW,True
TEST_07221,X1_F48_2020_2022,BMW,BMW,True
TEST_07222,7시리즈_G11_2016_2018,BMW,BMW,True
TEST_07223,올_뉴_카마로_2017_2018,미국,미국,True
TEST_07224,K5_2세대_2016_2018,기아,기아,True
TEST_07225,EQ900_2016_2018,제네시스,제네시스,True
TEST_07226,뉴_카이엔_2011_2018,기타 독일차,기타 독일차,True
TEST_07227,카니발_4세대_2021,기아,기아,True
TEST_07228,더_뉴_코란도_스포츠_2016_2018,기타,기타,True
TEST_07229,더_K9_2019_2021,기아,기아,True
TEST_07230,5008_2세대_2018_2019,기타,기타,True
TEST_07231,베뉴_2020_2024,현대,현대,True
TEST_07232,GLC_클래스_X253_2023,벤츠,벤츠,True
TEST_07233,YF쏘나타_하이브리드_2011_2015,현대,현대,True
TEST_07234,티볼리_에어_2016_2019,기타,기타,True
TEST_07235,GLC_클래스_X253_2017_2019,벤츠,벤츠,True
TEST_07236,컴패스_2세대_2018_2022,미국,미국,True
TEST_07237,GLE_클래스_W166_2016_2018,벤츠,벤츠,True
TEST_07238,911_2003_2019,기타 독일차,기타 독일차,True
TEST_07239,그랜저TG_2007_2008,현대,현대,True
TEST_07240,뉴_ES300h_2013_2015,일본/프랑스,일본/프랑스,True
TEST_07241,프리우스_4세대_2019_2022,일본/프랑스,일본/프랑스,True
TEST_07242,SM5_노바_2015_2019,일본/프랑스,일본/프랑스,True
TEST_07243,스포티지_5세대_2022_2024,기아,기아,True
TEST_07244,SM3_네오_2015_2019,일본/프랑스,일본/프랑스,True
TEST_07245,더_뉴_K3_2016_2018,기아,기아,True
TEST_07246,1시리즈_F20_2016_2019,BMW,BMW,True
TEST_07247,더_뉴_아반떼_AD_2019_2020,현대,현대,True
TEST_07248,올_뉴_투싼_TL_2016_2018,현대,현대,True
TEST_07249,말리부_2012_2016,미국,미국,True
TEST_07250,올_뉴_모닝_JA_2017_2020,기아,기아,True
TEST_07251,GV70_2021_2023,제네시스,제네시스,True
TEST_07252,C_클래스_W204_2008_2015,벤츠,벤츠,True
TEST_07253,3시리즈_G20_2023_2025,BMW,BMW,True
TEST_07254,S_클래스_W223_2021_2025,벤츠,벤츠,True
TEST_07255,CLE_클래스_C236_2024_2025,벤츠,벤츠,True
TEST_07256,박스터_718_2017_2024,기타 독일차,기타 독일차,True
TEST_07257,스토닉_2018_2020,기아,기아,True
TEST_07258,레니게이드_2019_2023,미국,미국,True
TEST_07259,E_클래스_W214_2024_2025,벤츠,벤츠,True
TEST_07260,911_2003_2019,기타 독일차,기타 독일차,True
TEST_07261,8시리즈_G15_2020_2024,BMW,BMW,True
TEST_07262,XF_X260_2016_2020,유럽 프리미엄,유럽 프리미엄,True
TEST_07263,X6_G06_2020_2023,BMW,BMW,True
TEST_07264,올_뉴_말리부_2017_2018,미국,미국,True
TEST_07265,CLS_클래스_C257_2019_2023,벤츠,벤츠,True
TEST_07266,M2_F87_2016_2021,BMW,BMW,True
TEST_07267,렉스턴_스포츠_칸_2019_2020,기타,기타,True
TEST_07268,X1_F48_2016_2019,BMW,BMW,True
TEST_07269,X3_G01_2022_2024,BMW,BMW,True
TEST_07270,레인지로버_4세대_2018_2022,유럽 프리미엄,유럽 프리미엄,True
TEST_07271,더_K9_2019_2021,기아,기아,True
TEST_07272,르반떼_2017_2022,유럽 프리미엄,유럽 프리미엄,True
TEST_07273,모델_3_2019_2022,미국,미국,True
TEST_07274,더_K9_2019_2021,기아,기아,True
TEST_07275,Q7_4M_2020_2023,기타 독일차,기타 독일차,True
TEST_07276,S_클래스_W223_2021_2025,벤츠,벤츠,True
TEST_07277,X6_F16_2015_2019,BMW,BMW,True
TEST_07278,뉴_SM5_임프레션_2008_2010,일본/프랑스,일본/프랑스,True
TEST_07279,더_뉴_K9_2세대_2022_2025,기아,기아,True
TEST_07280,7시리즈_G70_2023_2025,BMW,BMW,True
TEST_07281,S90_2017_2020,유럽 프리미엄,유럽 프리미엄,True
TEST_07282,더_올뉴G80_2021_2024,현대,현대,True
TEST_07283,디스커버리_5_2022_2024,유럽 프리미엄,유럽 프리미엄,True
TEST_07284,더_뉴_G70_2021_2025,제네시스,제네시스,True
TEST_07285,Q8_4M_2020_2025,기타 독일차,기타 독일차,True
TEST_07286,1시리즈_F40_2020_2024,BMW,BMW,True
TEST_07287,레인지로버_이보크_2세대_2020_2022,유럽 프리미엄,유럽 프리미엄,True
TEST_07288,K8_2022_2024,기아,기아,True
TEST_07289,제네시스_DH_2014_2016,제네시스,제네시스,True
TEST_07290,티볼리_2015_2018,기타,기타,True
TEST_07291,CLE_클래스_C236_2024_2025,벤츠,벤츠,True
TEST_07292,티볼리_아머_2018_2019,기타,기타,True
TEST_07293,더_올뉴G80_2021_2024,현대,현대,True
TEST_07294,2시리즈_액티브_투어러_U06_2022_2024,BMW,BMW,True
TEST_07295,뉴_A6_2012_2014,기타 독일차,기타 독일차,True
TEST_07296,라브4_5세대_2019_2024,일본/프랑스,일본/프랑스,True
TEST_07297,G90_RS4_2022_2025,제네시스,제네시스,True
TEST_07298,더_뉴_아반떼_CN7_2023_2025,현대,현대,True
TEST_07299,A8_D5_2018_2023,기타 독일차,기타 독일차,True
TEST_07300,M2_F87_2016_2021,BMW,BMW,True
TEST_07301,X6_G06_2020_2023,BMW,BMW,True
TEST_07302,아반떼_하이브리드_CN7_2021_2023,현대,현대,True
TEST_07303,더_올뉴G80_2021_2024,현대,현대,True
TEST_07304,더_뉴_트랙스_2017_2022,미국,미국,True
TEST_07305,디_올_뉴_니로_2022_2025,기아,기아,True
TEST_07306,XC60_2세대_2018_2021,유럽 프리미엄,유럽 프리미엄,True
TEST_07307,A7_4K_2020_2024,기타 독일차,기타 독일차,True
TEST_07308,그랜저_IG_2017_2019,현대,현대,True
TEST_07309,디스커버리_4_2010_2016,유럽 프리미엄,유럽 프리미엄,True
TEST_07310,더_뉴_트랙스_2017_2022,미국,미국,True
TEST_07311,3시리즈_G20_2023_2025,BMW,BMW,True
TEST_07312,B_클래스_W246_2013_2018,벤츠,벤츠,True
TEST_07313,더_뉴_기아_레이_2022_2025,기아,기아,True
TEST_07314,쿠퍼_컨트리맨_2016_2024,기타 독일차,기타 독일차,True
TEST_07315,뉴_SM5_플래티넘_2013_2014,일본/프랑스,일본/프랑스,True
TEST_07316,올_뉴_K3_2019_2021,기아,기아,True
TEST_07317,더_뉴_QM6_2020_2023,일본/프랑스,일본/프랑스,True
TEST_07318,G4_렉스턴_2018_2020,기타,기타,True
TEST_07319,레인지로버_4세대_2014_2017,유럽 프리미엄,유럽 프리미엄,True
TEST_07320,X5_G05_2019_2023,BMW,BMW,True
TEST_07321,더_뉴_아반떼_AD_2019_2020,현대,현대,True
TEST_07322,모델_Y_2021_2025,미국,미국,True
TEST_07323,C_클래스_W206_2022_2024,벤츠,벤츠,True
TEST_07324,머스탱_2015_2023,미국,미국,True
TEST_07325,XM3_2020_2023,일본/프랑스,일본/프랑스,True
TEST_07326,아슬란_2015_2018,현대,현대,True
TEST_07327,더_뉴_SM6_2021_2024,일본/프랑스,일본/프랑스,True
TEST_07328,더_뉴_G70_2021_2025,제네시스,제네시스,True
TEST_07329,렉스턴_스포츠_2018_2021,기타,기타,True
TEST_07330,K8_2022_2024,기아,기아,True
TEST_07331,GLC_클래스_X253_2023,벤츠,벤츠,True
TEST_07332,A7_4K_2020_2024,기타 독일차,기타 독일차,True
TEST_07333,3시리즈_F30_2013_2018,BMW,BMW,True
TEST_07334,베리_뉴_티볼리_2020_2023,기타,기타,True
TEST_07335,레인지로버_이보크_2세대_2023_2024,유럽 프리미엄,유럽 프리미엄,True
TEST_07336,그랜드_체로키_WL_2021_2023,미국,미국,True
TEST_07337,7시리즈_G11_2019_2022,BMW,BMW,True
TEST_07338,마칸_2019_2021,기타 독일차,기타 독일차,True
TEST_07339,SM6_2016_2020,일본/프랑스,일본/프랑스,True
TEST_07340,트랙스_2013_2016,미국,미국,True
TEST_07341,더_뉴_코란도_스포츠_2016_2018,기타,기타,True
TEST_07342,스토닉_2018_2020,기아,기아,True
TEST_07343,올_뉴_모닝_2012_2015,기아,기아,True
TEST_07344,그랜저TG_2007_2008,현대,현대,True
TEST_07345,쏘렌토_4세대_2021_2023,현대,현대,True
TEST_07346,스포티지_더_볼드_2019_2022,기아,기아,True
TEST_07347,E_클래스_W213_2017_2020,벤츠,벤츠,True
TEST_07348,레이_2012_2017,기아,기아,True
TEST_07349,캠리_XV70_2018_2024,일본/프랑스,일본/프랑스,True
TEST_07350,올_뉴_카마로_2017_2018,미국,미국,True
TEST_07351,7시리즈_G11_2019_2022,BMW,BMW,True
TEST_07352,뉴_A6_2012_2014,기타 독일차,기타 독일차,True
TEST_07353,그랜드_스타렉스_2016_2018,현대,현대,True
TEST_07354,Q5_FY_2020,기타 독일차,기타 독일차,True
TEST_07355,뉴_SM5_플래티넘_2013_2014,일본/프랑스,일본/프랑스,True
TEST_07356,Q30_2017_2019,일본/프랑스,일본/프랑스,True
TEST_07357,4시리즈_F32_2014_2020,BMW,BMW,True
TEST_07358,싼타페_MX5_2024_2025,현대,현대,True
TEST_07359,GV80_2024_2025,제네시스,제네시스,True
TEST_07360,718_박스터_2017_2024,기타 독일차,기타 독일차,True
TEST_07361,EV6_2022_2024,기아,기아,True
TEST_07362,7시리즈_G11_2016_2018,BMW,BMW,True
TEST_07363,AMG_GT_2016_2024,벤츠,벤츠,True
TEST_07364,A7_2012_2016,기타 독일차,기타 독일차,True
TEST_07365,EQE_V295_2022_2024,벤츠,벤츠,True
TEST_07366,5시리즈_G30_2017_2023,BMW,BMW,True
TEST_07367,AMG_GT_2016_2024,벤츠,벤츠,True
TEST_07368,GLA_클래스_X156_2015_2019,벤츠,벤츠,True
TEST_07369,UX250h_2019_2024,일본/프랑스,일본/프랑스,True
TEST_07370,골프_7세대_2013_2016,기타 독일차,기타 독일차,True
TEST_07371,더_뉴_싼타페_2021_2023,현대,현대,True
TEST_07372,기블리_2014_2023,유럽 프리미엄,유럽 프리미엄,True
TEST_07373,ES300h_7세대_2019_2026,일본/프랑스,일본/프랑스,True
TEST_07374,더_뉴_스파크_2019_2022,미국,미국,True
TEST_07375,카니발_4세대_2021,기아,기아,True
TEST_07376,디스커버리_스포츠_2015_2019,유럽 프리미엄,유럽 프리미엄,True
TEST_07377,New_XF_2012_2015,유럽 프리미엄,유럽 프리미엄,True
TEST_07378,컨티넨탈_GT_3세대_2018_2023,유럽 프리미엄,유럽 프리미엄,True
TEST_07379,GLE_클래스_W166_2016_2018,벤츠,벤츠,True
TEST_07380,Q30_2017_2019,일본/프랑스,일본/프랑스,True
TEST_07381,X1_F48_2020_2022,BMW,BMW,True
TEST_07382,박스터_718_2017_2024,기타 독일차,기타 독일차,True
TEST_07383,더_뉴_스파크_2019_2022,미국,미국,True
TEST_07384,Q3_F3_2020_2024,기타 독일차,기타 독일차,True
TEST_07385,쿠퍼_컨트리맨_2016_2024,기타 독일차,기타 독일차,True
TEST_07386,5008_2세대_2021_2024,기타,기타,True
TEST_07387,G80_2017_2020,제네시스,제네시스,True
TEST_07388,8시리즈_G15_2020_2024,BMW,BMW,True
TEST_07389,GLE_클래스_W166_2016_2018,벤츠,벤츠,True
TEST_07390,프리우스_4세대_2016_2018,일본/프랑스,일본/프랑스,True
TEST_07391,SM7_뉴아트_2008_2011,일본/프랑스,일본/프랑스,True
TEST_07392,A8_D5_2018_2023,기타 독일차,기타 독일차,True
TEST_07393,렉스턴_스포츠_칸_2019_2020,기타,기타,True
TEST_07394,디_올뉴니로_2022_2025,기아,기아,True
TEST_07395,K7_프리미어_2020_2021,기아,기아,True
TEST_07396,더_뉴_K9_2세대_2022_2025,기아,기아,True
TEST_07397,더_뉴_맥스크루즈_2016_2018,현대,현대,True
TEST_07398,X7_G07_2023_2025,BMW,BMW,True
TEST_07399,골프_7세대_2013_2016,기타 독일차,기타 독일차,True
TEST_07400,뉴_제타_2011_2016,기타 독일차,기타 독일차,True
TEST_07401,더_뉴_K5_2세대_2019_2020,기아,기아,True
TEST_07402,EQ900_2016_2018,제네시스,제네시스,True
TEST_07403,뉴_티구안_2012_2016,기타 독일차,기타 독일차,True
TEST_07404,더_뉴_아반떼_2014_2016,현대,현대,True
TEST_07405,모닝_어반_JA_2021_2023,기아,기아,True
TEST_07406,토레스_2023_2025,기타,기타,True
TEST_07407,박스터_718_2017_2024,기타 독일차,기타 독일차,True
TEST_07408,iX_2022_2024,BMW,BMW,True
TEST_07409,콰트로포르테_2017_2022,유럽 프리미엄,유럽 프리미엄,True
TEST_07410,캐스퍼_2022_2024,현대,현대,True
TEST_07411,더_뉴_K7_2013_2016,기아,기아,True
TEST_07412,X5_G05_2019_2023,BMW,BMW,True
TEST_07413,쏘렌토_4세대_2021_2023,현대,현대,True
TEST_07414,X4_G02_2022_2025,BMW,BMW,True
TEST_07415,올_뉴_K3_2019_2021,기아,기아,True
TEST_07416,E_클래스_W213_2021_2023,벤츠,벤츠,True
TEST_07417,8시리즈_G15_2020_2024,BMW,BMW,True
TEST_07418,아이오닉_하이브리드_2016_2019,현대,현대,True
TEST_07419,랭글러_JK_2009_2017,미국,미국,True
TEST_07420,QX60_2016_2018,일본/프랑스,일본/프랑스,True
TEST_07421,티볼리_에어_2016_2019,기타,기타,True
TEST_07422,2008_2015_2017,기타,기타,True
TEST_07423,레인지로버_스포츠_2세대_2018_2022,유럽 프리미엄,유럽 프리미엄,True
TEST_07424,타이칸_2021_2025,기타 독일차,기타 독일차,True
TEST_07425,K8_2022_2024,기아,기아,True
TEST_07426,더_뉴_아반떼_CN7_2023_2025,현대,현대,True
TEST_07427,XF_X260_2016_2020,유럽 프리미엄,유럽 프리미엄,True
TEST_07428,더_뉴_모하비_2017_2019,기아,기아,True
TEST_07429,그랜드_체로키_2014_2020,미국,미국,True
TEST_07430,타이칸_2021_2025,기타 독일차,기타 독일차,True
TEST_07431,티구안_올스페이스_2018_2023,기타 독일차,기타 독일차,True
TEST_07432,일렉트리파이드_GV70_2022_2024,제네시스,제네시스,True
TEST_07433,스타리아_2022_2025,현대,현대,True
TEST_07434,디스커버리_5_2017_2020,유럽 프리미엄,유럽 프리미엄,True
TEST_07435,A8_D5_2018_2023,기타 독일차,기타 독일차,True
TEST_07436,QM3_2014_2017,일본/프랑스,일본/프랑스,True
TEST_07437,EV6_2022_2024,기아,기아,True
TEST_07438,아반떼_N_2022_2023,현대,현대,True
TEST_07439,K5_3세대_하이브리드_2020_2022,기아,기아,True
TEST_07440,G80_2017_2020,제네시스,제네시스,True
TEST_07441,XC60_2세대_2022_2025,유럽 프리미엄,유럽 프리미엄,True
TEST_07442,XC60_2세대_2022_2025,유럽 프리미엄,유럽 프리미엄,True
TEST_07443,레인지로버_스포츠_2세대_2018_2022,유럽 프리미엄,유럽 프리미엄,True
TEST_07444,올_뉴_K7_하이브리드_2017_2019,기아,기아,True
TEST_07445,X7_G07_2019_2022,BMW,BMW,True
TEST_07446,718_카이맨_2017_2024,기타 독일차,기타 독일차,True
TEST_07447,C_클래스_W206_2022_2024,벤츠,벤츠,True
TEST_07448,니로_2017_2019,기아,기아,True
TEST_07449,디_올뉴그랜저_2023_2025,현대,현대,True
TEST_07450,레인지로버_5세대_2023_2024,유럽 프리미엄,유럽 프리미엄,True
TEST_07451,코나_2018_2020,현대,현대,True
TEST_07452,뉴QM3_2018_2019,일본/프랑스,일본/프랑스,True
TEST_07453,XE_2016_2019,유럽 프리미엄,유럽 프리미엄,True
TEST_07454,3시리즈_E90_2005_2012,BMW,BMW,True
TEST_07455,더_뉴_카니발_2019_2020,기아,기아,True
TEST_07456,트레일블레이저_2021_2022,미국,미국,True
TEST_07457,박스터_718_2017_2024,기타 독일차,기타 독일차,True
TEST_07458,스팅어_마이스터_2021_2023,기아,기아,True
TEST_07459,디_올뉴니로_2022_2025,기아,기아,True
TEST_07460,AMG_GT_2016_2024,벤츠,벤츠,True
TEST_07461,라브4_4세대_2013_2018,일본/프랑스,일본/프랑스,True
TEST_07462,트래버스_2020_2023,미국,미국,True
TEST_07463,A8_D5_2018_2023,기타 독일차,기타 독일차,True
TEST_07464,모하비_더_마스터_2020_2024,기아,기아,True
TEST_07465,아반떼_MD_2011_2014,현대,현대,True
TEST_07466,7시리즈_G11_2019_2022,BMW,BMW,True
TEST_07467,3시리즈_GT_F34_2014_2021,BMW,BMW,True
TEST_07468,뉴_CC_2012_2016,기타 독일차,기타 독일차,True
TEST_07469,K7_프리미어_2020_2021,기아,기아,True
TEST_07470,올_뉴_모닝_2012_2015,기아,기아,True
TEST_07471,S_클래스_W223_2021_2025,벤츠,벤츠,True
TEST_07472,말리부_2012_2016,미국,미국,True
TEST_07473,뉴_ES300h_2016_2018,일본/프랑스,일본/프랑스,True
TEST_07474,AMG_GT_2016_2024,벤츠,벤츠,True
TEST_07475,뉴_CC_2012_2016,기타 독일차,기타 독일차,True
TEST_07476,쏘나타_DN8_2020_2023,현대,현대,True
TEST_07477,G_클래스_W463_2009_2017,벤츠,벤츠,True
TEST_07478,더_뉴_투싼_NX4_2023_2025,현대,현대,True
TEST_07479,더_넥스트_스파크_2016_2018,미국,미국,True
TEST_07480,RAV4_2016_2018,일본/프랑스,일본/프랑스,True
TEST_07481,디_올_뉴_니로_2022_2025,기아,기아,True
TEST_07482,레인지로버_스포츠_2세대_2018_2022,유럽 프리미엄,유럽 프리미엄,True
TEST_07483,쏘나타_디_엣지_DN8_2024_2025,현대,현대,True
TEST_07484,QX60_2016_2018,일본/프랑스,일본/프랑스,True
TEST_07485,C_클래스_W206_2022_2024,벤츠,벤츠,True
TEST_07486,XC40_2019_2022,유럽 프리미엄,유럽 프리미엄,True
TEST_07487,베리_뉴_티볼리_2020_2023,기타,기타,True
TEST_07488,팰리세이드_2019_2022,현대,현대,True
TEST_07489,디스커버리_5_2017_2020,유럽 프리미엄,유럽 프리미엄,True
TEST_07490,레이_2012_2017,기아,기아,True
TEST_07491,트래버스_2020_2023,미국,미국,True
TEST_07492,그랑_콜레오스_2025,일본/프랑스,일본/프랑스,True
TEST_07493,쿠퍼_컨트리맨_2016_2024,기타 독일차,기타 독일차,True
TEST_07494,리얼_뉴_콜로라도_2021_2022,미국,미국,True
TEST_07495,더_뉴_K5_하이브리드_3세대_2023_2025,기아,기아,True
TEST_07496,더_뉴_아이오닉_하이브리드_2020,현대,현대,True
TEST_07497,글래디에이터_JT_2020_2023,미국,미국,True
TEST_07498,뉴_G80_2025_2026,제네시스,제네시스,True
TEST_07499,GLS_클래스_X166_2017_2019,벤츠,벤츠,True
TEST_07500,i30_PD_2017_2018,현대,현대,True
TEST_07501,레니게이드_2015_2017,미국,미국,True
TEST_07502,SM6_2016_2020,일본/프랑스,일본/프랑스,True
TEST_07503,에비에이터_2세대_2020_2025,미국,미국,True
TEST_07504,뉴_GV80_2024_2025,제네시스,제네시스,True
TEST_07505,XC90_2세대_2020_2025,유럽 프리미엄,유럽 프리미엄,True
TEST_07506,Q50_2014_2017,일본/프랑스,일본/프랑스,True
TEST_07507,몬데오_4세대_2015_2020,미국,미국,True
TEST_07508,랭글러_JK_2009_2017,미국,미국,True
TEST_07509,RAV4_5세대_2019_2024,일본/프랑스,일본/프랑스,True
TEST_07510,ES300h_7세대_2019_2026,일본/프랑스,일본/프랑스,True
TEST_07511,더_뉴_그랜드_스타렉스_2018_2021,현대,현대,True
TEST_07512,액티언_2세대_2025,기타,기타,True
TEST_07513,X5_G05_2019_2023,BMW,BMW,True
TEST_07514,911_2003_2019,기타 독일차,기타 독일차,True
TEST_07515,2008_2015_2017,기타,기타,True
TEST_07516,SM7_노바_2015_2019,일본/프랑스,일본/프랑스,True
TEST_07517,V60_크로스컨트리_2세대_2020_2025,유럽 프리미엄,유럽 프리미엄,True
TEST_07518,6시리즈_F12_2011_2018,BMW,BMW,True
TEST_07519,GLC_클래스_X253_2023,벤츠,벤츠,True
TEST_07520,아이오닉5_2022_2023,현대,현대,True
TEST_07521,아테온_2018_2023,기타 독일차,기타 독일차,True
TEST_07522,X6_F16_2015_2019,BMW,BMW,True
TEST_07523,XM3_2024,일본/프랑스,일본/프랑스,True
TEST_07524,MKC_2015_2018,미국,미국,True
TEST_07525,아베오_2012_2016,미국,미국,True
TEST_07526,쿠퍼_클럽맨_2016_2024,기타 독일차,기타 독일차,True
TEST_07527,올란도_2012_2018,미국,미국,True
TEST_07528,XM3_2024,일본/프랑스,일본/프랑스,True
TEST_07529,A5_F5_2019_2024,기타 독일차,기타 독일차,True
TEST_07530,더_올뉴투싼_하이브리드_2021_2023,현대,현대,True
TEST_07531,프리우스_4세대_2016_2018,일본/프랑스,일본/프랑스,True
TEST_07532,라브4_5세대_2019_2024,일본/프랑스,일본/프랑스,True
TEST_07533,더_뉴_K3_2016_2018,기아,기아,True
TEST_07534,XJ_8세대_2010_2019,유럽 프리미엄,유럽 프리미엄,True
TEST_07535,1시리즈_F20_2013_2015,BMW,BMW,True
TEST_07536,아이오닉_하이브리드_2016_2019,현대,현대,True
TEST_07537,뉴QM3_2018_2019,일본/프랑스,일본/프랑스,True
TEST_07538,G80_2017_2020,제네시스,제네시스,True
TEST_07539,컨티넨탈_GT_3세대_2018_2023,유럽 프리미엄,유럽 프리미엄,True
TEST_07540,F_PACE_2017_2019,유럽 프리미엄,유럽 프리미엄,True
TEST_07541,뉴_제타_2011_2016,기타 독일차,기타 독일차,True
TEST_07542,카니발_4세대_2021,기아,기아,True
TEST_07543,X1_U11_2023_2024,BMW,BMW,True
TEST_07544,AMG_GT_2016_2024,벤츠,벤츠,True
TEST_07545,액티언_2세대_2025,기타,기타,True
TEST_07546,1시리즈_F20_2013_2015,BMW,BMW,True
TEST_07547,V90_크로스컨트리_2018_2024,유럽 프리미엄,유럽 프리미엄,True
TEST_07548,K7_프리미어_하이브리드_2020_2021,기아,기아,True
TEST_07549,6시리즈_F12_2011_2018,BMW,BMW,True
TEST_07550,더_뉴_그랜저_IG_2020_2023,현대,현대,True
TEST_07551,E_PACE_2018_2020,유럽 프리미엄,유럽 프리미엄,True
TEST_07552,8시리즈_G15_2020_2024,BMW,BMW,True
TEST_07553,뉴_MKZ_2017_2020,미국,미국,True
TEST_07554,LF_쏘나타_2015_2017,현대,현대,True
TEST_07555,모델_3_2024_2025,미국,미국,True
TEST_07556,6시리즈_F12_2011_2018,BMW,BMW,True
TEST_07557,2시리즈_액티브_투어러_F45_2019_2021,BMW,BMW,True
TEST_07558,A5_F5_2019_2024,기타 독일차,기타 독일차,True
TEST_07559,모닝_어반_JA_2021_2023,기아,기아,True
TEST_07560,더_뉴_말리부_2019_2022,미국,미국,True
TEST_07561,XC60_2세대_2022_2025,유럽 프리미엄,유럽 프리미엄,True
TEST_07562,올_뉴_모닝_JA_2017_2020,기아,기아,True
TEST_07563,레인지로버_벨라_2018_2019,유럽 프리미엄,유럽 프리미엄,True
TEST_07564,투아렉_3세대_2020_2023,기타 독일차,기타 독일차,True
TEST_07565,All_New_XJ_2016_2019,유럽 프리미엄,유럽 프리미엄,True
TEST_07566,RAV4_2016_2018,일본/프랑스,일본/프랑스,True
TEST_07567,레인지로버_4세대_2014_2017,유럽 프리미엄,유럽 프리미엄,True
TEST_07568,몬데오_4세대_2015_2020,미국,미국,True
TEST_07569,A6_C8_2019_2025,기타 독일차,기타 독일차,True
TEST_07570,QX60_2016_2018,일본/프랑스,일본/프랑스,True
TEST_07571,콰트로포르테_2017_2022,유럽 프리미엄,유럽 프리미엄,True
TEST_07572,K5_2세대_2016_2018,기아,기아,True
TEST_07573,X7_G07_2023_2025,BMW,BMW,True
TEST_07574,액티언_2세대_2025,기타,기타,True
TEST_07575,더_뉴_맥스크루즈_2016_2018,현대,현대,True
TEST_07576,3시리즈_G20_2019_2022,BMW,BMW,True
TEST_07577,더_뉴_쏘렌토_4세대_2024_2025,기아,기아,True
TEST_07578,XE_2016_2019,유럽 프리미엄,유럽 프리미엄,True
TEST_07579,G80_2017_2020,제네시스,제네시스,True
TEST_07580,팰리세이드_LX3_2025,현대,현대,True
TEST_07581,V40_2015_2018,유럽 프리미엄,유럽 프리미엄,True
TEST_07582,디_올뉴코나_2023_2025,현대,현대,True
TEST_07583,7시리즈_G70_2023_2025,BMW,BMW,True
TEST_07584,올_뉴_렉스턴_2021_2025,기타,기타,True
TEST_07585,모하비_더_마스터_2020_2024,기아,기아,True
TEST_07586,카니발_4세대_2021,기아,기아,True
TEST_07587,컨티넨탈_GT_2세대_2012_2017,유럽 프리미엄,유럽 프리미엄,True
TEST_07588,iX_2022_2024,BMW,BMW,True
TEST_07589,C_클래스_W205_2015_2021,벤츠,벤츠,True
TEST_07590,S60_3세대_2020_2024,유럽 프리미엄,유럽 프리미엄,True
TEST_07591,트레일블레이저_2023,미국,미국,True
TEST_07592,뉴_G80_2025_2026,제네시스,제네시스,True
TEST_07593,iX_2022_2024,BMW,BMW,True
TEST_07594,CLS_클래스_W218_2012_2017,벤츠,벤츠,True
TEST_07595,EQA_H243_2021_2024,벤츠,벤츠,True
TEST_07596,더_뉴_모하비_2017_2019,기아,기아,True
TEST_07597,렉스턴_스포츠_2018_2021,기타,기타,True
TEST_07598,1시리즈_F40_2020_2024,BMW,BMW,True
TEST_07599,EQ900_2016_2018,제네시스,제네시스,True
TEST_07600,쏘나타_뉴_라이즈_2018_2019,현대,현대,True
TEST_07601,아반떼_N_2022_2023,현대,현대,True
TEST_07602,911_992_2020_2024,기타 독일차,기타 독일차,True
TEST_07603,GLS_클래스_X167_2020_2024,벤츠,벤츠,True
TEST_07604,싼타페_MX5_2024_2025,현대,현대,True
TEST_07605,르반떼_2017_2022,유럽 프리미엄,유럽 프리미엄,True
TEST_07606,K7_프리미어_2020_2021,기아,기아,True
TEST_07607,모델_Y_2021_2025,미국,미국,True
TEST_07608,뉴쏘렌토_R_2013_2014,기아,기아,True
TEST_07609,5시리즈_GT_F07_2010_2017,BMW,BMW,True
TEST_07610,모델_Y_2021_2025,미국,미국,True
TEST_07611,EQ900_2016_2018,제네시스,제네시스,True
TEST_07612,싼타페_MX5_2024_2025,현대,현대,True
TEST_07613,뉴_QM5_2012_2014,일본/프랑스,일본/프랑스,True
TEST_07614,EQA_H243_2021_2024,벤츠,벤츠,True
TEST_07615,파일럿_3세대_2016_2018,일본/프랑스,일본/프랑스,True
TEST_07616,더_뉴_니로_2020_2022,기아,기아,True
TEST_07617,트래버스_2020_2023,미국,미국,True
TEST_07618,모델_3_2019_2022,미국,미국,True
TEST_07619,스팅어_마이스터_2021_2023,기아,기아,True
TEST_07620,더_뉴_K9_2세대_2022_2025,기아,기아,True
TEST_07621,알티마_2017_2018,일본/프랑스,일본/프랑스,True
TEST_07622,트랙스_크로스오버_2024_2025,미국,미국,True
TEST_07623,K5_3세대_하이브리드_2020_2022,기아,기아,True
TEST_07624,스타리아_2022_2025,현대,현대,True
TEST_07625,디_올뉴코나_2023_2025,현대,현대,True
TEST_07626,카니발_4세대_2021,기아,기아,True
TEST_07627,아이오닉_하이브리드_2016_2019,현대,현대,True
TEST_07628,디스커버리_5_2022_2024,유럽 프리미엄,유럽 프리미엄,True
TEST_07629,XE_2016_2019,유럽 프리미엄,유럽 프리미엄,True
TEST_07630,CLS_클래스_C257_2019_2023,벤츠,벤츠,True
TEST_07631,X3_G01_2022_2024,BMW,BMW,True
TEST_07632,7시리즈_G11_2019_2022,BMW,BMW,True
TEST_07633,718_카이맨_2017_2024,기타 독일차,기타 독일차,True
TEST_07634,뉴_티구안_2012_2016,기타 독일차,기타 독일차,True
TEST_07635,콰트로포르테_2017_2022,유럽 프리미엄,유럽 프리미엄,True
TEST_07636,EQE_V295_2022_2024,벤츠,벤츠,True
TEST_07637,K5_3세대_하이브리드_2020_2022,기아,기아,True
TEST_07638,1시리즈_F40_2020_2024,BMW,BMW,True
TEST_07639,SM6_2016_2020,일본/프랑스,일본/프랑스,True
TEST_07640,올_뉴_투싼_TL_2019_2020,현대,현대,True
TEST_07641,레인지로버_4세대_2018_2022,유럽 프리미엄,유럽 프리미엄,True
TEST_07642,컨티넨탈_10세대_2017_2019,미국,미국,True
TEST_07643,랭글러_JK_2009_2017,미국,미국,True
TEST_07644,올_뉴_K7_하이브리드_2017_2019,기아,기아,True
TEST_07645,랭글러_JK_2009_2017,미국,미국,True
TEST_07646,디_올뉴니로EV_2023_2024,기아,기아,True
TEST_07647,GLC_클래스_X253_2023,벤츠,벤츠,True
TEST_07648,골프_7세대_2013_2016,기타 독일차,기타 독일차,True
TEST_07649,더_뉴_레이_2018_2022,기아,기아,True
TEST_07650,그랜저_HG_2015_2017,현대,현대,True
TEST_07651,코나_2018_2020,현대,현대,True
TEST_07652,티구안_올스페이스_2018_2023,기타 독일차,기타 독일차,True
TEST_07653,GV70_2021_2023,제네시스,제네시스,True
TEST_07654,뉴_A6_2015_2018,기타 독일차,기타 독일차,True
TEST_07655,레인지로버_이보크_2세대_2020_2022,유럽 프리미엄,유럽 프리미엄,True
TEST_07656,더_뉴_트랙스_2017_2022,미국,미국,True
TEST_07657,더_뉴_레이_2018_2022,기아,기아,True
TEST_07658,뉴_QM5_2012_2014,일본/프랑스,일본/프랑스,True
TEST_07659,3시리즈_E90_2005_2012,BMW,BMW,True
TEST_07660,E_클래스_W213_2017_2020,벤츠,벤츠,True
TEST_07661,e_트론_2020_2023,기타 독일차,기타 독일차,True
TEST_07662,2시리즈_액티브_투어러_F45_2019_2021,BMW,BMW,True
TEST_07663,SM7_노바_2015_2019,일본/프랑스,일본/프랑스,True
TEST_07664,쿠퍼_컨트리맨_2012_2015,기타 독일차,기타 독일차,True
TEST_07665,A4_B9_2020_2024,기타 독일차,기타 독일차,True
TEST_07666,XC60_2세대_2022_2025,유럽 프리미엄,유럽 프리미엄,True
TEST_07667,그랜드_체로키_2014_2020,미국,미국,True
TEST_07668,익스플로러_6세대_2020_2025,미국,미국,True
TEST_07669,XC60_2세대_2022_2025,유럽 프리미엄,유럽 프리미엄,True
TEST_07670,에비에이터_2세대_2020_2025,미국,미국,True
TEST_07671,X6_G06_2020_2023,BMW,BMW,True
TEST_07672,컨티넨탈_GT_2세대_2012_2017,유럽 프리미엄,유럽 프리미엄,True
TEST_07673,모델_Y_2021_2025,미국,미국,True
TEST_07674,GLS_클래스_X167_2020_2024,벤츠,벤츠,True
TEST_07675,코나_SX2_2023_2025,현대,현대,True
TEST_07676,C_클래스_W206_2022_2024,벤츠,벤츠,True
TEST_07677,뉴_ES300h_2013_2015,일본/프랑스,일본/프랑스,True
TEST_07678,e_트론_2020_2023,기타 독일차,기타 독일차,True
TEST_07679,파나메라_2010_2016,기타 독일차,기타 독일차,True
TEST_07680,에쿠스_신형_2010_2015,현대,현대,True
TEST_07681,디_올_뉴_스포티지_2022_2024,기아,기아,True
TEST_07682,액티언_2세대_2025,기타,기타,True
TEST_07683,티볼리_아머_2018_2019,기타,기타,True
TEST_07684,디_올_뉴_니로_2022_2025,기아,기아,True
TEST_07685,3시리즈_G20_2023_2025,BMW,BMW,True
TEST_07686,XM3_2024,일본/프랑스,일본/프랑스,True
TEST_07687,G80_2017_2020,제네시스,제네시스,True
TEST_07688,1시리즈_F20_2016_2019,BMW,BMW,True
TEST_07689,GLC_클래스_X253_2023,벤츠,벤츠,True
TEST_07690,디스커버리_5_2017_2020,유럽 프리미엄,유럽 프리미엄,True
TEST_07691,뉴_티구안_2012_2016,기타 독일차,기타 독일차,True
TEST_07692,콰트로포르테_2017_2022,유럽 프리미엄,유럽 프리미엄,True
TEST_07693,코나_2018_2020,현대,현대,True
TEST_07694,Q3_F3_2020_2024,기타 독일차,기타 독일차,True
TEST_07695,i4_2022_2024,BMW,BMW,True
TEST_07696,M2_F87_2016_2021,BMW,BMW,True
TEST_07697,RAV4_5세대_2019_2024,일본/프랑스,일본/프랑스,True
TEST_07698,엑센트_신형_2011_2019,현대,현대,True
TEST_07699,올_뉴_K7_하이브리드_2017_2019,기아,기아,True
TEST_07700,Q3_F3_2020_2024,기타 독일차,기타 독일차,True
TEST_07701,토레스_2023_2025,기타,기타,True
TEST_07702,더_뉴_쏘렌토_4세대_2024_2025,기아,기아,True
TEST_07703,기블리_2014_2023,유럽 프리미엄,유럽 프리미엄,True
TEST_07704,S90_2017_2020,유럽 프리미엄,유럽 프리미엄,True
TEST_07705,디스커버리_5_2022_2024,유럽 프리미엄,유럽 프리미엄,True
TEST_07706,2008_2015_2017,기타,기타,True
TEST_07707,마칸_2014_2018,기타 독일차,기타 독일차,True
TEST_07708,Q3_F3_2020_2024,기타 독일차,기타 독일차,True
TEST_07709,더_뉴_코나_2021_2023,현대,현대,True
TEST_07710,Q50_2014_2017,BMW,일본/프랑스,False
TEST_07711,컨티넨탈_10세대_2017_2019,미국,미국,True
TEST_07712,GLA_클래스_H247_2020_2025,벤츠,벤츠,True
TEST_07713,카이엔_PO536_2019_2023,기타 독일차,기타 독일차,True
TEST_07714,에쿠스_신형_2010_2015,현대,현대,True
TEST_07715,2시리즈_그란쿠페_F44_2020_2024,BMW,BMW,True
TEST_07716,S90_2021_2025,유럽 프리미엄,유럽 프리미엄,True
TEST_07717,6시리즈_GT_G32_2021_2024,BMW,BMW,True
TEST_07718,머스탱_2015_2023,미국,미국,True
TEST_07719,그랜드카니발_2006_2010,기아,기아,True
TEST_07720,S_클래스_W222_2014_2020,벤츠,벤츠,True
TEST_07721,A7_2012_2016,기타 독일차,기타 독일차,True
TEST_07722,레인지로버_4세대_2014_2017,유럽 프리미엄,유럽 프리미엄,True
TEST_07723,XC60_2세대_2018_2021,유럽 프리미엄,유럽 프리미엄,True
TEST_07724,더_뉴_모하비_2017_2019,기아,기아,True
TEST_07725,투싼_NX4_2021_2023,현대,현대,True
TEST_07726,티볼리_2015_2018,기타,기타,True
TEST_07727,M5_F90_2018_2023,BMW,BMW,True
TEST_07728,라브4_4세대_2013_2018,일본/프랑스,일본/프랑스,True
TEST_07729,모델_3_2024_2025,미국,미국,True
TEST_07730,XC40_2019_2022,유럽 프리미엄,유럽 프리미엄,True
TEST_07731,더_뉴_파사트_2012_2019,기타 독일차,기타 독일차,True
TEST_07732,팰리세이드_LX3_2025,현대,현대,True
TEST_07733,더_뉴_팰리세이드_2023_2024,현대,현대,True
TEST_07734,스타리아_2022_2025,현대,현대,True
TEST_07735,K8_2022_2024,기아,기아,True
TEST_07736,4시리즈_F32_2014_2020,BMW,BMW,True
TEST_07737,레니게이드_2015_2017,미국,미국,True
TEST_07738,디_올_뉴_니로_2022_2025,기아,기아,True
TEST_07739,S_클래스_W222_2014_2020,벤츠,벤츠,True
TEST_07740,더_뉴_코나_2021_2023,현대,현대,True
TEST_07741,팰리세이드_LX3_2025,현대,현대,True
TEST_07742,GLE_클래스_W167_2019_2024,벤츠,벤츠,True
TEST_07743,X3_G01_2018_2021,BMW,BMW,True
TEST_07744,더_뉴_아반떼_AD_2019_2020,일본/프랑스,현대,False
TEST_07745,GLS_클래스_X166_2017_2019,벤츠,벤츠,True
TEST_07746,5008_2세대_2021_2024,기타,기타,True
TEST_07747,투싼_NX4_2021_2023,현대,현대,True
TEST_07748,X5_F15_2014_2018,BMW,BMW,True
TEST_07749,XM3_2024,일본/프랑스,일본/프랑스,True
TEST_07750,디스커버리_스포츠_2015_2019,유럽 프리미엄,유럽 프리미엄,True
TEST_07751,디_올뉴싼타페_2024_2025,현대,현대,True
TEST_07752,코세어_2020_2022,미국,미국,True
TEST_07753,GLA_클래스_H247_2020_2025,벤츠,벤츠,True
TEST_07754,더_넥스트_스파크_2016_2018,미국,미국,True
TEST_07755,더_뉴_K3_2016_2018,기아,기아,True
TEST_07756,모하비_더_마스터_2020_2024,기아,기아,True
TEST_07757,A4_B9_2020_2024,기타 독일차,기타 독일차,True
TEST_07758,4시리즈_G22_2021_2023,BMW,BMW,True
TEST_07759,XM3_2020_2023,일본/프랑스,일본/프랑스,True
TEST_07760,임팔라_2016_2019,미국,미국,True
TEST_07761,트레일블레이저_2023,미국,미국,True
TEST_07762,모델_Y_2021_2025,미국,미국,True
TEST_07763,쏘나타_뉴_라이즈_2018_2019,현대,현대,True
TEST_07764,스팅어_마이스터_2021_2023,기아,기아,True
TEST_07765,C_클래스_W204_2008_2015,벤츠,벤츠,True
TEST_07766,뉴_G80_2025_2026,제네시스,제네시스,True
TEST_07767,YF쏘나타_2009_2012,현대,현대,True
TEST_07768,뉴QM3_2018_2019,일본/프랑스,일본/프랑스,True
TEST_07769,E_클래스_W214_2024_2025,벤츠,벤츠,True
TEST_07770,A_클래스_W177_2020_2025,벤츠,벤츠,True
TEST_07771,타이칸_2021_2025,기타 독일차,기타 독일차,True
TEST_07772,아이오닉5_2022_2023,현대,현대,True
TEST_07773,스타리아_2022_2025,현대,현대,True
TEST_07774,액티언_2세대_2025,기타,기타,True
TEST_07775,더_뉴_K5_2세대_2019_2020,기아,기아,True
TEST_07776,타이칸_2021_2025,기타 독일차,기타 독일차,True
TEST_07777,XJ_8세대_2010_2019,유럽 프리미엄,유럽 프리미엄,True
TEST_07778,YF쏘나타_하이브리드_2011_2015,현대,현대,True
TEST_07779,M5_F90_2018_2023,BMW,BMW,True
TEST_07780,뉴_SM5_임프레션_2008_2010,일본/프랑스,일본/프랑스,True
TEST_07781,1시리즈_F40_2020_2024,BMW,BMW,True
TEST_07782,코세어_2020_2022,미국,미국,True
TEST_07783,프리우스_4세대_2019_2022,일본/프랑스,일본/프랑스,True
TEST_07784,SM6_2016_2020,일본/프랑스,일본/프랑스,True
TEST_07785,레인지로버_이보크_2세대_2020_2022,유럽 프리미엄,유럽 프리미엄,True
TEST_07786,New_XF_2012_2015,유럽 프리미엄,유럽 프리미엄,True
TEST_07787,컨티넨탈_10세대_2017_2019,미국,미국,True
TEST_07788,팰리세이드_2019_2022,현대,현대,True
TEST_07789,더_뉴_카니발_4세대_2024_2025,기아,기아,True
TEST_07790,더_뉴_그랜드_스타렉스_2018_2021,현대,현대,True
TEST_07791,더_뉴_K5_2세대_2019_2020,기아,기아,True
TEST_07792,6시리즈_F12_2011_2018,BMW,BMW,True
TEST_07793,티구안_올스페이스_2018_2023,기타 독일차,기타 독일차,True
TEST_07794,Q7_4M_2016_2019,기타 독일차,기타 독일차,True
TEST_07795,디스커버리_4_2010_2016,현대,유럽 프리미엄,False
TEST_07796,컴패스_2세대_2018_2022,미국,미국,True
TEST_07797,A8_D5_2018_2023,기타 독일차,기타 독일차,True
TEST_07798,셀토스_2020_2023,기아,기아,True
TEST_07799,디스커버리_스포츠_2015_2019,유럽 프리미엄,유럽 프리미엄,True
TEST_07800,셀토스_2020_2023,기아,기아,True
TEST_07801,718_박스터_2017_2024,기타 독일차,기타 독일차,True
TEST_07802,A8_D5_2018_2023,기타 독일차,기타 독일차,True
TEST_07803,레니게이드_2019_2023,미국,미국,True
TEST_07804,6시리즈_GT_G32_2018_2020,BMW,BMW,True
TEST_07805,디_올뉴그랜저_2023_2025,현대,현대,True
TEST_07806,엑센트_신형_2011_2019,현대,현대,True
TEST_07807,E_클래스_W213_2017_2020,벤츠,벤츠,True
TEST_07808,레인지로버_이보크_2세대_2020_2022,유럽 프리미엄,유럽 프리미엄,True
TEST_07809,더_뉴_K3_2016_2018,기아,기아,True
TEST_07810,K5_3세대_2020_2023,기아,기아,True
TEST_07811,에스컬레이드_5세대_2021_2024,미국,미국,True
TEST_07812,티볼리_에어_2021_2022,기타,기타,True
TEST_07813,티구안_올스페이스_2018_2023,기타 독일차,기타 독일차,True
TEST_07814,5시리즈_GT_F07_2010_2017,BMW,BMW,True
TEST_07815,K5_하이브리드_3세대_2020_2023,기아,기아,True
TEST_07816,컨티넨탈_GT_3세대_2018_2023,유럽 프리미엄,유럽 프리미엄,True
TEST_07817,체로키_KL_2019_2023,미국,미국,True
TEST_07818,올_뉴_모닝_JA_2017_2020,기아,기아,True
TEST_07819,YF쏘나타_2009_2012,현대,현대,True
TEST_07820,G_클래스_W463_2009_2017,벤츠,벤츠,True
TEST_07821,파나메라_2010_2016,기타 독일차,기타 독일차,True
TEST_07822,GV80_2020_2022,제네시스,제네시스,True
TEST_07823,그랜드_스타렉스_2016_2018,현대,현대,True
TEST_07824,올_뉴_투싼_TL_2016_2018,현대,현대,True
TEST_07825,A5_F5_2019_2024,기타 독일차,기타 독일차,True
TEST_07826,2시리즈_그란쿠페_F44_2020_2024,BMW,BMW,True
TEST_07827,올_뉴_K3_2019_2021,기아,기아,True
TEST_07828,7시리즈_G11_2019_2022,BMW,BMW,True
TEST_07829,투싼_NX4_2021_2023,현대,현대,True
TEST_07830,더_뉴_니로_2020_2022,기아,기아,True
TEST_07831,아베오_2012_2016,미국,미국,True
TEST_07832,Q8_4M_2020_2025,기타 독일차,기타 독일차,True
TEST_07833,CLA_클래스_C118_2020_2025,벤츠,벤츠,True
TEST_07834,더_뉴_카니발_2019_2020,기아,기아,True
TEST_07835,7시리즈_F01_2009_2015,BMW,BMW,True
TEST_07836,XC60_2세대_2022_2025,유럽 프리미엄,유럽 프리미엄,True
TEST_07837,뉴_QM6_2021_2023,일본/프랑스,일본/프랑스,True
TEST_07838,2008_2015_2017,기타,기타,True
TEST_07839,올_뉴_투싼_TL_2016_2018,현대,현대,True
TEST_07840,레이_2012_2017,기아,기아,True
TEST_07841,EQ900_2016_2018,제네시스,제네시스,True
TEST_07842,파나메라_971_2017_2023,기타 독일차,기타 독일차,True
TEST_07843,Q50_2014_2017,일본/프랑스,일본/프랑스,True
TEST_07844,아이오닉5_2022_2023,현대,현대,True
TEST_07845,5시리즈_F10_2010_2016,BMW,BMW,True
TEST_07846,뉴_SM5_임프레션_2008_2010,일본/프랑스,일본/프랑스,True
TEST_07847,더_뉴_렉스턴_스포츠_칸_2021_2025,기타,기타,True
TEST_07848,에비에이터_2세대_2020_2025,미국,미국,True
TEST_07849,4시리즈_F32_2014_2020,BMW,BMW,True
TEST_07850,프리우스_C_2018_2020,일본/프랑스,일본/프랑스,True
TEST_07851,LF_쏘나타_2015_2017,현대,현대,True
TEST_07852,더_뉴_레이_2018_2022,기아,기아,True
TEST_07853,디_올뉴싼타페_2024_2025,현대,현대,True
TEST_07854,에스컬레이드_2015_2020,미국,미국,True
TEST_07855,ES300h_7세대_2019_2026,일본/프랑스,일본/프랑스,True
TEST_07856,RAV4_5세대_2019_2024,일본/프랑스,일본/프랑스,True
TEST_07857,티볼리_아머_2018_2019,기타,기타,True
TEST_07858,Q8_4M_2020_2025,기타 독일차,기타 독일차,True
TEST_07859,엑센트_신형_2011_2019,기타 독일차,현대,False
TEST_07860,S_클래스_W223_2021_2025,벤츠,벤츠,True
TEST_07861,베리_뉴_티볼리_2020_2023,기타,기타,True
TEST_07862,레인지로버_스포츠_2세대_2018_2022,유럽 프리미엄,유럽 프리미엄,True
TEST_07863,K5_3세대_하이브리드_2020_2022,기아,기아,True
TEST_07864,더_뉴_G70_2021_2025,제네시스,제네시스,True
TEST_07865,XC40_2019_2022,유럽 프리미엄,유럽 프리미엄,True
TEST_07866,더_뉴_모하비_2017_2019,기아,기아,True
TEST_07867,뷰티풀_코란도_2019_2024,기타,기타,True
TEST_07868,4시리즈_G22_2024_2025,BMW,BMW,True
TEST_07869,에비에이터_2세대_2020_2025,미국,미국,True
TEST_07870,CLE_클래스_C236_2024_2025,벤츠,벤츠,True
TEST_07871,X1_F48_2020_2022,BMW,BMW,True
TEST_07872,콰트로포르테_2017_2022,유럽 프리미엄,유럽 프리미엄,True
TEST_07873,A6_C8_2019_2025,기타 독일차,기타 독일차,True
TEST_07874,X3_G01_2022_2024,BMW,BMW,True
TEST_07875,더_뉴_코나_2021_2023,현대,현대,True
TEST_07876,6시리즈_GT_G32_2021_2024,BMW,BMW,True
TEST_07877,그랜저_HG_2015_2017,현대,현대,True
TEST_07878,더_뉴_렉스턴_스포츠_칸_2021_2025,기타,기타,True
TEST_07879,GV80_2020_2022,제네시스,제네시스,True
TEST_07880,뉴_SM5_플래티넘_2013_2014,일본/프랑스,일본/프랑스,True
TEST_07881,X4_G02_2019_2021,BMW,BMW,True
TEST_07882,모닝_어반_JA_2021_2023,기아,기아,True
TEST_07883,XC90_2세대_2020_2025,유럽 프리미엄,유럽 프리미엄,True
TEST_07884,CLS_클래스_W218_2012_2017,벤츠,벤츠,True
TEST_07885,Q5_FY_2021_2024,기타 독일차,기타 독일차,True
TEST_07886,싼타페_MX5_2024_2025,현대,현대,True
TEST_07887,더_뉴_아이오닉_하이브리드_2020,현대,현대,True
TEST_07888,아테온_2018_2023,기타 독일차,기타 독일차,True
TEST_07889,S_클래스_W221_2006_2013,벤츠,벤츠,True
TEST_07890,EV6_2022_2024,기아,기아,True
TEST_07891,XM3_2020_2023,일본/프랑스,일본/프랑스,True
TEST_07892,올_뉴_투싼_TL_2019_2020,현대,현대,True
TEST_07893,디스커버리_5_2022_2024,유럽 프리미엄,유럽 프리미엄,True
TEST_07894,S_클래스_W221_2006_2013,벤츠,벤츠,True
TEST_07895,XE_2016_2019,유럽 프리미엄,유럽 프리미엄,True
TEST_07896,아반떼_하이브리드_CN7_2021_2023,현대,현대,True
TEST_07897,더_뉴_코란도_스포츠_2016_2018,기타,기타,True
TEST_07898,더_뉴_셀토스_2023_2025,기아,기아,True
TEST_07899,그랜드_체로키_2014_2020,미국,미국,True
TEST_07900,카니발_4세대_2022_2023,기아,기아,True
TEST_07901,EQS_V297_2022_2023,벤츠,벤츠,True
TEST_07902,레인지로버_5세대_2023_2024,유럽 프리미엄,유럽 프리미엄,True
TEST_07903,EQE_V295_2022_2024,벤츠,벤츠,True
TEST_07904,G90_2019_2022,제네시스,제네시스,True
TEST_07905,S_클래스_W221_2006_2013,벤츠,벤츠,True
TEST_07906,뉴_QM5_2012_2014,일본/프랑스,일본/프랑스,True
TEST_07907,더_뉴_모닝_JA_2024_2025,기아,기아,True
TEST_07908,뉴_카이엔_2011_2018,기타 독일차,기타 독일차,True
TEST_07909,레인지로버_이보크_2세대_2020_2022,유럽 프리미엄,유럽 프리미엄,True
TEST_07910,베리_뉴_티볼리_2020_2023,기타,기타,True
TEST_07911,베리_뉴_티볼리_2020_2023,기타,기타,True
TEST_07912,마칸_2019_2021,기타 독일차,기타 독일차,True
TEST_07913,더_뉴_모닝_2015_2016,기아,기아,True
TEST_07914,쏘나타_뉴_라이즈_2018_2019,현대,현대,True
TEST_07915,C_클래스_W206_2022_2024,벤츠,벤츠,True
TEST_07916,GV80_2020_2022,제네시스,제네시스,True
TEST_07917,몬데오_4세대_2015_2020,미국,미국,True
TEST_07918,S_클래스_W222_2014_2020,벤츠,벤츠,True
TEST_07919,아반떼_N_2022_2023,현대,현대,True
TEST_07920,XF_X260_2016_2020,유럽 프리미엄,유럽 프리미엄,True
TEST_07921,스파크_2012_2015,미국,미국,True
TEST_07922,디_올뉴싼타페_2024_2025,현대,현대,True
TEST_07923,아이오닉6_2023_2025,현대,현대,True
TEST_07924,뉴_GV80_2024_2025,제네시스,제네시스,True
TEST_07925,올_뉴_K7_2016_2019,기아,기아,True
TEST_07926,6시리즈_GT_G32_2021_2024,BMW,BMW,True
TEST_07927,1시리즈_F40_2020_2024,BMW,BMW,True
TEST_07928,더_뉴_K5_3세대_2024_2025,기아,기아,True
TEST_07929,K3_2013_2015,기아,기아,True
TEST_07930,XC60_2세대_2018_2021,유럽 프리미엄,유럽 프리미엄,True
TEST_07931,더_뉴_싼타페_2021_2023,현대,현대,True
TEST_07932,Q3_F3_2020_2024,기타 독일차,기타 독일차,True
TEST_07933,랭글러_JL_2018_2024,미국,미국,True
TEST_07934,K3_2013_2015,기아,기아,True
TEST_07935,팰리세이드_LX3_2025,현대,현대,True
TEST_07936,스포티지_4세대_2016_2018,기아,기아,True
TEST_07937,XC60_2세대_2018_2021,유럽 프리미엄,유럽 프리미엄,True
TEST_07938,XC90_2세대_2017_2019,유럽 프리미엄,유럽 프리미엄,True
TEST_07939,쿠퍼_컨트리맨_2012_2015,기타 독일차,기타 독일차,True
TEST_07940,스포티지_더_볼드_2019_2022,기아,기아,True
TEST_07941,투아렉_3세대_2020_2023,기타 독일차,기타 독일차,True
TEST_07942,더_넥스트_스파크_2016_2018,미국,미국,True
TEST_07943,4시리즈_F32_2014_2020,BMW,BMW,True
TEST_07944,Q3_F3_2020_2024,기타 독일차,기타 독일차,True
TEST_07945,i4_2022_2024,BMW,BMW,True
TEST_07946,더_넥스트_스파크_2016_2018,미국,미국,True
TEST_07947,스파크_2012_2015,미국,미국,True
TEST_07948,더_뉴_코나_2021_2023,현대,현대,True
TEST_07949,스포티지_4세대_2016_2018,기아,기아,True
TEST_07950,더_뉴_K7_2013_2016,기아,기아,True
TEST_07951,골프_7세대_2013_2016,기타 독일차,기타 독일차,True
TEST_07952,투싼_NX4_2021_2023,현대,현대,True
TEST_07953,컨티넨탈_10세대_2017_2019,미국,미국,True
TEST_07954,뉴_ES300h_2016_2018,일본/프랑스,일본/프랑스,True
TEST_07955,몬데오_4세대_2015_2020,미국,미국,True
TEST_07956,CLA_클래스_C117_2014_2019,벤츠,벤츠,True
TEST_07957,A_클래스_W176_2015_2018,벤츠,벤츠,True
TEST_07958,RAV4_2016_2018,일본/프랑스,일본/프랑스,True
TEST_07959,더_뉴_싼타페_2021_2023,현대,현대,True
TEST_07960,마칸_2022_2024,기타 독일차,기타 독일차,True
TEST_07961,디_올뉴싼타페_2024_2025,현대,현대,True
TEST_07962,3시리즈_F30_2013_2018,BMW,BMW,True
TEST_07963,라브4_5세대_2019_2024,일본/프랑스,일본/프랑스,True
TEST_07964,더_뉴_모닝_2015_2016,기아,기아,True
TEST_07965,7시리즈_F01_2009_2015,BMW,BMW,True
TEST_07966,글래디에이터_JT_2020_2023,미국,미국,True
TEST_07967,K8_2022_2024,기아,기아,True
TEST_07968,뷰티풀_코란도_2019_2024,기타,기타,True
TEST_07969,스팅어_마이스터_2021_2023,기아,기아,True
TEST_07970,모델_3_2024_2025,미국,미국,True
TEST_07971,E_PACE_2018_2020,유럽 프리미엄,유럽 프리미엄,True
TEST_07972,더_올뉴G80_2021_2024,현대,현대,True
TEST_07973,라브4_5세대_2019_2024,일본/프랑스,일본/프랑스,True
TEST_07974,머스탱_2015_2023,미국,미국,True
TEST_07975,넥쏘_2018_2024,현대,현대,True
TEST_07976,A6_C8_2019_2025,기타 독일차,기타 독일차,True
TEST_07977,더_뉴_쏘렌토_2018_2020,기아,기아,True
TEST_07978,더_뉴_렉스턴_스포츠_2021_2025,기타,기타,True
TEST_07979,GLE_클래스_W167_2019_2024,벤츠,벤츠,True
TEST_07980,프리우스_4세대_2016_2018,일본/프랑스,일본/프랑스,True
TEST_07981,올_뉴_렉스턴_2021_2025,기타,기타,True
TEST_07982,트레일블레이저_2021_2022,미국,미국,True
TEST_07983,더_뉴_모닝_JA_2024_2025,기아,기아,True
TEST_07984,K3_2013_2015,기아,기아,True
TEST_07985,K5_3세대_2020_2023,기아,기아,True
TEST_07986,G90_2019_2022,제네시스,제네시스,True
TEST_07987,All_New_XJ_2016_2019,유럽 프리미엄,유럽 프리미엄,True
TEST_07988,쏘나타_DN8_2020_2023,현대,현대,True
TEST_07989,디_올_뉴_스포티지_2022_2024,기아,기아,True
TEST_07990,레인지로버_스포츠_2세대_2018_2022,유럽 프리미엄,유럽 프리미엄,True
TEST_07991,더_뉴_K7_2013_2016,기아,기아,True
TEST_07992,CLE_클래스_C236_2024_2025,벤츠,벤츠,True
TEST_07993,카니발_4세대_2021,기아,기아,True
TEST_07994,랭글러_JL_2018_2024,미국,미국,True
TEST_07995,레인지로버_4세대_2018_2022,유럽 프리미엄,유럽 프리미엄,True
TEST_07996,All_New_XJ_2016_2019,유럽 프리미엄,유럽 프리미엄,True
TEST_07997,디_올뉴코나_2023_2025,현대,현대,True
TEST_07998,6시리즈_F12_2011_2018,BMW,BMW,True
TEST_07999,에스컬레이드_5세대_2021_2024,미국,미국,True
TEST_08000,7시리즈_G11_2016_2018,BMW,BMW,True
TEST_08001,Q5_FY_2020,기타 독일차,기타 독일차,True
TEST_08002,G4_렉스턴_2018_2020,기타,기타,True
TEST_08003,GLC_클래스_X253_2020_2022,벤츠,벤츠,True
TEST_08004,일렉트리파이드_GV70_2022_2024,제네시스,제네시스,True
TEST_08005,Q5_FY_2020,기타 독일차,기타 독일차,True
TEST_08006,마칸_2022_2024,기타 독일차,기타 독일차,True
TEST_08007,E_PACE_2018_2020,유럽 프리미엄,유럽 프리미엄,True
TEST_08008,E_클래스_W213_2017_2020,벤츠,벤츠,True
TEST_08009,에비에이터_2세대_2020_2025,미국,미국,True
TEST_08010,에쿠스_신형_2010_2015,현대,현대,True
TEST_08011,4시리즈_F32_2014_2020,BMW,BMW,True
TEST_08012,뉴_SM5_플래티넘_2013_2014,일본/프랑스,일본/프랑스,True
TEST_08013,싼타페_MX5_2024_2025,현대,현대,True
TEST_08014,싼타페_MX5_2024_2025,현대,현대,True
TEST_08015,싼타페_TM_2019_2020,현대,현대,True
TEST_08016,카이엔_PO536_2019_2023,기타 독일차,기타 독일차,True
TEST_08017,X1_U11_2023_2024,BMW,BMW,True
TEST_08018,X4_G02_2019_2021,BMW,BMW,True
TEST_08019,GLA_클래스_X156_2015_2019,벤츠,벤츠,True
TEST_08020,더_뉴_모닝_JA_2024_2025,기아,기아,True
TEST_08021,XF_X260_2016_2020,유럽 프리미엄,유럽 프리미엄,True
TEST_08022,더_넥스트_스파크_2016_2018,미국,미국,True
TEST_08023,쏘렌토_4세대_2021_2023,현대,현대,True
TEST_08024,Q7_4M_2020_2023,기타 독일차,기타 독일차,True
TEST_08025,올_뉴_모닝_2012_2015,기아,기아,True
TEST_08026,뉴_QM6_2021_2023,일본/프랑스,일본/프랑스,True
TEST_08027,SM3_네오_2015_2019,일본/프랑스,일본/프랑스,True
TEST_08028,X4_F26_2015_2018,BMW,BMW,True
TEST_08029,레인지로버_벨라_2018_2019,유럽 프리미엄,유럽 프리미엄,True
TEST_08030,S_클래스_W222_2014_2020,벤츠,벤츠,True
TEST_08031,더_뉴_레이_2018_2022,기아,기아,True
TEST_08032,그랜드_체로키_2014_2020,미국,미국,True
TEST_08033,올_뉴_말리부_2017_2018,미국,미국,True
TEST_08034,디_올뉴싼타페_2024_2025,현대,현대,True
TEST_08035,K5_2세대_2016_2018,기아,기아,True
TEST_08036,컨티넨탈_GT_2세대_2012_2017,유럽 프리미엄,유럽 프리미엄,True
TEST_08037,티볼리_아머_2018_2019,기타,기타,True
TEST_08038,2시리즈_액티브_투어러_F45_2019_2021,BMW,BMW,True
TEST_08039,쏘나타_뉴_라이즈_2018_2019,현대,현대,True
TEST_08040,뉴쏘렌토_R_2013_2014,기아,기아,True
TEST_08041,그랑_콜레오스_2025,일본/프랑스,일본/프랑스,True
TEST_08042,기블리_2014_2023,유럽 프리미엄,유럽 프리미엄,True
TEST_08043,911_992_2020_2024,기타 독일차,기타 독일차,True
TEST_08044,더_뉴_아반떼_2014_2016,현대,현대,True
TEST_08045,3시리즈_G20_2019_2022,BMW,BMW,True
TEST_08046,K7_프리미어_하이브리드_2020_2021,기아,기아,True
TEST_08047,더_뉴_싼타페_2021_2023,현대,현대,True
TEST_08048,스팅어_마이스터_2021_2023,기아,기아,True
TEST_08049,파일럿_3세대_2016_2018,일본/프랑스,일본/프랑스,True
TEST_08050,X1_F48_2020_2022,BMW,BMW,True
TEST_08051,쿠퍼_컨트리맨_2016_2024,기타 독일차,기타 독일차,True
TEST_08052,더_기아_레이_EV_2024_2025,기아,기아,True
TEST_08053,2008_2015_2017,기타,기타,True
TEST_08054,Q5_FY_2020,기타 독일차,기타 독일차,True
TEST_08055,A_클래스_W177_2020_2025,벤츠,벤츠,True
TEST_08056,파사트_GT_B8_2018_2022,기타 독일차,기타 독일차,True
TEST_08057,ES300h_7세대_2019_2026,일본/프랑스,일본/프랑스,True
TEST_08058,6시리즈_GT_G32_2021_2024,BMW,BMW,True
TEST_08059,E_클래스_W213_2021_2023,벤츠,벤츠,True
TEST_08060,더_뉴_스파크_2019_2022,미국,미국,True
TEST_08061,컴패스_2세대_2018_2022,미국,미국,True
TEST_08062,7시리즈_G70_2023_2025,BMW,BMW,True
TEST_08063,컨티넨탈_GT_3세대_2018_2023,유럽 프리미엄,유럽 프리미엄,True
TEST_08064,엑센트_신형_2011_2019,현대,현대,True
TEST_08065,아반떼_하이브리드_CN7_2021_2023,현대,현대,True
TEST_08066,파나메라_2010_2016,기타 독일차,기타 독일차,True
TEST_08067,E_클래스_W213_2017_2020,벤츠,벤츠,True
TEST_08068,UX250h_2019_2024,일본/프랑스,일본/프랑스,True
TEST_08069,K5_2세대_2016_2018,기아,기아,True
TEST_08070,GLC_클래스_X253_2020_2022,벤츠,벤츠,True
TEST_08071,더_뉴_K5_3세대_2024_2025,기아,기아,True
TEST_08072,디펜더_L663_2020_2025,유럽 프리미엄,유럽 프리미엄,True
TEST_08073,iX_2022_2024,BMW,BMW,True
TEST_08074,X1_F48_2016_2019,BMW,BMW,True
TEST_08075,뉴_CC_2012_2016,기타 독일차,기타 독일차,True
TEST_08076,더_뉴_카니발_2019_2020,기아,기아,True
TEST_08077,CLA_클래스_C118_2020_2025,벤츠,벤츠,True
TEST_08078,올_뉴_K7_하이브리드_2017_2019,기아,기아,True
TEST_08079,C_클래스_W204_2008_2015,벤츠,벤츠,True
TEST_08080,올_뉴_모닝_JA_2017_2020,기아,기아,True
TEST_08081,3시리즈_E90_2005_2012,BMW,BMW,True
TEST_08082,F_PACE_2017_2019,유럽 프리미엄,유럽 프리미엄,True
TEST_08083,A_클래스_W176_2015_2018,벤츠,벤츠,True
TEST_08084,F_PACE_2017_2019,유럽 프리미엄,유럽 프리미엄,True
TEST_08085,S_클래스_W221_2006_2013,현대,벤츠,False
TEST_08086,디_올뉴그랜저_2023_2025,현대,현대,True
TEST_08087,5008_2세대_2018_2019,기타,기타,True
TEST_08088,디스커버리_5_2017_2020,유럽 프리미엄,유럽 프리미엄,True
TEST_08089,EQE_V295_2022_2024,벤츠,벤츠,True
TEST_08090,올_뉴_투싼_TL_2016_2018,현대,현대,True
TEST_08091,더_뉴_아이오닉_하이브리드_2020,현대,현대,True
TEST_08092,올_뉴_투싼_TL_2019_2020,현대,현대,True
TEST_08093,코나_2018_2020,현대,현대,True
TEST_08094,뉴_티구안_2012_2016,기타 독일차,기타 독일차,True
TEST_08095,뉴쏘렌토_R_2013_2014,기아,기아,True
TEST_08096,AMG_GT_2016_2024,벤츠,벤츠,True
TEST_08097,E_클래스_W213_2017_2020,벤츠,벤츠,True
TEST_08098,레인지로버_스포츠_2세대_2018_2022,유럽 프리미엄,유럽 프리미엄,True
TEST_08099,티볼리_에어_2021_2022,기타,기타,True
TEST_08100,기블리_2014_2023,유럽 프리미엄,유럽 프리미엄,True
TEST_08101,CT6_2016_2018,미국,미국,True
TEST_08102,5008_2세대_2018_2019,기타,기타,True
TEST_08103,박스터_718_2017_2024,기타 독일차,기타 독일차,True
TEST_08104,Q7_4M_2016_2019,기타 독일차,기타 독일차,True
TEST_08105,카니발_4세대_2021,기아,기아,True
TEST_08106,에스컬레이드_5세대_2021_2024,미국,미국,True
TEST_08107,그랜저_GN7_2023_2025,현대,현대,True
TEST_08108,카니발_4세대_2021,기아,기아,True
TEST_08109,디스커버리_5_2017_2020,유럽 프리미엄,유럽 프리미엄,True
TEST_08110,X4_G02_2022_2025,BMW,BMW,True
TEST_08111,아반떼_AD_2016_2018,현대,현대,True
TEST_08112,토레스_2023_2025,기타,기타,True
TEST_08113,XC60_2세대_2022_2025,유럽 프리미엄,유럽 프리미엄,True
TEST_08114,더_뉴_쏘렌토_2018_2020,기아,기아,True
TEST_08115,뉴_A6_2012_2014,기타 독일차,기타 독일차,True
TEST_08116,아이오닉5_2022_2023,현대,현대,True
TEST_08117,쿠퍼_컨트리맨_2012_2015,기타 독일차,기타 독일차,True
TEST_08118,모델_Y_2021_2025,미국,미국,True
TEST_08119,올_뉴_카마로_2017_2018,미국,미국,True
TEST_08120,CLS_클래스_C257_2019_2023,벤츠,벤츠,True
TEST_08121,올_뉴_K3_2019_2021,기아,기아,True
TEST_08122,K8_하이브리드_2022_2024,기아,기아,True
TEST_08123,S90_2021_2025,유럽 프리미엄,유럽 프리미엄,True
TEST_08124,파일럿_3세대_2016_2018,일본/프랑스,일본/프랑스,True
TEST_08125,아슬란_2015_2018,현대,현대,True
TEST_08126,YF쏘나타_하이브리드_2011_2015,현대,현대,True
TEST_08127,더_뉴_아반떼_CN7_2023_2025,현대,현대,True
TEST_08128,더_뉴_코나_2021_2023,현대,현대,True
TEST_08129,X4_F26_2015_2018,BMW,BMW,True
TEST_08130,레인지로버_4세대_2014_2017,유럽 프리미엄,유럽 프리미엄,True
TEST_08131,레인지로버_이보크_2016_2019,유럽 프리미엄,유럽 프리미엄,True
TEST_08132,S_클래스_W223_2021_2025,벤츠,벤츠,True
TEST_08133,911_2003_2019,기타 독일차,기타 독일차,True
TEST_08134,디스커버리_스포츠_2세대_2020_2025,유럽 프리미엄,유럽 프리미엄,True
TEST_08135,LF_쏘나타_2015_2017,현대,현대,True
TEST_08136,아이오닉6_2023_2025,현대,현대,True
TEST_08137,SM7_노바_2015_2019,일본/프랑스,일본/프랑스,True
TEST_08138,올_뉴_카마로_2017_2018,미국,미국,True
TEST_08139,레인지로버_이보크_2016_2019,유럽 프리미엄,유럽 프리미엄,True
TEST_08140,3시리즈_E90_2005_2012,BMW,BMW,True
TEST_08141,더_뉴_파사트_2012_2019,기타 독일차,기타 독일차,True
TEST_08142,K7_프리미어_2020_2021,기아,기아,True
TEST_08143,더_뉴_팰리세이드_2023_2024,현대,현대,True
TEST_08144,6시리즈_GT_G32_2018_2020,BMW,BMW,True
TEST_08145,카이엔_PO536_2019_2023,기타 독일차,기타 독일차,True
TEST_08146,일렉트리파이드_GV70_2022_2024,제네시스,제네시스,True
TEST_08147,G4_렉스턴_2018_2020,기타,기타,True
TEST_08148,A6_C8_2019_2025,기타 독일차,기타 독일차,True
TEST_08149,뉴_A6_2015_2018,기타 독일차,기타 독일차,True
TEST_08150,더_뉴_아반떼_2014_2016,현대,현대,True
TEST_08151,더_뉴스포티지R_2014_2016,기아,기아,True
TEST_08152,트랙스_크로스오버_2024_2025,미국,미국,True
TEST_08153,더_뉴_K5_2세대_2019_2020,기아,기아,True
TEST_08154,더_뉴_렉스턴_스포츠_2021_2025,기타,기타,True
TEST_08155,쏘렌토_4세대_2021_2023,현대,현대,True
TEST_08156,체로키_KL_2019_2023,미국,미국,True
TEST_08157,마칸_2022_2024,기타 독일차,기타 독일차,True
TEST_08158,뉴_카이엔_2011_2018,기타 독일차,기타 독일차,True
TEST_08159,G90_RS4_2022_2025,제네시스,제네시스,True
TEST_08160,X3_G01_2022_2024,BMW,BMW,True
TEST_08161,XC90_2세대_2020_2025,유럽 프리미엄,유럽 프리미엄,True
TEST_08162,G4_렉스턴_2018_2020,기타,기타,True
TEST_08163,더_뉴_G70_2021_2025,제네시스,제네시스,True
TEST_08164,베리_뉴_티볼리_2020_2023,기타,기타,True
TEST_08165,SM3_네오_2015_2019,일본/프랑스,일본/프랑스,True
TEST_08166,B_클래스_W246_2013_2018,벤츠,벤츠,True
TEST_08167,뉴_QM6_2021_2023,일본/프랑스,일본/프랑스,True
TEST_08168,SM7_노바_2015_2019,일본/프랑스,일본/프랑스,True
TEST_08169,벨로스터_JS_2018_2020,현대,현대,True
TEST_08170,더_뉴_그랜드_스타렉스_2018_2021,현대,현대,True
TEST_08171,더_뉴_그랜저_IG_2020_2023,현대,현대,True
TEST_08172,레인지로버_이보크_2세대_2020_2022,유럽 프리미엄,유럽 프리미엄,True
TEST_08173,i4_2022_2024,BMW,BMW,True
TEST_08174,더_뉴_싼타페_2021_2023,현대,현대,True
TEST_08175,뉴_SM5_임프레션_2008_2010,일본/프랑스,일본/프랑스,True
TEST_08176,티볼리_2015_2018,기타,기타,True
TEST_08177,더_뉴_쏘렌토_2018_2020,기아,기아,True
TEST_08178,싼타페_더_프라임_2016_2018,현대,현대,True
TEST_08179,콜로라도_2020_2020,미국,미국,True
TEST_08180,GLS_클래스_X167_2020_2024,벤츠,벤츠,True
TEST_08181,E_클래스_W213_2021_2023,벤츠,벤츠,True
TEST_08182,XJ_8세대_2010_2019,유럽 프리미엄,유럽 프리미엄,True
TEST_08183,쿠퍼_컨트리맨_2016_2024,기타 독일차,기타 독일차,True
TEST_08184,더_뉴스포티지R_2014_2016,기아,기아,True
TEST_08185,더_뉴_G70_2021_2025,제네시스,제네시스,True
TEST_08186,코나_SX2_2023_2025,현대,현대,True
TEST_08187,엑센트_신형_2011_2019,현대,현대,True
TEST_08188,A7_4K_2020_2024,기타 독일차,기타 독일차,True
TEST_08189,파사트_GT_B8_2018_2022,기타 독일차,기타 독일차,True
TEST_08190,i4_2022_2024,BMW,BMW,True
TEST_08191,더_뉴_레이_2018_2022,기아,기아,True
TEST_08192,S_클래스_W221_2006_2013,벤츠,벤츠,True
TEST_08193,7시리즈_G70_2023_2025,BMW,BMW,True
TEST_08194,렉스턴_스포츠_2018_2021,기타,기타,True
TEST_08195,E_클래스_W213_2021_2023,벤츠,벤츠,True
TEST_08196,G90_RS4_2022_2025,제네시스,제네시스,True
TEST_08197,레인지로버_4세대_2018_2022,유럽 프리미엄,유럽 프리미엄,True
TEST_08198,3시리즈_G20_2019_2022,BMW,BMW,True
TEST_08199,더_뉴_K5_2세대_2019_2020,기아,기아,True
TEST_08200,컨티넨탈_10세대_2017_2019,미국,미국,True
TEST_08201,더_올뉴투싼_하이브리드_2021_2023,현대,현대,True
TEST_08202,All_New_XJ_2016_2019,유럽 프리미엄,유럽 프리미엄,True
TEST_08203,올_뉴_모닝_JA_2017_2020,기아,기아,True
TEST_08204,제네시스_DH_2014_2016,제네시스,제네시스,True
TEST_08205,V40_2015_2018,유럽 프리미엄,유럽 프리미엄,True
TEST_08206,그랜저_HG_2011_2014,현대,현대,True
TEST_08207,뉴_티구안_2012_2016,기타 독일차,기타 독일차,True
TEST_08208,i4_2022_2024,BMW,BMW,True
TEST_08209,4시리즈_G22_2024_2025,BMW,BMW,True
TEST_08210,EQS_V297_2022_2023,벤츠,벤츠,True
TEST_08211,LF_쏘나타_2015_2017,현대,현대,True
TEST_08212,타이칸_2021_2025,기타 독일차,기타 독일차,True
TEST_08213,뉴_SM5_임프레션_2008_2010,일본/프랑스,일본/프랑스,True
TEST_08214,디펜더_L663_2020_2025,유럽 프리미엄,유럽 프리미엄,True
TEST_08215,A4_B9_2016_2019,기타 독일차,기타 독일차,True
TEST_08216,CLS_클래스_C257_2019_2023,벤츠,벤츠,True
TEST_08217,EV6_2022_2024,기아,기아,True
TEST_08218,EV9_2024_2025,기아,기아,True
TEST_08219,더_뉴_싼타페_2021_2023,현대,현대,True
TEST_08220,트래버스_2020_2023,미국,미국,True
TEST_08221,XC90_2세대_2017_2019,유럽 프리미엄,유럽 프리미엄,True
TEST_08222,3시리즈_GT_F34_2014_2021,BMW,BMW,True
TEST_08223,그랜저_HG_2015_2017,현대,현대,True
TEST_08224,EQ900_2016_2018,제네시스,제네시스,True
TEST_08225,더_뉴_코란도_스포츠_2016_2018,기타,기타,True
TEST_08226,에쿠스_신형_2010_2015,현대,현대,True
TEST_08227,아반떼_MD_2011_2014,현대,현대,True
TEST_08228,올_뉴_모닝_2012_2015,기아,기아,True
TEST_08229,911_2003_2019,기타 독일차,기타 독일차,True
TEST_08230,더_뉴_G70_2021_2025,제네시스,제네시스,True
TEST_08231,파일럿_3세대_2016_2018,일본/프랑스,일본/프랑스,True
TEST_08232,YF쏘나타_하이브리드_2011_2015,현대,현대,True
TEST_08233,올_뉴_투싼_TL_2019_2020,현대,현대,True
TEST_08234,파사트_GT_B8_2018_2022,기타 독일차,기타 독일차,True
TEST_08235,알티마_2017_2018,일본/프랑스,일본/프랑스,True
TEST_08236,C_클래스_W204_2008_2015,벤츠,벤츠,True
TEST_08237,올_뉴_모닝_JA_2017_2020,기아,기아,True
TEST_08238,올_뉴_말리부_2017_2018,미국,미국,True
TEST_08239,GLE_클래스_W166_2016_2018,벤츠,벤츠,True
TEST_08240,아슬란_2015_2018,현대,현대,True
TEST_08241,3시리즈_F30_2013_2018,BMW,BMW,True
TEST_08242,랭글러_JK_2009_2017,미국,미국,True
TEST_08243,스포티지_더_볼드_2019_2022,기아,기아,True
TEST_08244,아슬란_2015_2018,현대,현대,True
TEST_08245,레인지로버_4세대_2014_2017,유럽 프리미엄,유럽 프리미엄,True
TEST_08246,E_PACE_2018_2020,유럽 프리미엄,유럽 프리미엄,True
TEST_08247,카니발_4세대_2021,기아,기아,True
TEST_08248,5시리즈_G30_2017_2023,BMW,BMW,True
TEST_08249,뉴쏘렌토_R_2013_2014,기아,기아,True
TEST_08250,토레스_2023_2025,기타,기타,True
TEST_08251,트랙스_크로스오버_2024_2025,미국,미국,True
TEST_08252,스포티지_4세대_2016_2018,기아,기아,True
TEST_08253,트래버스_2020_2023,미국,미국,True
TEST_08254,뉴_GV80_2024_2025,제네시스,제네시스,True
TEST_08255,GLE_클래스_W167_2019_2024,벤츠,벤츠,True
TEST_08256,더_뉴스포티지R_2014_2016,기아,기아,True
TEST_08257,랭글러_JK_2009_2017,미국,미국,True
